farmer_id,land_acres,has_land_title,crop,irrigation,yield_index,yield_volatility,herd_size,herd_condition,wallet_months,mobile_inflow_pkr,sells_through_arthi,seasonal_income_pkr,default_12m
F00001,4.9,False,wheat,diesel_tubewell,1.321,0.105,4,2.5,32,50400.0,False,404000.0,False
F00002,2.1,False,wheat,canal,0.985,0.187,3,2.5,34,2600.0,False,165000.0,False
F00003,6.6,False,wheat,solar_pump,1.011,0.144,4,4.0,27,21200.0,True,464000.0,True
F00004,7.5,False,wheat,diesel_tubewell,0.735,0.293,3,1.0,11,22800.0,True,298000.0,True
F00005,1.1,True,wheat,diesel_tubewell,0.903,0.2,4,2.5,10,5800.0,True,132000.0,False
F00006,1.7,False,wheat,rainfed,0.96,0.275,1,3.5,25,12100.0,False,110000.0,False
F00007,4.4,True,banana,canal,0.98,0.17,0,,8,46500.0,False,427000.0,True
F00008,3.3,False,wheat,canal,0.986,0.272,3,2.0,18,29100.0,True,211000.0,True
F00009,4.0,False,cotton,canal,0.785,0.294,2,3.0,25,15900.0,True,248000.0,False
F00010,2.3,False,mango,solar_pump,1.406,0.04,2,4.5,10,34400.0,True,337000.0,False
F00011,7.2,True,wheat,canal,1.553,0.049,3,4.0,3,82400.0,False,654000.0,False
F00012,6.7,True,cotton,solar_pump,1.372,0.145,7,4.0,5,72100.0,False,812000.0,False
F00013,4.2,False,mango,diesel_tubewell,1.308,0.222,5,4.5,25,73500.0,False,632000.0,False
F00014,8.4,False,rice,diesel_tubewell,1.288,0.164,3,4.5,4,55700.0,True,697000.0,False
F00015,5.5,False,wheat,diesel_tubewell,1.403,0.049,6,4.5,29,77200.0,False,607000.0,False
F00016,2.3,True,sugarcane,canal,0.885,0.287,3,4.0,0,0.0,False,283000.0,False
F00017,5.2,True,rice,canal,0.83,0.299,2,2.5,28,8700.0,True,275000.0,True
F00018,2.2,False,cotton,solar_pump,1.429,0.049,1,3.5,23,16100.0,True,227000.0,False
F00019,7.2,False,wheat,canal,0.922,0.281,5,2.5,9,34800.0,True,433000.0,False
F00020,3.9,False,wheat,diesel_tubewell,0.94,0.199,7,3.0,10,34900.0,True,357000.0,False
F00021,3.6,False,mango,rainfed,0.84,0.322,3,2.0,19,29000.0,True,295000.0,False
F00022,2.6,False,wheat,canal,0.972,0.245,1,1.5,21,8200.0,True,138000.0,True
F00023,9.0,False,wheat,canal,0.698,0.327,3,2.5,31,18700.0,False,374000.0,False
F00024,3.7,False,cotton,canal,0.621,0.325,4,2.0,27,29100.0,True,211000.0,True
F00025,3.1,False,banana,canal,1.118,0.283,4,4.0,19,37500.0,True,477000.0,False
F00026,3.2,False,wheat,rainfed,0.68,0.287,3,2.5,0,0.0,True,170000.0,True
F00027,5.7,False,wheat,rainfed,1.092,0.287,4,4.5,34,43000.0,True,458000.0,False
F00028,5.1,False,cotton,canal,0.96,0.327,3,2.5,16,18900.0,False,371000.0,False
F00029,5.3,True,rice,rainfed,0.965,0.246,2,3.5,31,19900.0,False,335000.0,False
F00030,5.4,False,cotton,canal,1.017,0.2,1,3.5,10,41100.0,True,375000.0,False
F00031,16.3,True,mango,rainfed,0.769,0.207,5,3.5,13,57500.0,False,1161000.0,True
F00032,3.1,False,wheat,rainfed,0.888,0.244,3,3.5,22,8700.0,False,224000.0,False
F00033,2.9,False,cotton,canal,1.196,0.205,4,3.0,26,22800.0,True,319000.0,False
F00034,2.4,True,cotton,diesel_tubewell,1.041,0.228,3,3.5,5,22500.0,False,245000.0,False
F00035,6.1,True,cotton,solar_pump,0.785,0.146,4,1.5,29,45400.0,True,352000.0,True
F00036,8.4,True,cotton,canal,1.137,0.184,5,3.0,21,68800.0,True,727000.0,False
F00037,3.8,False,sugarcane,canal,0.875,0.288,1,2.5,30,32200.0,False,320000.0,False
F00038,2.3,False,wheat,diesel_tubewell,1.053,0.169,2,3.0,21,8400.0,True,170000.0,False
F00039,2.4,False,sugarcane,canal,1.076,0.14,3,3.0,20,27500.0,False,307000.0,False
F00040,6.2,False,wheat,canal,0.854,0.302,5,2.0,23,15900.0,True,346000.0,False
F00041,6.6,False,rice,canal,0.934,0.165,2,4.0,18,45500.0,False,399000.0,False
F00042,5.8,True,cotton,solar_pump,1.165,0.043,2,4.0,3,42900.0,False,492000.0,False
F00043,2.6,False,cotton,canal,1.06,0.25,4,3.5,12,23700.0,False,290000.0,False
F00044,4.7,False,wheat,diesel_tubewell,1.208,0.196,2,3.5,36,34000.0,True,339000.0,False
F00045,4.4,False,banana,canal,0.951,0.277,3,1.5,9,30300.0,True,452000.0,True
F00046,4.7,False,mango,canal,1.061,0.17,4,3.5,16,35000.0,False,521000.0,False
F00047,7.1,False,mango,diesel_tubewell,0.928,0.237,5,3.0,8,34000.0,True,659000.0,True
F00048,4.7,True,mango,canal,1.009,0.312,2,3.5,16,63100.0,True,442000.0,False
F00049,6.3,True,wheat,diesel_tubewell,1.105,0.258,7,3.0,28,39300.0,True,519000.0,False
F00050,4.2,False,cotton,canal,1.173,0.241,3,4.5,26,30800.0,False,423000.0,False
F00051,4.9,False,wheat,diesel_tubewell,1.099,0.197,1,3.5,3,31500.0,True,296000.0,False
F00052,6.1,False,mango,canal,1.06,0.16,7,1.5,34,51200.0,False,611000.0,False
F00053,1.6,True,wheat,rainfed,0.682,0.398,1,2.0,23,600.0,True,71000.0,True
F00054,3.3,True,wheat,canal,1.237,0.08,4,3.0,25,45500.0,False,302000.0,False
F00055,3.0,True,rice,rainfed,0.577,0.346,2,1.5,28,8000.0,True,118000.0,False
F00056,2.7,False,wheat,canal,1.073,0.282,4,4.0,24,15300.0,True,277000.0,False
F00057,3.4,True,sugarcane,canal,1.167,0.099,1,4.0,32,30400.0,True,390000.0,False
F00058,10.7,True,wheat,diesel_tubewell,1.051,0.084,3,3.0,25,41800.0,True,632000.0,False
F00059,2.3,False,rice,canal,1.07,0.237,0,,36,8900.0,True,133000.0,True
F00060,7.6,False,mango,diesel_tubewell,1.029,0.144,5,3.5,25,68000.0,True,779000.0,False
F00061,1.4,False,rice,solar_pump,0.967,0.184,4,3.0,30,3700.0,False,173000.0,False
F00062,3.3,True,wheat,solar_pump,1.469,0.04,3,4.5,19,38000.0,False,352000.0,False
F00063,4.5,False,wheat,diesel_tubewell,0.947,0.198,6,2.0,12,35800.0,True,311000.0,False
F00064,5.9,True,wheat,rainfed,0.759,0.432,0,,19,6000.0,False,222000.0,False
F00065,6.4,False,wheat,diesel_tubewell,0.931,0.121,4,2.0,5,35600.0,True,362000.0,False
F00066,6.8,True,rice,canal,1.286,0.153,4,3.5,17,32300.0,False,589000.0,False
F00067,3.2,False,cotton,solar_pump,1.016,0.162,1,4.0,26,16400.0,True,238000.0,False
F00068,3.0,False,wheat,canal,1.11,0.192,2,3.0,28,20400.0,False,215000.0,False
F00069,7.1,False,wheat,canal,1.088,0.189,0,,14,42900.0,True,382000.0,True
F00070,3.6,False,banana,canal,1.206,0.197,2,3.0,17,45300.0,True,480000.0,False
F00071,1.8,False,wheat,canal,1.239,0.241,0,,21,4100.0,True,110000.0,False
F00072,1.9,False,wheat,canal,1.234,0.251,2,3.5,5,14900.0,False,174000.0,False
F00073,2.2,False,cotton,canal,1.045,0.375,0,,23,14400.0,False,145000.0,False
F00074,5.6,False,wheat,diesel_tubewell,1.024,0.241,2,2.5,18,18700.0,True,326000.0,False
F00075,4.4,False,banana,solar_pump,1.047,0.122,5,3.0,27,32000.0,False,581000.0,False
F00076,6.4,False,wheat,rainfed,0.796,0.359,1,1.5,23,21400.0,True,265000.0,False
F00077,3.1,False,rice,canal,1.377,0.126,1,3.5,6,26600.0,False,260000.0,False
F00078,4.5,False,rice,canal,1.096,0.155,5,3.5,20,26600.0,False,412000.0,False
F00079,6.1,False,mango,diesel_tubewell,1.007,0.177,2,2.5,12,49300.0,False,539000.0,False
F00080,3.3,False,rice,canal,0.899,0.345,2,2.5,22,8300.0,True,202000.0,True
F00081,5.5,True,sugarcane,canal,1.027,0.127,7,2.5,23,60400.0,True,654000.0,False
F00082,2.6,False,cotton,diesel_tubewell,0.969,0.175,1,3.0,14,4200.0,False,184000.0,False
F00083,3.2,False,cotton,solar_pump,1.278,0.101,4,4.5,22,38200.0,True,408000.0,False
F00084,3.2,True,sugarcane,canal,1.282,0.203,1,4.0,6,45400.0,False,403000.0,False
F00085,1.9,True,rice,diesel_tubewell,1.26,0.276,3,2.5,14,14900.0,False,192000.0,False
F00086,5.6,True,cotton,diesel_tubewell,1.36,0.074,5,5.0,26,70100.0,False,688000.0,False
F00087,3.0,False,wheat,rainfed,0.808,0.325,3,2.5,19,16700.0,False,182000.0,False
F00088,4.1,True,wheat,canal,0.831,0.25,2,3.5,1,8500.0,False,227000.0,False
F00089,5.5,True,cotton,solar_pump,0.871,0.155,7,2.5,16,19700.0,False,447000.0,False
F00090,5.4,False,wheat,solar_pump,1.089,0.138,3,2.5,9,25200.0,True,354000.0,True
F00091,6.2,True,cotton,canal,1.061,0.203,0,,33,32500.0,True,414000.0,False
F00092,3.8,False,wheat,diesel_tubewell,1.09,0.322,1,2.5,34,12900.0,False,226000.0,False
F00093,3.1,False,rice,diesel_tubewell,1.105,0.243,0,,2,7900.0,True,185000.0,True
F00094,3.9,False,sugarcane,canal,1.363,0.159,0,,13,4000.0,False,478000.0,False
F00095,1.4,False,rice,diesel_tubewell,0.782,0.331,1,2.5,21,11100.0,True,80000.0,True
F00096,1.6,False,sugarcane,canal,0.883,0.239,5,3.5,12,38300.0,False,273000.0,False
F00097,1.7,True,wheat,solar_pump,1.006,0.207,2,2.5,26,7000.0,True,126000.0,False
F00098,2.1,False,wheat,canal,1.076,0.219,0,,4,4000.0,False,112000.0,False
F00099,5.3,True,sugarcane,diesel_tubewell,1.254,0.136,1,3.0,31,82100.0,False,623000.0,False
F00100,2.3,True,mango,canal,1.011,0.178,1,2.5,9,2700.0,True,209000.0,False
F00101,3.2,False,sugarcane,diesel_tubewell,1.119,0.086,0,,8,37900.0,True,322000.0,False
F00102,9.4,True,rice,diesel_tubewell,1.054,0.188,3,2.5,12,62500.0,False,598000.0,True
F00103,3.2,True,sugarcane,diesel_tubewell,0.881,0.204,4,4.5,34,28900.0,True,404000.0,False
F00104,6.5,False,sugarcane,diesel_tubewell,1.084,0.228,3,3.5,10,93600.0,True,721000.0,False
F00105,2.2,False,sugarcane,canal,1.013,0.178,0,,9,12300.0,False,201000.0,False
F00106,3.5,True,sugarcane,canal,0.841,0.225,5,3.0,9,43400.0,True,390000.0,True
F00107,2.2,True,wheat,solar_pump,0.999,0.215,4,1.0,5,10700.0,False,142000.0,True
F00108,3.3,False,wheat,canal,0.946,0.171,2,4.5,34,9800.0,True,230000.0,False
F00109,7.0,True,cotton,solar_pump,1.123,0.131,3,3.0,24,86400.0,False,570000.0,False
F00110,1.3,False,cotton,diesel_tubewell,1.28,0.151,3,3.0,20,10700.0,True,180000.0,False
F00111,5.4,False,sugarcane,rainfed,1.173,0.31,3,3.5,5,45400.0,True,658000.0,False
F00112,4.7,False,wheat,canal,1.026,0.267,3,4.0,1,37400.0,False,339000.0,False
F00113,2.8,False,wheat,diesel_tubewell,0.952,0.211,4,4.0,11,33100.0,True,265000.0,False
F00114,1.6,False,sugarcane,canal,0.94,0.248,1,4.0,34,6600.0,True,169000.0,True
F00115,4.2,False,wheat,rainfed,0.842,0.272,3,2.5,19,31200.0,False,238000.0,False
F00116,2.9,False,mango,diesel_tubewell,1.073,0.114,4,1.5,29,25100.0,False,302000.0,False
F00117,4.7,True,wheat,diesel_tubewell,1.081,0.191,4,3.0,11,28300.0,True,351000.0,False
F00118,4.1,False,cotton,solar_pump,1.225,0.211,2,3.0,3,28500.0,True,366000.0,False
F00119,11.5,True,cotton,canal,0.875,0.167,8,1.5,8,60700.0,True,734000.0,False
F00120,3.5,True,wheat,diesel_tubewell,1.217,0.181,2,4.0,8,8700.0,False,277000.0,False
F00121,2.1,False,wheat,solar_pump,0.875,0.148,0,,22,8800.0,False,91000.0,False
F00122,4.6,False,wheat,canal,0.992,0.212,5,3.0,7,31600.0,True,351000.0,False
F00123,4.7,True,wheat,rainfed,1.162,0.286,0,,36,19200.0,False,270000.0,False
F00124,9.8,True,wheat,rainfed,1.035,0.342,3,3.5,25,53200.0,True,590000.0,False
F00125,7.0,False,sugarcane,rainfed,0.922,0.336,5,3.0,15,54000.0,False,706000.0,False
F00126,5.1,False,wheat,solar_pump,1.32,0.129,3,5.0,22,37100.0,False,458000.0,False
F00127,10.5,True,cotton,canal,0.943,0.311,2,2.5,26,64700.0,False,665000.0,False
F00128,1.9,True,wheat,diesel_tubewell,0.6,0.255,2,1.5,28,6200.0,True,81000.0,True
F00129,2.7,False,banana,canal,1.204,0.241,2,3.0,0,0.0,True,372000.0,False
F00130,2.2,False,sugarcane,solar_pump,0.792,0.187,2,2.5,18,21600.0,True,198000.0,False
F00131,3.1,True,banana,canal,0.843,0.229,3,3.0,14,15800.0,False,334000.0,False
F00132,1.7,False,mango,rainfed,0.877,0.231,2,3.0,11,20200.0,False,171000.0,False
F00133,6.1,False,wheat,canal,0.958,0.283,0,,23,20800.0,True,289000.0,False
F00134,3.5,False,sugarcane,canal,1.066,0.187,1,4.0,8,41500.0,False,369000.0,False
F00135,1.6,False,wheat,canal,0.989,0.136,3,1.5,9,15200.0,True,116000.0,True
F00136,2.1,False,mango,diesel_tubewell,1.267,0.158,0,,24,17500.0,False,215000.0,False
F00137,5.0,False,cotton,canal,0.72,0.258,3,2.0,2,31100.0,True,277000.0,False
F00138,7.0,True,cotton,canal,1.047,0.172,5,3.5,13,63400.0,True,608000.0,False
F00139,14.8,True,mango,canal,0.724,0.251,4,3.0,27,86600.0,True,968000.0,False
F00140,27.0,True,mango,canal,1.142,0.151,6,4.0,14,279100.0,True,2698000.0,False
F00141,5.3,False,banana,rainfed,0.675,0.474,3,2.0,10,29900.0,True,404000.0,True
F00142,2.1,False,wheat,diesel_tubewell,1.359,0.194,3,4.0,7,33300.0,True,241000.0,False
F00143,1.0,False,wheat,canal,0.883,0.265,1,2.0,18,5200.0,True,60000.0,False
F00144,4.8,False,wheat,canal,0.74,0.302,4,1.5,29,13300.0,False,226000.0,False
F00145,2.4,True,cotton,canal,0.925,0.285,0,,3,9600.0,False,140000.0,True
F00146,3.1,False,cotton,canal,1.177,0.205,2,3.5,22,32600.0,False,288000.0,False
F00147,2.7,False,wheat,canal,1.026,0.216,5,3.5,29,14900.0,True,283000.0,False
F00148,3.7,False,sugarcane,canal,1.167,0.206,2,2.5,8,63000.0,True,430000.0,False
F00149,8.1,True,wheat,canal,1.162,0.222,2,3.0,25,65400.0,False,516000.0,False
F00150,4.5,False,sugarcane,canal,0.848,0.304,1,2.5,15,15400.0,True,364000.0,False
F00151,3.7,False,mango,solar_pump,1.221,0.113,4,4.0,0,0.0,False,499000.0,False
F00152,2.1,False,rice,canal,0.848,0.231,1,2.5,26,6000.0,True,117000.0,True
F00153,1.4,False,cotton,diesel_tubewell,0.764,0.174,1,2.5,26,4900.0,True,88000.0,True
F00154,3.0,False,wheat,diesel_tubewell,1.072,0.158,1,2.5,25,12200.0,True,180000.0,True
F00155,3.9,False,wheat,rainfed,0.962,0.198,1,3.5,2,12600.0,True,215000.0,False
F00156,12.8,True,sugarcane,canal,1.18,0.202,6,3.5,16,165000.0,False,1535000.0,False
F00157,4.4,False,cotton,solar_pump,1.169,0.218,1,3.0,6,32000.0,True,349000.0,False
F00158,7.7,True,wheat,rainfed,0.678,0.407,2,2.5,24,29200.0,True,300000.0,True
F00159,2.9,False,banana,rainfed,0.727,0.295,2,1.5,16,19500.0,True,234000.0,True
F00160,1.9,False,rice,solar_pump,1.368,0.11,4,4.0,23,18000.0,False,274000.0,False
F00161,2.2,False,mango,canal,0.951,0.242,2,2.0,32,13400.0,True,203000.0,False
F00162,2.5,False,cotton,rainfed,1.046,0.297,5,4.5,3,42300.0,False,352000.0,False
F00163,16.2,True,banana,solar_pump,0.869,0.141,6,3.5,8,112500.0,True,1569000.0,False
F00164,2.4,False,wheat,canal,1.159,0.16,2,3.5,21,25400.0,True,196000.0,False
F00165,7.0,True,wheat,canal,1.062,0.127,2,2.5,34,25500.0,False,410000.0,False
F00166,2.3,False,mango,rainfed,1.06,0.223,3,3.5,1,24200.0,True,285000.0,False
F00167,7.4,False,mango,canal,1.216,0.171,2,3.5,30,73700.0,True,787000.0,False
F00168,5.2,True,cotton,solar_pump,1.097,0.148,2,3.5,29,51300.0,False,418000.0,True
F00169,3.7,False,wheat,canal,0.909,0.161,3,2.5,7,26500.0,True,229000.0,False
F00170,3.9,False,wheat,diesel_tubewell,1.264,0.105,3,4.0,30,32200.0,False,344000.0,False
F00171,2.6,False,sugarcane,canal,0.821,0.274,1,1.5,21,17600.0,True,205000.0,True
F00172,5.4,False,mango,diesel_tubewell,0.636,0.344,1,2.0,1,15600.0,True,295000.0,False
F00173,3.0,False,cotton,diesel_tubewell,0.714,0.228,0,,1,10400.0,True,135000.0,True
F00174,1.8,False,wheat,rainfed,0.681,0.382,0,,12,9600.0,True,61000.0,True
F00175,1.8,False,rice,canal,0.956,0.159,0,,19,4800.0,True,93000.0,False
F00176,4.5,False,sugarcane,canal,1.397,0.124,0,,28,36500.0,False,566000.0,False
F00177,11.3,True,cotton,canal,0.717,0.244,7,2.5,3,24500.0,True,656000.0,True
F00178,4.5,True,rice,canal,0.753,0.242,0,,24,10700.0,False,183000.0,False
F00179,3.8,True,banana,rainfed,1.071,0.259,2,2.5,24,19500.0,True,445000.0,False
F00180,4.9,False,wheat,canal,1.212,0.236,2,4.0,14,15300.0,True,361000.0,False
F00181,9.5,True,rice,canal,0.784,0.211,5,3.5,9,51500.0,True,548000.0,False
F00182,4.7,False,rice,solar_pump,1.309,0.074,1,4.5,9,39800.0,True,370000.0,False
F00183,3.1,False,rice,canal,1.091,0.229,0,,16,17400.0,True,183000.0,False
F00184,8.3,True,mango,canal,1.313,0.126,2,4.5,10,47200.0,False,957000.0,False
F00185,5.4,False,rice,diesel_tubewell,0.993,0.218,2,2.5,21,9000.0,True,331000.0,True
F00186,11.0,False,cotton,canal,1.011,0.228,3,4.0,4,12100.0,False,801000.0,True
F00187,4.6,False,wheat,rainfed,0.753,0.264,2,1.5,25,8400.0,True,196000.0,False
F00188,1.8,False,sugarcane,diesel_tubewell,0.963,0.197,0,,36,7700.0,True,156000.0,False
F00189,1.7,False,wheat,canal,1.211,0.236,3,3.5,8,12900.0,False,189000.0,False
F00190,11.9,True,wheat,diesel_tubewell,0.895,0.25,2,1.0,25,50100.0,True,544000.0,False
F00191,12.4,True,cotton,rainfed,0.609,0.415,5,2.0,26,39400.0,True,559000.0,True
F00192,3.6,False,rice,canal,1.049,0.296,3,3.0,20,38000.0,True,279000.0,False
F00193,3.2,False,banana,solar_pump,1.153,0.13,1,3.0,11,62500.0,False,390000.0,False
F00194,10.5,True,sugarcane,canal,1.054,0.184,3,2.5,36,84400.0,True,1058000.0,False
F00195,2.0,False,mango,diesel_tubewell,1.009,0.175,1,3.0,23,3700.0,False,188000.0,False
F00196,2.3,True,cotton,solar_pump,0.848,0.254,5,2.5,13,14900.0,False,227000.0,False
F00197,6.2,False,cotton,canal,1.085,0.233,2,2.5,9,34600.0,True,465000.0,True
F00198,3.1,False,banana,diesel_tubewell,1.077,0.181,6,3.5,32,53700.0,True,506000.0,False
F00199,4.0,False,cotton,canal,1.001,0.131,2,3.0,26,11700.0,True,302000.0,False
F00200,3.6,True,mango,diesel_tubewell,1.052,0.148,4,4.0,32,12900.0,True,440000.0,False
F00201,5.1,False,cotton,diesel_tubewell,0.831,0.259,3,3.0,27,31500.0,True,342000.0,False
F00202,10.1,False,wheat,canal,0.707,0.23,5,3.0,4,31100.0,True,478000.0,False
F00203,4.3,True,rice,canal,1.006,0.26,0,,28,15100.0,True,234000.0,False
F00204,6.2,True,wheat,rainfed,0.892,0.282,5,3.5,36,22700.0,True,420000.0,True
F00205,1.1,False,wheat,canal,1.158,0.091,1,3.0,0,0.0,False,88000.0,False
F00206,3.9,False,wheat,canal,0.998,0.215,1,1.5,27,18500.0,False,205000.0,False
F00207,2.3,False,wheat,canal,1.082,0.206,2,3.5,29,1500.0,False,182000.0,False
F00208,1.8,False,cotton,diesel_tubewell,1.205,0.124,1,4.5,12,14600.0,False,174000.0,False
F00209,2.3,False,mango,canal,1.011,0.3,0,,32,20000.0,True,188000.0,False
F00210,3.3,False,cotton,rainfed,0.895,0.311,4,3.0,14,28100.0,True,286000.0,False
F00211,7.4,False,mango,diesel_tubewell,1.007,0.135,5,3.0,15,111900.0,True,729000.0,False
F00212,1.7,False,rice,canal,0.968,0.156,0,,2,6100.0,True,89000.0,False
F00213,4.1,True,wheat,diesel_tubewell,1.278,0.169,3,3.5,13,27800.0,True,347000.0,False
F00214,3.0,False,wheat,canal,1.147,0.172,5,3.5,29,39800.0,False,316000.0,False
F00215,3.3,False,banana,canal,0.913,0.248,1,4.5,20,28600.0,True,336000.0,False
F00216,7.8,False,rice,diesel_tubewell,1.106,0.25,4,3.5,11,77800.0,False,583000.0,False
F00217,5.8,False,banana,canal,0.779,0.346,2,3.0,26,55000.0,True,497000.0,True
F00218,9.7,False,wheat,rainfed,0.698,0.332,3,2.0,12,33900.0,False,385000.0,True
F00219,3.7,False,sugarcane,diesel_tubewell,1.024,0.197,2,3.0,14,32400.0,False,391000.0,False
F00220,2.6,False,sugarcane,canal,1.132,0.181,2,3.0,19,23800.0,True,315000.0,False
F00221,3.5,True,banana,rainfed,1.074,0.187,2,4.5,3,36700.0,False,447000.0,False
F00222,4.7,False,wheat,diesel_tubewell,0.771,0.175,3,1.5,18,12000.0,True,217000.0,True
F00223,4.5,False,banana,canal,1.349,0.147,0,,26,63600.0,False,601000.0,True
F00224,2.0,False,cotton,diesel_tubewell,1.227,0.066,2,2.5,7,28900.0,False,196000.0,False
F00225,4.3,True,mango,rainfed,1.027,0.243,7,2.5,20,11500.0,True,503000.0,False
F00226,4.7,False,rice,canal,0.848,0.23,3,2.0,0,0.0,True,265000.0,False
F00227,20.8,True,rice,canal,0.975,0.215,11,2.5,30,121100.0,True,1325000.0,False
F00228,13.7,True,cotton,diesel_tubewell,1.255,0.252,3,3.5,26,138300.0,False,1171000.0,False
F00229,2.3,False,mango,canal,0.887,0.251,0,,26,10500.0,True,165000.0,False
F00230,3.4,False,wheat,canal,0.499,0.318,1,1.0,16,7100.0,False,92000.0,False
F00231,1.6,False,cotton,diesel_tubewell,1.125,0.087,5,4.0,21,35200.0,False,280000.0,False
F00232,2.8,False,rice,rainfed,0.899,0.332,2,3.5,26,15900.0,True,194000.0,False
F00233,5.0,False,sugarcane,solar_pump,1.27,0.109,2,3.5,13,69800.0,False,630000.0,False
F00234,8.9,False,cotton,canal,0.992,0.196,4,2.5,14,40800.0,True,640000.0,False
F00235,2.5,False,rice,canal,1.031,0.301,4,3.5,12,19600.0,False,256000.0,False
F00236,2.7,False,cotton,canal,0.938,0.135,3,3.5,13,24800.0,False,247000.0,False
F00237,1.0,False,rice,canal,1.15,0.129,1,3.5,25,8800.0,False,91000.0,False
F00238,3.6,False,rice,diesel_tubewell,0.99,0.205,3,2.0,33,26900.0,True,242000.0,False
F00239,2.0,False,sugarcane,canal,1.155,0.165,2,3.0,8,18600.0,True,258000.0,False
F00240,2.9,False,mango,rainfed,0.736,0.355,3,2.0,9,18600.0,False,223000.0,False
F00241,2.3,True,rice,diesel_tubewell,0.823,0.239,3,3.5,1,21900.0,True,190000.0,False
F00242,3.8,True,wheat,diesel_tubewell,1.257,0.233,4,3.0,14,44200.0,False,336000.0,False
F00243,1.3,False,rice,rainfed,0.999,0.313,5,2.5,29,9700.0,True,174000.0,False
F00244,1.6,False,wheat,diesel_tubewell,1.218,0.165,4,3.5,13,26200.0,True,213000.0,False
F00245,16.2,True,wheat,rainfed,0.804,0.335,10,2.0,0,0.0,True,811000.0,False
F00246,1.8,False,sugarcane,solar_pump,0.753,0.24,1,3.0,7,13300.0,True,147000.0,False
F00247,2.0,False,cotton,diesel_tubewell,0.806,0.193,6,3.0,7,23300.0,True,252000.0,False
F00248,13.4,True,cotton,canal,1.095,0.2,9,3.5,7,79600.0,False,1187000.0,False
F00249,26.8,True,banana,canal,1.091,0.21,8,3.5,30,242100.0,True,3127000.0,False
F00250,1.9,False,wheat,rainfed,0.955,0.323,2,3.5,35,3600.0,False,148000.0,True
F00251,3.2,False,wheat,canal,0.917,0.234,0,,16,15600.0,True,145000.0,True
F00252,5.1,True,wheat,rainfed,0.954,0.265,3,3.0,3,23400.0,False,316000.0,False
F00253,12.5,True,wheat,canal,0.875,0.324,1,2.0,35,45700.0,True,558000.0,True
F00254,2.1,False,sugarcane,solar_pump,1.273,0.073,2,3.5,26,19200.0,False,299000.0,False
F00255,3.5,False,sugarcane,canal,1.121,0.197,2,3.5,30,44300.0,True,411000.0,False
F00256,6.7,True,rice,rainfed,0.901,0.284,4,2.0,4,35200.0,True,393000.0,False
F00257,5.4,False,wheat,canal,1.106,0.247,5,2.0,5,17100.0,False,379000.0,False
F00258,3.2,False,cotton,canal,0.815,0.335,2,1.5,5,15100.0,True,189000.0,False
F00259,3.7,False,wheat,rainfed,0.849,0.314,1,2.0,36,8400.0,False,172000.0,False
F00260,1.7,False,rice,canal,0.784,0.266,4,2.5,27,13000.0,True,155000.0,True
F00261,3.5,False,rice,canal,1.153,0.18,2,3.0,30,28400.0,False,268000.0,False
F00262,3.4,False,wheat,rainfed,0.862,0.354,0,,23,13000.0,True,145000.0,False
F00263,4.7,True,mango,rainfed,0.939,0.239,3,4.0,13,44700.0,True,457000.0,False
F00264,2.8,False,sugarcane,canal,0.82,0.262,1,3.0,13,27500.0,False,232000.0,False
F00265,5.5,False,wheat,diesel_tubewell,0.649,0.237,0,,3,9900.0,True,177000.0,True
F00266,7.8,True,rice,canal,0.948,0.243,6,3.5,9,39500.0,True,574000.0,False
F00267,4.5,True,rice,canal,1.045,0.208,2,3.0,23,7100.0,False,304000.0,False
F00268,5.1,False,wheat,diesel_tubewell,0.88,0.228,0,,15,15700.0,False,222000.0,True
F00269,4.2,False,wheat,canal,0.931,0.145,3,2.0,20,15300.0,False,244000.0,False
F00270,4.1,False,rice,diesel_tubewell,1.068,0.353,3,3.0,32,32700.0,False,311000.0,True
F00271,2.5,False,banana,canal,0.945,0.161,3,3.0,4,30500.0,True,309000.0,False
F00272,5.0,False,rice,rainfed,0.736,0.363,3,3.0,26,36500.0,True,274000.0,True
F00273,3.8,False,rice,diesel_tubewell,0.661,0.262,4,3.5,36,16800.0,True,252000.0,True
F00274,15.8,True,rice,canal,0.967,0.271,6,3.0,33,94100.0,True,975000.0,False
F00275,11.3,True,cotton,rainfed,0.75,0.322,2,2.5,7,62200.0,False,576000.0,False
F00276,5.2,True,wheat,solar_pump,1.167,0.148,4,3.5,10,66600.0,False,417000.0,False
F00277,2.5,False,cotton,canal,0.566,0.276,3,1.0,22,11200.0,True,114000.0,True
F00278,2.0,False,mango,rainfed,0.884,0.384,1,3.5,17,14100.0,False,172000.0,True
F00279,8.8,True,mango,canal,1.459,0.123,3,4.0,23,99700.0,True,1140000.0,False
F00280,4.8,False,banana,canal,0.97,0.203,5,4.0,24,62000.0,True,627000.0,False
F00281,5.5,True,wheat,canal,1.05,0.203,3,2.0,5,43400.0,False,336000.0,True
F00282,1.3,False,cotton,canal,1.042,0.173,1,3.0,32,7600.0,True,110000.0,False
F00283,7.4,True,rice,diesel_tubewell,1.088,0.103,3,3.0,4,30400.0,False,510000.0,False
F00284,5.4,False,wheat,diesel_tubewell,0.951,0.221,0,,22,43400.0,True,254000.0,True
F00285,2.0,False,wheat,rainfed,0.836,0.335,1,3.0,34,4900.0,True,108000.0,False
F00286,3.0,False,sugarcane,canal,1.133,0.155,4,3.0,1,45400.0,True,406000.0,True
F00287,4.8,True,rice,canal,0.664,0.242,1,3.0,15,19200.0,False,197000.0,False
F00288,4.2,True,rice,canal,1.103,0.198,2,3.0,16,28200.0,True,300000.0,False
F00289,3.4,False,wheat,canal,1.038,0.233,4,2.5,15,10900.0,True,258000.0,False
F00290,3.8,False,cotton,rainfed,0.682,0.305,3,4.0,31,45700.0,True,263000.0,True
F00291,3.4,False,wheat,diesel_tubewell,0.971,0.186,2,2.0,2,17600.0,True,197000.0,True
F00292,4.5,False,wheat,solar_pump,1.375,0.089,2,3.0,29,23600.0,True,356000.0,False
F00293,10.6,True,cotton,solar_pump,1.063,0.109,6,1.5,0,0.0,True,785000.0,False
F00294,0.8,False,wheat,canal,0.96,0.245,0,,35,600.0,True,38000.0,False
F00295,3.5,False,banana,canal,1.011,0.212,1,3.0,36,40100.0,True,375000.0,False
F00296,4.5,True,cotton,canal,0.868,0.156,0,,27,13600.0,True,246000.0,False
F00297,4.9,False,wheat,solar_pump,1.52,0.151,3,4.5,31,35800.0,False,481000.0,False
F00298,3.2,True,wheat,canal,0.814,0.317,2,2.0,5,10300.0,True,162000.0,False
F00299,1.3,False,sugarcane,canal,1.194,0.153,2,3.5,5,20100.0,False,198000.0,False
F00300,5.0,False,wheat,diesel_tubewell,1.169,0.155,2,3.0,7,32700.0,False,339000.0,False
F00301,12.5,True,wheat,canal,1.286,0.268,6,4.0,12,107900.0,False,995000.0,False
F00302,1.5,False,cotton,diesel_tubewell,1.324,0.219,1,3.5,12,16900.0,False,154000.0,False
F00303,7.1,True,wheat,canal,1.049,0.242,4,3.0,6,27900.0,True,469000.0,False
F00304,3.3,False,rice,diesel_tubewell,1.247,0.124,4,3.5,4,13000.0,False,339000.0,False
F00305,3.9,False,cotton,canal,1.052,0.186,4,3.0,30,28100.0,False,358000.0,True
F00306,2.0,False,wheat,rainfed,1.16,0.195,2,3.0,25,16600.0,False,165000.0,False
F00307,3.3,False,sugarcane,diesel_tubewell,1.105,0.142,1,4.0,30,31400.0,False,362000.0,False
F00308,9.4,False,cotton,canal,0.879,0.25,5,2.5,13,13100.0,False,625000.0,False
F00309,5.9,False,rice,solar_pump,1.035,0.199,2,3.0,31,32400.0,True,380000.0,False
F00310,12.5,True,wheat,solar_pump,1.049,0.202,3,2.0,7,34900.0,False,699000.0,False
F00311,8.7,True,rice,diesel_tubewell,0.895,0.152,7,3.0,28,50100.0,False,596000.0,False
F00312,5.4,False,wheat,rainfed,0.757,0.383,3,3.0,8,32000.0,True,277000.0,True
F00313,12.6,True,cotton,solar_pump,1.036,0.192,4,2.5,19,7500.0,True,906000.0,False
F00314,5.4,False,wheat,canal,0.924,0.144,0,,34,33000.0,True,247000.0,False
F00315,6.9,True,banana,canal,1.135,0.199,5,4.5,3,46700.0,False,963000.0,False
F00316,3.3,False,wheat,canal,0.751,0.352,1,2.0,28,16200.0,True,139000.0,False
F00317,4.2,True,mango,diesel_tubewell,0.752,0.235,3,2.5,20,35500.0,True,318000.0,False
F00318,2.6,False,mango,rainfed,0.675,0.224,2,3.0,11,14100.0,False,192000.0,True
F00319,7.7,True,cotton,diesel_tubewell,0.974,0.207,4,1.5,36,51400.0,False,522000.0,False
F00320,1.9,False,wheat,canal,0.995,0.122,3,3.0,28,10100.0,False,169000.0,False
F00321,6.7,False,cotton,rainfed,0.888,0.269,7,3.0,30,14200.0,False,550000.0,False
F00322,3.6,False,banana,diesel_tubewell,1.061,0.107,4,3.5,34,60000.0,False,495000.0,False
F00323,8.7,False,rice,canal,0.956,0.27,3,3.0,31,31700.0,False,524000.0,False
F00324,6.6,False,rice,rainfed,1.107,0.353,8,3.5,28,90000.0,True,628000.0,False
F00325,13.2,True,wheat,canal,1.163,0.207,6,3.0,6,102600.0,False,910000.0,False
F00326,6.5,False,mango,diesel_tubewell,0.818,0.327,3,2.5,14,27200.0,False,493000.0,False
F00327,1.5,False,wheat,diesel_tubewell,0.982,0.207,4,2.0,14,14400.0,True,140000.0,False
F00328,3.9,False,wheat,rainfed,1.063,0.294,3,4.0,6,30800.0,False,305000.0,False
F00329,1.9,False,wheat,canal,1.023,0.336,1,3.0,10,17100.0,False,121000.0,True
F00330,2.9,True,cotton,canal,1.106,0.237,4,2.0,29,18000.0,False,269000.0,False
F00331,10.8,True,mango,diesel_tubewell,0.911,0.282,3,2.5,21,65000.0,False,860000.0,False
F00332,6.1,False,sugarcane,rainfed,0.803,0.315,5,3.0,2,55300.0,False,566000.0,False
F00333,2.6,False,wheat,canal,0.872,0.237,2,2.0,25,12200.0,False,145000.0,False
F00334,2.1,False,cotton,canal,1.176,0.174,1,2.5,10,6500.0,False,176000.0,False
F00335,4.1,False,sugarcane,rainfed,0.833,0.391,3,3.0,2,44800.0,False,382000.0,True
F00336,1.8,False,cotton,solar_pump,1.054,0.04,2,3.0,2,23200.0,False,170000.0,False
F00337,2.6,False,wheat,canal,1.079,0.261,0,,3,12300.0,False,139000.0,True
F00338,5.0,True,cotton,canal,1.172,0.178,3,3.5,9,18700.0,False,457000.0,False
F00339,8.6,True,rice,diesel_tubewell,1.335,0.04,3,3.0,24,55300.0,False,695000.0,False
F00340,6.0,False,banana,diesel_tubewell,1.019,0.291,3,4.0,11,37400.0,True,705000.0,False
F00341,0.9,False,rice,diesel_tubewell,0.976,0.143,2,3.0,32,7300.0,True,97000.0,False
F00342,4.9,True,wheat,solar_pump,1.181,0.072,2,3.5,13,30900.0,False,345000.0,False
F00343,4.2,False,sugarcane,canal,1.199,0.226,2,4.5,2,55600.0,True,528000.0,False
F00344,5.3,True,wheat,solar_pump,1.075,0.13,2,3.5,5,44300.0,True,340000.0,False
F00345,11.6,True,mango,canal,1.039,0.191,4,3.5,8,114000.0,True,1093000.0,False
F00346,1.1,False,cotton,rainfed,0.832,0.368,4,3.0,22,7600.0,True,158000.0,False
F00347,2.8,True,wheat,canal,1.003,0.17,5,3.5,19,30200.0,False,285000.0,False
F00348,6.0,False,cotton,canal,0.823,0.215,1,2.5,35,24500.0,True,332000.0,False
F00349,1.5,True,wheat,canal,1.222,0.232,3,3.5,5,13800.0,True,178000.0,False
F00350,10.6,True,wheat,canal,0.925,0.274,6,2.5,4,50600.0,True,610000.0,False
F00351,5.2,True,rice,canal,1.157,0.208,2,3.5,19,33700.0,True,383000.0,False
F00352,7.0,False,sugarcane,diesel_tubewell,1.01,0.165,1,3.5,26,77900.0,False,666000.0,True
F00353,2.8,False,mango,rainfed,1.014,0.307,4,1.5,15,28000.0,True,280000.0,True
F00354,6.9,False,cotton,diesel_tubewell,0.941,0.195,1,3.0,6,19000.0,False,434000.0,False
F00355,8.1,True,wheat,diesel_tubewell,0.927,0.18,2,2.5,15,13700.0,True,413000.0,False
F00356,4.7,True,cotton,canal,1.226,0.237,5,3.5,23,53400.0,False,509000.0,False
F00357,4.7,False,cotton,solar_pump,1.025,0.223,3,2.0,17,35800.0,False,353000.0,False
F00358,4.8,False,wheat,canal,1.164,0.186,2,2.5,6,39900.0,True,318000.0,False
F00359,2.3,False,mango,canal,0.956,0.164,1,2.5,2,15900.0,True,199000.0,True
F00360,3.7,True,banana,canal,1.111,0.082,2,4.0,32,43900.0,True,474000.0,False
F00361,3.7,True,wheat,canal,0.902,0.215,1,2.5,12,18500.0,False,186000.0,False
F00362,5.2,False,sugarcane,diesel_tubewell,0.932,0.218,6,1.5,0,0.0,False,511000.0,False
F00363,7.8,True,rice,canal,0.892,0.232,3,2.5,15,13000.0,True,438000.0,False
F00364,2.0,False,wheat,canal,0.896,0.251,1,2.5,8,11800.0,False,110000.0,False
F00365,3.7,False,rice,solar_pump,1.272,0.115,4,4.0,7,37100.0,True,388000.0,True
F00366,10.6,False,wheat,canal,0.978,0.159,8,3.0,24,91400.0,False,713000.0,True
F00367,2.5,False,wheat,diesel_tubewell,0.899,0.315,3,2.0,24,23300.0,True,161000.0,False
F00368,2.4,False,banana,canal,1.014,0.197,2,3.5,24,21900.0,True,299000.0,False
F00369,4.6,False,rice,rainfed,0.945,0.275,4,5.0,32,28700.0,False,401000.0,False
F00370,7.0,True,wheat,diesel_tubewell,1.061,0.13,6,4.5,16,22600.0,False,593000.0,False
F00371,4.1,False,cotton,canal,0.846,0.273,1,1.5,27,23200.0,True,231000.0,True
F00372,9.6,True,banana,rainfed,0.785,0.449,2,4.5,9,12100.0,False,821000.0,True
F00373,7.1,True,cotton,canal,0.894,0.179,6,3.5,24,29300.0,True,575000.0,False
F00374,7.0,False,mango,canal,1.201,0.13,2,4.0,23,70000.0,True,748000.0,False
F00375,5.8,True,mango,diesel_tubewell,1.166,0.13,3,2.5,13,37500.0,False,611000.0,False
F00376,18.4,True,cotton,diesel_tubewell,0.992,0.181,8,2.5,36,107600.0,False,1316000.0,False
F00377,3.5,False,sugarcane,canal,0.863,0.251,1,3.0,34,22700.0,True,297000.0,True
F00378,1.1,True,rice,canal,1.1,0.153,3,3.0,23,6500.0,False,140000.0,False
F00379,11.5,True,sugarcane,canal,0.745,0.256,5,3.0,7,13000.0,True,896000.0,True
F00380,3.0,False,cotton,diesel_tubewell,0.992,0.309,3,3.5,6,29300.0,True,275000.0,False
F00381,4.3,False,wheat,rainfed,0.814,0.335,1,2.0,23,14700.0,True,190000.0,False
F00382,9.5,True,wheat,canal,0.936,0.194,6,4.5,33,63000.0,False,665000.0,False
F00383,1.4,False,rice,rainfed,0.991,0.275,2,3.5,6,10800.0,False,133000.0,False
F00384,1.8,False,sugarcane,canal,1.151,0.229,1,2.5,26,16700.0,False,207000.0,False
F00385,1.4,False,sugarcane,solar_pump,0.951,0.244,2,2.0,21,13600.0,False,153000.0,False
F00386,2.4,False,rice,rainfed,0.861,0.389,2,3.0,22,12400.0,True,162000.0,False
F00387,5.4,False,wheat,diesel_tubewell,1.147,0.196,3,2.0,5,25700.0,False,357000.0,True
F00388,5.7,False,wheat,canal,0.952,0.175,5,3.5,6,20700.0,True,414000.0,False
F00389,4.9,False,sugarcane,canal,0.998,0.267,2,3.5,16,82800.0,False,499000.0,True
F00390,1.6,True,rice,canal,0.717,0.253,2,2.5,10,12100.0,True,104000.0,False
F00391,0.9,False,sugarcane,diesel_tubewell,1.084,0.11,1,3.0,23,15000.0,False,113000.0,False
F00392,4.2,False,wheat,rainfed,0.711,0.34,0,,17,18600.0,False,148000.0,False
F00393,3.0,False,cotton,canal,0.92,0.348,2,3.5,23,17200.0,False,232000.0,False
F00394,5.5,True,mango,canal,1.327,0.22,3,3.5,22,52400.0,True,678000.0,False
F00395,6.4,False,wheat,canal,0.83,0.282,3,2.5,35,27200.0,True,325000.0,False
F00396,4.4,True,wheat,diesel_tubewell,1.145,0.134,3,4.5,13,25800.0,False,362000.0,False
F00397,6.6,True,rice,diesel_tubewell,0.895,0.254,4,3.5,13,49100.0,True,436000.0,False
F00398,4.7,True,rice,canal,0.748,0.238,7,2.5,23,18900.0,True,336000.0,True
F00399,5.7,False,banana,solar_pump,1.084,0.172,3,2.5,20,32200.0,True,674000.0,False
F00400,2.6,False,mango,canal,1.298,0.217,4,2.5,6,14300.0,True,357000.0,True
F00401,3.6,False,sugarcane,diesel_tubewell,1.37,0.097,3,3.5,9,38500.0,False,531000.0,False
F00402,4.6,False,wheat,canal,1.158,0.125,2,3.5,30,21800.0,True,322000.0,False
F00403,6.9,False,cotton,canal,1.411,0.1,3,4.5,3,45500.0,False,726000.0,False
F00404,3.1,False,mango,diesel_tubewell,1.006,0.177,2,2.5,6,25300.0,True,294000.0,False
F00405,5.7,False,cotton,diesel_tubewell,0.888,0.202,4,3.0,26,18600.0,True,419000.0,False
F00406,3.4,False,banana,canal,0.865,0.147,6,3.5,35,50400.0,False,466000.0,True
F00407,3.8,True,rice,solar_pump,1.235,0.167,0,,31,11800.0,True,253000.0,False
F00408,7.0,False,wheat,diesel_tubewell,0.911,0.292,2,1.5,26,15100.0,False,341000.0,True
F00409,1.1,False,cotton,canal,0.921,0.206,2,1.5,10,5500.0,False,89000.0,False
F00410,1.7,False,sugarcane,rainfed,0.88,0.365,1,3.0,28,12600.0,True,160000.0,True
F00411,1.5,False,wheat,rainfed,0.952,0.316,3,3.0,14,16300.0,True,146000.0,False
F00412,0.9,False,cotton,canal,1.038,0.204,3,3.5,12,11800.0,True,146000.0,True
F00413,2.6,False,sugarcane,rainfed,0.915,0.264,2,2.5,10,7600.0,False,256000.0,False
F00414,6.6,False,wheat,solar_pump,1.087,0.138,4,2.5,11,43700.0,True,438000.0,False
F00415,3.4,False,cotton,canal,0.759,0.371,2,3.0,23,21000.0,True,213000.0,True
F00416,4.6,False,rice,diesel_tubewell,0.915,0.228,5,1.5,30,18500.0,True,290000.0,True
F00417,8.2,True,sugarcane,canal,0.835,0.306,5,2.0,24,62300.0,True,700000.0,False
F00418,9.6,True,cotton,diesel_tubewell,0.857,0.214,5,2.5,30,81600.0,False,622000.0,False
F00419,3.9,True,banana,rainfed,0.806,0.417,0,,9,17000.0,False,311000.0,False
F00420,9.8,False,banana,canal,1.087,0.192,4,4.5,21,139000.0,True,1205000.0,False
F00421,4.3,False,cotton,diesel_tubewell,1.101,0.074,4,3.0,25,50000.0,False,398000.0,False
F00422,2.4,False,wheat,canal,0.778,0.214,1,2.5,14,10100.0,False,113000.0,False
F00423,2.8,False,sugarcane,diesel_tubewell,1.373,0.128,3,5.0,29,20000.0,False,471000.0,False
F00424,1.5,False,wheat,solar_pump,1.257,0.185,2,3.0,20,18200.0,False,143000.0,False
F00425,2.3,False,mango,canal,0.971,0.239,3,2.0,9,26300.0,False,231000.0,False
F00426,3.2,False,rice,diesel_tubewell,0.985,0.189,2,1.5,26,19800.0,False,195000.0,True
F00427,6.8,False,cotton,canal,0.9,0.236,2,2.5,2,34800.0,True,427000.0,False
F00428,12.4,True,rice,solar_pump,1.199,0.214,5,2.0,29,108000.0,False,886000.0,False
F00429,1.7,False,cotton,diesel_tubewell,1.097,0.28,2,4.0,7,10100.0,False,184000.0,False
F00430,5.2,True,banana,diesel_tubewell,0.77,0.26,3,1.5,16,48600.0,True,434000.0,True
F00431,2.1,True,wheat,canal,0.936,0.197,0,,27,7100.0,False,97000.0,False
F00432,5.5,True,banana,diesel_tubewell,1.051,0.097,2,3.5,29,17300.0,False,631000.0,False
F00433,3.7,True,wheat,diesel_tubewell,0.789,0.284,2,3.0,13,9700.0,True,194000.0,False
F00434,1.2,False,sugarcane,diesel_tubewell,1.145,0.198,2,4.0,23,18400.0,False,190000.0,False
F00435,7.4,False,mango,diesel_tubewell,1.031,0.167,5,2.0,3,63600.0,True,701000.0,False
F00436,2.7,False,cotton,rainfed,0.867,0.344,1,2.0,31,16100.0,False,164000.0,False
F00437,2.9,False,wheat,canal,1.094,0.139,1,4.0,9,13500.0,True,190000.0,False
F00438,2.0,False,mango,canal,0.981,0.296,0,,29,14400.0,True,159000.0,False
F00439,2.7,True,mango,rainfed,1.005,0.317,2,2.0,18,26400.0,True,253000.0,False
F00440,5.4,False,wheat,canal,0.828,0.231,7,2.5,15,59500.0,False,367000.0,True
F00441,3.6,False,cotton,rainfed,1.043,0.314,3,2.5,12,21000.0,False,299000.0,True
F00442,5.0,True,mango,diesel_tubewell,1.068,0.165,5,3.0,28,65500.0,False,557000.0,False
F00443,5.1,True,wheat,rainfed,0.838,0.372,2,1.5,11,24800.0,True,237000.0,True
F00444,9.6,False,rice,diesel_tubewell,1.038,0.251,5,3.5,22,59800.0,True,684000.0,False
F00445,3.2,False,cotton,solar_pump,1.027,0.221,3,3.5,0,0.0,False,294000.0,False
F00446,1.6,False,wheat,diesel_tubewell,1.249,0.177,0,,24,12800.0,True,99000.0,False
F00447,8.1,True,mango,diesel_tubewell,1.048,0.162,6,3.0,4,76800.0,True,838000.0,False
F00448,3.3,False,wheat,canal,0.84,0.225,1,2.0,8,9800.0,True,154000.0,False
F00449,8.4,False,banana,canal,1.011,0.108,3,3.5,26,50000.0,True,929000.0,False
F00450,5.2,True,rice,canal,1.168,0.213,4,2.5,28,37900.0,False,411000.0,False
F00451,3.7,True,cotton,rainfed,0.91,0.299,0,,3,11000.0,False,212000.0,False
F00452,5.1,False,cotton,canal,0.887,0.307,3,2.5,4,22400.0,False,347000.0,True
F00453,14.4,True,cotton,solar_pump,0.931,0.149,2,2.0,4,55900.0,True,878000.0,True
F00454,15.6,True,mango,diesel_tubewell,0.809,0.295,7,3.0,7,101600.0,True,1198000.0,False
F00455,4.2,True,rice,canal,1.016,0.184,3,3.0,9,31600.0,True,306000.0,False
F00456,4.5,False,sugarcane,rainfed,0.971,0.25,2,4.5,12,34100.0,True,468000.0,False
F00457,8.2,False,cotton,canal,1.187,0.187,2,4.5,19,52500.0,True,688000.0,False
F00458,2.3,False,wheat,diesel_tubewell,0.898,0.265,4,2.5,28,16100.0,False,186000.0,False
F00459,5.0,False,wheat,diesel_tubewell,1.117,0.169,6,2.5,3,23400.0,False,401000.0,False
F00460,4.0,False,sugarcane,canal,1.088,0.172,2,2.5,15,27600.0,False,433000.0,False
F00461,5.0,False,cotton,canal,0.489,0.369,3,4.0,1,17200.0,True,254000.0,True
F00462,2.4,False,cotton,diesel_tubewell,1.171,0.197,4,2.5,22,24200.0,True,260000.0,False
F00463,1.4,False,cotton,canal,0.911,0.127,2,2.5,33,16700.0,True,122000.0,False
F00464,1.1,False,cotton,solar_pump,1.326,0.1,2,3.5,33,6300.0,True,150000.0,False
F00465,2.0,False,rice,diesel_tubewell,0.906,0.293,1,2.0,2,10500.0,False,114000.0,False
F00466,3.0,False,rice,canal,1.158,0.116,3,3.5,26,20800.0,False,275000.0,False
F00467,3.4,False,banana,canal,0.902,0.137,0,,29,23600.0,True,304000.0,False
F00468,14.3,True,wheat,canal,0.712,0.284,7,2.0,30,41600.0,True,621000.0,False
F00469,8.3,True,rice,solar_pump,0.942,0.201,1,3.0,1,54300.0,True,447000.0,False
F00470,2.2,False,wheat,diesel_tubewell,1.274,0.104,0,,4,1200.0,True,139000.0,False
F00471,5.1,False,mango,canal,1.08,0.297,4,3.0,13,24800.0,True,546000.0,False
F00472,3.1,False,rice,diesel_tubewell,1.212,0.246,0,,2,24300.0,True,203000.0,False
F00473,3.4,True,cotton,diesel_tubewell,1.122,0.04,1,2.5,12,31900.0,False,261000.0,False
F00474,4.6,False,mango,diesel_tubewell,0.955,0.211,2,3.5,8,58800.0,True,414000.0,False
F00475,6.1,False,cotton,canal,0.812,0.153,3,3.0,31,36200.0,True,387000.0,False
F00476,3.3,False,wheat,canal,0.798,0.305,1,2.0,33,14600.0,True,147000.0,False
F00477,8.1,True,cotton,canal,1.208,0.14,4,4.0,10,15900.0,False,750000.0,False
F00478,1.9,False,wheat,diesel_tubewell,1.138,0.149,1,3.0,27,11000.0,True,132000.0,False
F00479,4.1,False,mango,diesel_tubewell,0.692,0.344,0,,0,0.0,True,230000.0,True
F00480,21.9,True,sugarcane,canal,1.056,0.161,6,4.0,14,153000.0,True,2281000.0,False
F00481,4.7,True,sugarcane,canal,0.814,0.214,2,3.0,33,31700.0,True,395000.0,False
F00482,10.3,False,mango,diesel_tubewell,0.946,0.116,6,2.0,33,110600.0,True,889000.0,False
F00483,4.3,False,sugarcane,canal,1.091,0.306,5,2.0,14,66700.0,False,505000.0,False
F00484,5.9,False,cotton,diesel_tubewell,1.498,0.172,2,3.0,24,55600.0,False,607000.0,False
F00485,3.9,False,wheat,canal,1.047,0.149,1,5.0,1,19900.0,False,244000.0,False
F00486,3.6,True,cotton,canal,0.959,0.174,1,3.5,29,26500.0,False,247000.0,False
F00487,2.4,False,banana,diesel_tubewell,0.999,0.235,1,4.0,9,19200.0,False,271000.0,False
F00488,5.4,False,banana,canal,1.08,0.293,3,2.5,3,75600.0,False,640000.0,False
F00489,2.3,False,sugarcane,diesel_tubewell,1.203,0.111,2,4.0,19,20800.0,False,316000.0,False
F00490,6.3,True,wheat,canal,0.97,0.148,0,,30,32800.0,False,302000.0,False
F00491,8.2,False,wheat,canal,0.923,0.314,4,3.0,23,39200.0,True,475000.0,False
F00492,5.1,True,mango,diesel_tubewell,0.841,0.19,4,2.5,18,27000.0,False,431000.0,False
F00493,3.4,False,wheat,canal,1.109,0.171,6,3.0,10,32100.0,False,337000.0,False
F00494,5.4,False,rice,diesel_tubewell,1.392,0.04,4,3.0,3,35500.0,False,506000.0,False
F00495,3.3,False,cotton,solar_pump,0.681,0.194,4,2.5,1,26200.0,True,225000.0,True
F00496,7.4,True,wheat,rainfed,0.898,0.291,3,2.5,1,19600.0,True,391000.0,False
F00497,1.2,False,rice,canal,0.829,0.326,2,3.0,12,9400.0,True,104000.0,False
F00498,3.3,False,banana,canal,1.005,0.155,0,,20,19300.0,False,328000.0,False
F00499,1.1,True,sugarcane,canal,0.669,0.299,1,2.5,0,0.0,False,87000.0,False
F00500,1.5,False,cotton,rainfed,0.751,0.369,0,,21,7600.0,True,71000.0,False
F00501,9.8,True,cotton,canal,1.062,0.179,5,4.0,27,67300.0,False,823000.0,False
F00502,7.3,False,mango,canal,1.028,0.269,5,3.0,6,60700.0,True,733000.0,False
F00503,2.5,False,rice,solar_pump,1.213,0.154,5,4.5,16,49000.0,False,351000.0,False
F00504,1.5,True,cotton,canal,0.944,0.191,0,,11,9700.0,True,89000.0,False
F00505,0.6,False,rice,diesel_tubewell,1.261,0.127,1,2.0,28,3300.0,True,58000.0,False
F00506,2.8,False,wheat,diesel_tubewell,0.97,0.241,1,2.5,14,17800.0,False,155000.0,False
F00507,19.6,True,wheat,diesel_tubewell,0.799,0.123,5,3.5,29,59500.0,True,921000.0,False
F00508,5.4,True,mango,solar_pump,0.919,0.261,0,,0,0.0,False,402000.0,False
F00509,2.8,False,rice,canal,1.154,0.208,1,3.5,33,2700.0,True,204000.0,False
F00510,5.5,False,wheat,diesel_tubewell,1.091,0.151,5,3.0,35,46600.0,True,422000.0,False
F00511,1.5,False,wheat,diesel_tubewell,0.856,0.227,1,4.0,25,5900.0,True,97000.0,False
F00512,3.3,False,banana,canal,1.067,0.175,4,2.5,30,33000.0,True,432000.0,True
F00513,4.3,True,rice,rainfed,1.205,0.259,3,3.5,26,13600.0,False,367000.0,False
F00514,3.8,True,rice,solar_pump,1.202,0.07,3,3.5,9,29900.0,True,334000.0,False
F00515,6.8,False,wheat,rainfed,0.824,0.342,3,3.0,5,30200.0,True,353000.0,True
F00516,5.1,True,banana,diesel_tubewell,1.354,0.12,3,4.5,31,32500.0,False,796000.0,False
F00517,6.3,False,mango,canal,1.278,0.188,4,4.0,0,0.0,True,785000.0,False
F00518,2.6,True,rice,canal,1.261,0.239,0,,22,13200.0,False,177000.0,False
F00519,7.3,False,wheat,canal,0.945,0.249,1,3.0,0,0.0,False,366000.0,False
F00520,11.7,True,sugarcane,canal,0.905,0.255,2,3.0,6,59900.0,False,1003000.0,True
F00521,2.2,False,mango,canal,0.715,0.218,0,,12,12700.0,True,127000.0,True
F00522,2.3,False,sugarcane,canal,1.164,0.216,4,3.5,29,12300.0,False,358000.0,False
F00523,9.7,True,banana,canal,0.994,0.183,6,2.5,3,92900.0,True,1080000.0,False
F00524,3.6,False,rice,rainfed,0.708,0.393,1,1.5,3,14300.0,True,150000.0,True
F00525,10.1,True,wheat,canal,1.075,0.154,1,4.0,8,55300.0,True,571000.0,False
F00526,3.0,False,cotton,diesel_tubewell,0.976,0.152,6,2.0,15,22600.0,False,284000.0,False
F00527,10.4,True,mango,solar_pump,1.064,0.273,7,3.5,11,155300.0,False,1101000.0,True
F00528,4.4,False,wheat,diesel_tubewell,0.834,0.268,2,2.0,27,15300.0,True,215000.0,False
F00529,4.8,True,wheat,canal,1.104,0.239,5,3.0,17,38500.0,True,387000.0,False
F00530,11.2,False,sugarcane,diesel_tubewell,1.242,0.107,9,3.0,33,107600.0,True,1477000.0,False
F00531,3.2,False,cotton,solar_pump,1.115,0.171,2,3.5,32,15700.0,True,283000.0,False
F00532,2.2,False,mango,rainfed,0.784,0.317,4,3.5,10,11200.0,True,256000.0,False
F00533,3.0,False,wheat,canal,1.404,0.124,4,5.0,27,19800.0,False,375000.0,False
F00534,5.4,True,wheat,canal,0.839,0.279,2,3.0,22,28400.0,True,274000.0,False
F00535,1.5,False,wheat,diesel_tubewell,0.983,0.206,1,2.5,23,12000.0,True,94000.0,False
F00536,6.1,False,sugarcane,canal,1.002,0.179,7,4.0,31,81000.0,False,783000.0,False
F00537,2.9,False,sugarcane,solar_pump,0.922,0.073,0,,6,17400.0,True,241000.0,False
F00538,8.6,True,cotton,diesel_tubewell,1.026,0.199,2,3.0,32,37800.0,False,606000.0,False
F00539,0.9,False,cotton,solar_pump,1.267,0.074,2,4.0,21,12300.0,False,139000.0,False
F00540,2.4,False,wheat,rainfed,0.928,0.211,2,2.5,0,0.0,True,152000.0,True
F00541,1.4,True,sugarcane,diesel_tubewell,1.079,0.249,0,,14,15300.0,False,136000.0,False
F00542,2.4,False,banana,rainfed,0.749,0.352,0,,3,17000.0,False,178000.0,True
F00543,4.8,True,sugarcane,diesel_tubewell,0.92,0.136,3,3.0,12,24100.0,False,473000.0,False
F00544,3.6,False,wheat,canal,1.097,0.24,1,3.5,6,29900.0,False,225000.0,False
F00545,3.4,False,rice,solar_pump,0.984,0.109,4,4.0,24,13500.0,False,314000.0,False
F00546,3.7,False,wheat,diesel_tubewell,1.017,0.204,1,3.5,0,0.0,False,215000.0,False
F00547,4.6,False,wheat,rainfed,0.899,0.265,3,2.5,3,29700.0,True,267000.0,False
F00548,2.1,False,wheat,canal,0.913,0.254,1,3.0,33,12900.0,True,120000.0,False
F00549,6.4,False,wheat,canal,1.248,0.248,1,4.0,14,26800.0,False,429000.0,False
F00550,6.2,False,wheat,solar_pump,0.858,0.27,1,3.0,2,20100.0,True,288000.0,False
F00551,5.2,False,sugarcane,canal,0.867,0.298,3,3.0,28,24700.0,True,481000.0,False
F00552,5.8,True,wheat,diesel_tubewell,0.88,0.214,1,3.5,33,25500.0,True,282000.0,False
F00553,4.9,False,sugarcane,diesel_tubewell,1.059,0.148,6,2.5,11,65500.0,True,592000.0,False
F00554,15.2,True,banana,canal,1.242,0.213,6,5.0,11,41700.0,False,2119000.0,False
F00555,3.8,False,rice,canal,0.789,0.332,3,1.5,20,20300.0,False,199000.0,False
F00556,3.3,True,cotton,solar_pump,0.96,0.234,3,1.0,2,15000.0,True,225000.0,False
F00557,2.5,False,sugarcane,canal,0.95,0.17,0,,36,17200.0,True,214000.0,False
F00558,2.1,False,wheat,solar_pump,1.108,0.106,5,2.5,13,10500.0,True,219000.0,True
F00559,1.8,False,cotton,solar_pump,1.196,0.156,0,,9,8500.0,False,136000.0,False
F00560,2.3,False,cotton,diesel_tubewell,1.098,0.086,4,3.0,26,38800.0,True,259000.0,False
F00561,3.9,False,mango,canal,1.014,0.165,1,3.5,14,25200.0,True,349000.0,False
F00562,5.0,True,mango,canal,0.857,0.385,5,3.0,4,39200.0,True,472000.0,False
F00563,4.2,False,mango,solar_pump,1.123,0.265,4,3.0,17,25500.0,True,482000.0,False
F00564,2.5,False,sugarcane,canal,1.035,0.23,4,3.0,35,56400.0,True,333000.0,False
F00565,7.3,True,cotton,canal,1.143,0.153,2,4.0,18,58600.0,False,592000.0,False
F00566,6.6,True,mango,rainfed,0.874,0.286,1,2.5,6,40300.0,False,488000.0,True
F00567,3.7,True,mango,canal,1.066,0.241,2,3.0,8,42100.0,True,370000.0,False
F00568,2.7,False,cotton,canal,1.089,0.29,2,3.0,33,22400.0,True,235000.0,True
F00569,5.8,False,banana,rainfed,0.868,0.323,0,,28,38700.0,False,498000.0,False
F00570,4.6,False,mango,canal,0.915,0.22,5,2.5,0,0.0,False,445000.0,True
F00571,1.6,False,cotton,canal,1.115,0.219,2,3.5,8,5500.0,False,171000.0,False
F00572,3.9,False,wheat,canal,1.067,0.139,3,3.5,27,20900.0,True,293000.0,True
F00573,4.8,False,wheat,solar_pump,0.732,0.188,4,1.5,11,14900.0,True,224000.0,True
F00574,2.3,False,sugarcane,rainfed,0.724,0.3,4,1.5,17,18800.0,False,200000.0,False
F00575,4.6,False,wheat,solar_pump,1.158,0.203,3,2.5,32,24900.0,True,326000.0,False
F00576,1.6,False,cotton,rainfed,0.85,0.319,2,2.5,28,13500.0,True,127000.0,False
F00577,9.7,False,rice,canal,1.281,0.242,3,3.0,24,64600.0,False,746000.0,False
F00578,9.1,False,mango,diesel_tubewell,1.442,0.04,4,3.0,24,64300.0,False,1163000.0,False
F00579,3.4,True,mango,canal,0.702,0.242,2,1.0,9,27900.0,True,210000.0,False
F00580,5.1,False,sugarcane,rainfed,1.08,0.329,3,3.5,7,41100.0,False,583000.0,False
F00581,0.8,False,cotton,rainfed,0.892,0.257,2,2.5,30,8800.0,True,87000.0,False
F00582,1.9,True,wheat,canal,0.902,0.207,1,3.5,1,4500.0,True,114000.0,False
F00583,3.4,False,rice,solar_pump,1.138,0.176,2,3.0,23,28200.0,True,259000.0,False
F00584,2.0,False,wheat,diesel_tubewell,1.099,0.124,1,3.5,14,4000.0,False,138000.0,False
F00585,6.5,True,rice,canal,0.967,0.221,4,2.5,1,62500.0,False,423000.0,False
F00586,14.9,True,banana,diesel_tubewell,1.039,0.179,10,3.5,21,193700.0,True,1825000.0,False
F00587,1.9,False,rice,rainfed,0.916,0.308,3,3.0,4,12900.0,True,169000.0,False
F00588,2.4,True,rice,canal,1.211,0.254,3,3.5,31,25000.0,False,244000.0,False
F00589,4.7,False,rice,canal,1.02,0.15,4,4.0,9,16100.0,True,392000.0,False
F00590,11.6,True,mango,rainfed,0.752,0.334,3,3.0,8,59900.0,True,782000.0,True
F00591,1.8,False,cotton,canal,1.5,0.161,1,4.0,25,22000.0,True,203000.0,False
F00592,4.8,False,cotton,canal,1.129,0.311,1,2.0,11,36700.0,True,358000.0,False
F00593,13.2,True,wheat,diesel_tubewell,1.239,0.116,7,3.5,13,84200.0,False,1014000.0,False
F00594,1.4,False,rice,diesel_tubewell,1.131,0.217,1,3.0,12,10400.0,True,110000.0,False
F00595,1.8,False,wheat,canal,1.034,0.227,3,3.0,18,20000.0,True,167000.0,False
F00596,3.1,False,cotton,canal,0.991,0.224,1,2.5,26,23000.0,False,214000.0,False
F00597,2.9,False,sugarcane,solar_pump,0.653,0.184,2,2.0,28,4200.0,True,204000.0,False
F00598,6.9,True,wheat,diesel_tubewell,0.88,0.238,2,3.0,4,29100.0,False,351000.0,False
F00599,4.7,True,rice,diesel_tubewell,0.924,0.275,2,3.5,17,24600.0,True,293000.0,False
F00600,1.3,False,wheat,rainfed,0.713,0.463,2,2.5,19,3600.0,True,88000.0,False
F00601,5.7,True,wheat,canal,0.715,0.199,5,4.0,35,17700.0,False,369000.0,False
F00602,2.8,True,wheat,rainfed,0.918,0.216,4,4.0,21,34700.0,True,261000.0,False
F00603,9.3,False,wheat,solar_pump,1.38,0.179,4,4.0,30,45400.0,True,769000.0,False
F00604,2.7,False,banana,rainfed,0.888,0.313,1,3.0,19,18200.0,False,262000.0,False
F00605,2.7,False,banana,canal,0.912,0.234,0,,19,13800.0,True,244000.0,True
F00606,5.8,False,sugarcane,canal,0.918,0.256,2,2.0,20,49800.0,True,513000.0,False
F00607,6.7,True,rice,diesel_tubewell,1.102,0.114,5,2.5,3,46600.0,True,503000.0,False
F00608,5.4,False,sugarcane,rainfed,0.865,0.383,1,1.5,16,64100.0,True,433000.0,True
F00609,1.4,False,mango,rainfed,1.153,0.296,1,3.0,35,10200.0,False,156000.0,False
F00610,5.8,True,cotton,canal,1.253,0.232,6,3.0,36,61300.0,False,608000.0,False
F00611,2.1,False,wheat,diesel_tubewell,0.886,0.283,3,2.5,6,3200.0,True,155000.0,True
F00612,4.7,False,sugarcane,canal,1.012,0.273,2,3.0,16,17200.0,False,478000.0,False
F00613,1.6,False,banana,diesel_tubewell,1.098,0.22,3,2.0,30,28600.0,False,224000.0,False
F00614,5.4,True,wheat,rainfed,0.727,0.422,0,,30,23400.0,True,194000.0,True
F00615,2.4,False,cotton,solar_pump,1.242,0.162,1,4.0,23,21700.0,False,221000.0,False
F00616,1.8,False,cotton,canal,0.861,0.247,0,,20,11800.0,False,98000.0,False
F00617,6.4,False,cotton,rainfed,0.789,0.31,0,,32,15100.0,False,318000.0,False
F00618,4.7,False,sugarcane,canal,0.727,0.225,1,2.5,22,45500.0,True,329000.0,False
F00619,2.7,False,cotton,diesel_tubewell,0.956,0.207,4,3.5,29,13600.0,True,279000.0,False
F00620,10.4,True,banana,diesel_tubewell,1.184,0.076,7,2.5,30,128400.0,True,1364000.0,False
F00621,3.0,False,sugarcane,diesel_tubewell,1.252,0.169,0,,9,59400.0,False,338000.0,False
F00622,4.1,False,wheat,solar_pump,1.249,0.054,2,4.0,36,17300.0,False,320000.0,False
F00623,4.8,False,mango,diesel_tubewell,1.032,0.186,4,2.5,13,62200.0,True,485000.0,True
F00624,2.7,False,sugarcane,canal,1.09,0.13,3,3.5,5,40700.0,False,352000.0,False
F00625,5.5,True,cotton,canal,0.706,0.305,4,2.5,8,21500.0,True,328000.0,False
F00626,2.9,False,cotton,diesel_tubewell,1.156,0.21,2,3.5,21,41200.0,False,270000.0,False
F00627,3.1,False,mango,diesel_tubewell,1.336,0.095,2,4.0,33,21300.0,False,402000.0,False
F00628,9.8,False,cotton,diesel_tubewell,1.117,0.078,2,4.0,6,62100.0,True,756000.0,False
F00629,2.1,False,wheat,canal,1.299,0.284,1,3.0,25,16800.0,True,160000.0,False
F00630,0.8,True,wheat,canal,1.07,0.277,2,3.0,1,7400.0,True,92000.0,False
F00631,11.6,True,wheat,solar_pump,1.093,0.186,3,3.5,18,133700.0,False,715000.0,False
F00632,21.3,True,rice,diesel_tubewell,0.844,0.327,6,2.0,33,44300.0,True,1071000.0,False
F00633,3.1,False,wheat,diesel_tubewell,0.983,0.169,3,3.0,24,31000.0,True,226000.0,False
F00634,1.2,True,rice,diesel_tubewell,1.188,0.168,1,3.0,36,800.0,False,102000.0,False
F00635,3.3,False,cotton,canal,0.953,0.306,2,4.0,35,2200.0,True,265000.0,False
F00636,3.4,True,mango,canal,0.903,0.311,2,3.0,25,25400.0,True,299000.0,True
F00637,3.6,False,cotton,canal,1.027,0.261,2,3.0,0,0.0,False,283000.0,False
F00638,2.0,False,banana,diesel_tubewell,1.241,0.234,2,3.5,15,40400.0,False,304000.0,False
F00639,5.9,True,mango,canal,0.999,0.167,1,1.5,4,67100.0,False,490000.0,False
F00640,5.7,True,wheat,canal,0.822,0.253,1,2.5,27,22700.0,True,253000.0,False
F00641,1.5,False,rice,rainfed,0.591,0.493,2,2.0,6,8100.0,True,81000.0,False
F00642,6.4,False,wheat,canal,0.87,0.293,1,3.5,36,27900.0,True,305000.0,False
F00643,15.4,True,mango,diesel_tubewell,0.781,0.193,7,2.5,23,150400.0,True,1120000.0,False
F00644,4.5,False,rice,canal,0.862,0.219,2,3.0,33,10900.0,True,259000.0,False
F00645,3.3,False,wheat,canal,0.993,0.333,3,3.0,29,14500.0,False,237000.0,False
F00646,3.7,False,wheat,canal,0.976,0.249,3,3.0,31,28400.0,True,254000.0,False
F00647,6.0,False,cotton,rainfed,0.88,0.372,3,3.0,1,48300.0,True,407000.0,True
F00648,1.3,False,mango,diesel_tubewell,1.335,0.135,0,,19,18000.0,False,141000.0,False
F00649,4.5,False,sugarcane,diesel_tubewell,0.796,0.259,4,3.0,33,34200.0,False,422000.0,True
F00650,3.1,False,wheat,rainfed,1.174,0.245,0,,7,12000.0,True,180000.0,False
F00651,13.5,True,wheat,canal,0.98,0.187,6,3.5,13,88700.0,False,830000.0,False
F00652,3.6,False,cotton,diesel_tubewell,0.933,0.266,4,2.5,4,13800.0,True,295000.0,False
F00653,12.0,True,rice,canal,1.06,0.24,10,3.5,18,135900.0,False,978000.0,False
F00654,2.0,False,wheat,diesel_tubewell,1.081,0.251,0,,2,7100.0,True,107000.0,True
F00655,5.9,True,wheat,rainfed,0.785,0.386,4,3.0,3,24400.0,True,329000.0,True
F00656,5.0,False,mango,canal,1.378,0.216,0,,12,60500.0,False,558000.0,False
F00657,2.3,False,cotton,rainfed,0.542,0.43,3,2.0,29,7600.0,True,129000.0,True
F00658,4.6,False,sugarcane,diesel_tubewell,1.084,0.247,4,2.0,1,23200.0,False,515000.0,False
F00659,8.9,True,cotton,canal,1.034,0.237,3,3.0,30,79800.0,True,655000.0,False
F00660,3.3,False,cotton,canal,1.312,0.095,3,4.0,25,18100.0,False,373000.0,False
F00661,1.4,False,rice,diesel_tubewell,1.03,0.219,0,,35,7200.0,True,78000.0,False
F00662,4.0,False,wheat,diesel_tubewell,1.352,0.124,3,3.5,30,29900.0,False,355000.0,False
F00663,2.3,False,wheat,canal,1.122,0.227,0,,27,2600.0,True,128000.0,False
F00664,3.2,False,banana,diesel_tubewell,0.752,0.366,1,2.0,29,12300.0,True,255000.0,False
F00665,3.8,False,mango,canal,0.858,0.272,4,2.0,26,31500.0,True,331000.0,False
F00666,1.3,False,sugarcane,rainfed,0.999,0.344,4,3.0,3,27000.0,True,217000.0,False
F00667,1.4,False,wheat,canal,0.825,0.275,3,2.5,24,6900.0,True,120000.0,False
F00668,5.5,False,wheat,diesel_tubewell,1.224,0.269,4,3.0,7,23300.0,False,433000.0,False
F00669,2.9,False,wheat,solar_pump,0.996,0.162,2,2.5,6,19300.0,True,185000.0,True
F00670,0.8,False,banana,diesel_tubewell,0.776,0.229,2,1.5,35,9500.0,True,86000.0,False
F00671,6.8,False,mango,rainfed,0.727,0.353,4,2.0,33,53500.0,False,467000.0,False
F00672,4.8,True,cotton,rainfed,1.094,0.291,2,3.5,36,35300.0,False,389000.0,False
F00673,2.5,True,banana,canal,0.623,0.222,1,2.5,0,0.0,True,175000.0,True
F00674,1.7,False,wheat,canal,1.022,0.135,1,3.5,35,12600.0,True,115000.0,False
F00675,7.0,False,rice,diesel_tubewell,1.049,0.169,4,5.0,0,0.0,False,563000.0,False
F00676,5.1,False,wheat,canal,0.998,0.25,2,4.0,34,33700.0,True,319000.0,True
F00677,19.1,True,wheat,diesel_tubewell,0.7,0.268,5,2.5,4,50600.0,True,766000.0,False
F00678,5.3,False,banana,canal,1.121,0.255,2,3.0,5,48700.0,True,638000.0,False
F00679,5.2,False,mango,rainfed,0.773,0.359,4,4.0,1,46400.0,True,459000.0,True
F00680,3.6,False,wheat,diesel_tubewell,0.734,0.249,4,2.5,29,3200.0,False,214000.0,False
F00681,6.9,False,wheat,diesel_tubewell,1.259,0.093,3,4.0,29,67800.0,False,530000.0,False
F00682,6.1,False,rice,canal,0.883,0.273,1,2.0,7,25100.0,True,308000.0,False
F00683,9.1,True,wheat,rainfed,0.616,0.353,3,2.0,29,2700.0,True,327000.0,True
F00684,2.9,False,rice,solar_pump,1.091,0.225,0,,9,15200.0,False,171000.0,False
F00685,3.1,False,rice,solar_pump,1.126,0.138,0,,32,13000.0,False,188000.0,False
F00686,3.0,False,wheat,solar_pump,1.347,0.113,2,4.0,18,13000.0,True,267000.0,False
F00687,6.8,False,wheat,canal,1.037,0.183,2,2.5,21,58100.0,False,391000.0,True
F00688,10.7,True,wheat,canal,0.96,0.291,5,2.5,29,68200.0,True,613000.0,False
F00689,3.0,False,banana,canal,0.956,0.292,3,2.5,17,27100.0,False,347000.0,False
F00690,3.1,False,cotton,diesel_tubewell,1.073,0.144,1,3.0,16,20000.0,False,235000.0,False
F00691,5.0,True,rice,diesel_tubewell,1.16,0.173,3,3.0,21,35800.0,False,388000.0,False
F00692,3.5,False,wheat,canal,1.04,0.197,2,2.0,8,6200.0,True,214000.0,True
F00693,7.5,False,sugarcane,rainfed,0.912,0.31,6,2.5,16,126600.0,False,740000.0,False
F00694,0.9,False,wheat,canal,1.167,0.237,3,2.5,33,9700.0,False,115000.0,True
F00695,2.4,False,wheat,solar_pump,1.113,0.04,2,4.0,23,28600.0,True,199000.0,False
F00696,2.4,False,sugarcane,diesel_tubewell,1.044,0.227,4,2.5,10,17000.0,False,309000.0,False
F00697,0.9,False,sugarcane,canal,1.196,0.256,2,2.5,34,14300.0,False,139000.0,False
F00698,2.2,False,wheat,canal,1.194,0.22,2,3.0,28,7900.0,False,180000.0,False
F00699,2.2,False,cotton,diesel_tubewell,0.909,0.184,1,3.5,36,1300.0,False,155000.0,False
F00700,3.6,False,banana,solar_pump,1.407,0.06,2,4.0,28,64500.0,False,568000.0,False
F00701,8.4,False,wheat,canal,0.895,0.225,2,2.0,0,0.0,False,405000.0,True
F00702,3.5,False,wheat,diesel_tubewell,0.979,0.146,1,1.5,3,12000.0,True,182000.0,False
F00703,2.1,False,cotton,diesel_tubewell,1.106,0.137,2,3.5,0,0.0,False,205000.0,False
F00704,3.9,False,wheat,canal,1.31,0.158,0,,16,17100.0,True,253000.0,False
F00705,8.0,True,rice,diesel_tubewell,0.975,0.239,1,3.5,17,41600.0,True,450000.0,True
F00706,2.2,False,sugarcane,canal,1.225,0.118,1,5.0,4,13500.0,True,284000.0,False
F00707,2.2,False,cotton,rainfed,0.97,0.261,1,2.5,3,13600.0,False,155000.0,False
F00708,5.8,False,rice,diesel_tubewell,1.368,0.074,3,4.0,26,32900.0,True,529000.0,False
F00709,3.5,False,cotton,canal,1.115,0.261,2,3.0,26,12800.0,True,296000.0,False
F00710,6.2,False,sugarcane,solar_pump,0.857,0.301,3,2.5,27,42500.0,True,541000.0,True
F00711,4.0,False,wheat,canal,0.96,0.254,2,1.5,22,2400.0,False,215000.0,False
F00712,6.4,True,wheat,rainfed,0.899,0.253,5,3.5,11,43100.0,False,431000.0,False
F00713,2.1,False,rice,diesel_tubewell,1.072,0.142,3,3.0,20,17000.0,True,197000.0,False
F00714,4.0,False,wheat,canal,0.986,0.255,0,,25,20200.0,False,195000.0,True
F00715,3.5,True,wheat,solar_pump,0.892,0.109,4,2.0,27,26700.0,False,221000.0,False
F00716,1.8,False,cotton,canal,1.035,0.235,0,,15,8800.0,True,117000.0,False
F00717,1.5,False,sugarcane,rainfed,1.206,0.261,5,4.5,7,2900.0,False,350000.0,False
F00718,6.3,False,wheat,rainfed,0.894,0.307,5,2.5,20,28600.0,True,383000.0,False
F00719,3.2,False,sugarcane,diesel_tubewell,1.291,0.04,3,3.0,32,20200.0,False,447000.0,False
F00720,2.1,False,sugarcane,diesel_tubewell,1.208,0.221,2,4.0,25,38700.0,True,295000.0,False
F00721,3.8,False,rice,diesel_tubewell,1.41,0.063,0,,26,20500.0,True,289000.0,False
F00722,8.4,True,wheat,canal,1.022,0.237,4,4.5,31,64000.0,False,575000.0,False
F00723,0.9,False,mango,canal,1.284,0.195,5,2.0,24,23400.0,True,177000.0,True
F00724,1.5,False,wheat,rainfed,1.112,0.194,2,4.0,18,8700.0,True,149000.0,False
F00725,2.2,False,mango,canal,1.159,0.206,1,3.0,24,19900.0,True,232000.0,False
F00726,10.5,False,sugarcane,canal,1.008,0.165,2,2.0,25,83500.0,True,986000.0,False
F00727,4.9,True,wheat,canal,1.239,0.122,2,3.0,16,55000.0,True,351000.0,False
F00728,6.7,True,sugarcane,rainfed,0.935,0.29,7,3.0,10,92800.0,True,739000.0,False
F00729,1.9,False,cotton,rainfed,0.861,0.354,3,3.5,14,9100.0,True,191000.0,True
F00730,2.0,False,cotton,canal,0.977,0.222,0,,17,7800.0,True,123000.0,False
F00731,5.4,False,cotton,canal,1.334,0.167,5,4.0,24,42100.0,False,621000.0,False
F00732,4.2,True,rice,solar_pump,1.117,0.109,1,3.5,3,15900.0,False,283000.0,False
F00733,5.8,True,sugarcane,canal,1.081,0.173,4,4.0,24,50800.0,True,697000.0,False
F00734,3.6,True,mango,rainfed,0.808,0.213,5,3.0,17,23700.0,True,361000.0,True
F00735,4.9,False,wheat,rainfed,0.842,0.328,4,3.0,3,25700.0,True,304000.0,True
F00736,4.5,False,rice,solar_pump,0.889,0.116,1,2.0,13,18500.0,True,233000.0,False
F00737,6.7,False,rice,canal,1.145,0.208,3,3.5,27,61100.0,True,502000.0,False
F00738,6.9,False,rice,diesel_tubewell,1.024,0.082,3,3.5,34,27200.0,True,469000.0,False
F00739,1.4,False,cotton,rainfed,0.997,0.221,2,3.5,29,4100.0,False,146000.0,False
F00740,0.9,False,cotton,canal,0.759,0.279,2,2.5,9,5700.0,True,85000.0,True
F00741,7.8,True,sugarcane,rainfed,0.85,0.308,2,2.0,20,39600.0,False,630000.0,True
F00742,8.8,True,wheat,canal,0.793,0.184,2,3.0,36,52400.0,True,395000.0,False
F00743,2.1,False,wheat,rainfed,0.64,0.341,2,2.5,18,12100.0,False,108000.0,True
F00744,1.2,False,rice,diesel_tubewell,1.002,0.209,3,4.0,7,20900.0,True,165000.0,False
F00745,4.3,False,wheat,canal,1.304,0.12,1,4.5,18,36400.0,True,315000.0,False
F00746,7.4,False,wheat,diesel_tubewell,1.261,0.142,1,2.5,22,8500.0,False,483000.0,False
F00747,13.0,True,wheat,canal,1.292,0.179,2,4.0,8,49300.0,False,898000.0,True
F00748,5.7,True,sugarcane,canal,0.871,0.264,4,2.0,12,17100.0,False,514000.0,False
F00749,3.2,False,banana,rainfed,0.915,0.256,4,4.0,36,57400.0,True,423000.0,False
F00750,2.3,False,cotton,canal,0.842,0.25,2,2.5,33,18200.0,False,164000.0,False
F00751,4.1,False,wheat,rainfed,0.948,0.285,1,3.0,32,21000.0,True,217000.0,False
F00752,3.3,True,mango,canal,0.857,0.348,2,2.0,17,16900.0,True,263000.0,False
F00753,2.1,False,wheat,diesel_tubewell,0.701,0.231,4,1.5,31,8400.0,True,123000.0,True
F00754,15.4,True,banana,rainfed,0.836,0.344,7,3.0,9,79200.0,True,1449000.0,True
F00755,12.9,True,rice,diesel_tubewell,1.151,0.183,4,4.0,11,98200.0,False,935000.0,False
F00756,8.5,True,wheat,rainfed,0.92,0.315,5,3.5,6,46200.0,False,533000.0,False
F00757,2.2,False,cotton,rainfed,0.756,0.318,1,2.5,25,13400.0,False,126000.0,False
F00758,7.1,False,wheat,diesel_tubewell,1.12,0.202,1,3.5,27,41100.0,False,423000.0,False
F00759,6.1,True,sugarcane,solar_pump,0.766,0.231,2,3.0,23,52100.0,True,470000.0,False
F00760,5.4,True,wheat,canal,1.006,0.327,4,3.0,33,37100.0,True,369000.0,False
F00761,9.1,True,mango,canal,1.158,0.229,3,4.5,7,116000.0,False,966000.0,False
F00762,6.1,False,sugarcane,canal,1.117,0.202,2,4.0,28,73400.0,True,680000.0,False
F00763,6.6,False,mango,solar_pump,1.179,0.177,3,5.0,36,50000.0,False,755000.0,False
F00764,6.1,False,mango,diesel_tubewell,1.055,0.151,0,,19,51900.0,True,521000.0,False
F00765,5.1,True,wheat,diesel_tubewell,0.911,0.152,1,1.0,18,22300.0,True,238000.0,False
F00766,1.3,False,cotton,rainfed,0.979,0.281,2,3.0,34,10000.0,True,130000.0,False
F00767,4.3,True,mango,canal,1.21,0.209,5,3.5,4,47000.0,False,567000.0,False
F00768,2.8,False,cotton,rainfed,0.917,0.401,4,3.0,18,30600.0,False,262000.0,False
F00769,1.8,True,wheat,canal,0.875,0.259,2,4.0,19,14700.0,True,145000.0,False
F00770,12.1,False,wheat,canal,1.125,0.195,7,3.0,8,97100.0,True,849000.0,False
F00771,12.5,True,wheat,diesel_tubewell,0.99,0.289,1,2.5,3,53600.0,True,633000.0,True
F00772,9.8,True,mango,canal,1.078,0.222,3,2.5,8,111700.0,False,918000.0,True
F00773,4.8,False,cotton,diesel_tubewell,0.901,0.141,2,4.0,28,37000.0,True,339000.0,False
F00774,9.8,True,rice,solar_pump,1.057,0.182,5,2.5,23,37500.0,True,663000.0,False
F00775,4.1,False,banana,solar_pump,1.05,0.185,2,3.5,29,34600.0,True,484000.0,False
F00776,4.6,True,wheat,canal,0.74,0.275,1,3.0,30,10600.0,True,193000.0,False
F00777,2.0,False,sugarcane,canal,1.054,0.124,2,3.5,30,11700.0,True,248000.0,False
F00778,5.2,False,wheat,canal,0.969,0.239,0,,25,43000.0,False,249000.0,True
F00779,4.2,True,wheat,diesel_tubewell,0.695,0.315,1,2.0,2,22400.0,True,161000.0,False
F00780,1.7,False,wheat,canal,0.757,0.134,3,2.0,4,13900.0,True,114000.0,True
F00781,3.9,True,wheat,canal,0.959,0.276,3,2.0,5,23100.0,True,235000.0,False
F00782,3.9,True,cotton,rainfed,0.944,0.227,3,3.0,17,20000.0,True,307000.0,False
F00783,13.0,True,cotton,rainfed,1.053,0.321,4,1.5,3,42300.0,True,912000.0,False
F00784,7.3,True,wheat,solar_pump,1.234,0.04,2,3.5,2,38500.0,True,504000.0,False
F00785,4.1,False,wheat,canal,0.687,0.218,4,2.0,24,12200.0,True,206000.0,True
F00786,4.8,False,rice,diesel_tubewell,1.223,0.224,4,3.0,34,44700.0,True,417000.0,False
F00787,4.2,False,wheat,canal,1.12,0.27,3,2.5,10,26100.0,True,295000.0,True
F00788,3.6,False,mango,canal,0.954,0.241,2,4.0,3,38600.0,True,345000.0,False
F00789,2.0,False,banana,canal,1.13,0.307,3,3.0,5,27300.0,False,299000.0,False
F00790,3.7,False,sugarcane,rainfed,0.634,0.334,3,2.5,33,7400.0,True,274000.0,True
F00791,2.5,True,rice,diesel_tubewell,0.874,0.182,3,2.5,36,14000.0,True,180000.0,True
F00792,1.8,False,rice,canal,1.187,0.151,3,4.5,13,21900.0,False,228000.0,False
F00793,5.7,True,rice,diesel_tubewell,1.078,0.184,2,3.0,17,35300.0,True,382000.0,True
F00794,5.2,True,banana,rainfed,1.354,0.251,3,4.0,21,51700.0,True,797000.0,False
F00795,1.3,False,banana,canal,0.64,0.244,1,2.0,18,6600.0,True,99000.0,False
F00796,3.7,False,cotton,solar_pump,1.412,0.123,3,4.5,26,27000.0,True,442000.0,False
F00797,7.7,False,rice,canal,0.954,0.239,2,2.5,21,12100.0,False,438000.0,False
F00798,8.1,False,mango,canal,1.166,0.256,3,3.0,30,69200.0,True,840000.0,False
F00799,7.9,True,wheat,rainfed,0.962,0.3,1,3.0,18,43800.0,True,401000.0,False
F00800,4.2,False,cotton,canal,0.829,0.217,1,3.0,26,16500.0,False,244000.0,False
F00801,2.3,True,rice,solar_pump,1.264,0.138,2,4.0,9,9400.0,False,224000.0,False
F00802,2.0,False,sugarcane,canal,0.986,0.27,5,1.5,18,28000.0,False,240000.0,False
F00803,5.1,True,cotton,diesel_tubewell,1.096,0.156,5,5.0,25,72200.0,True,561000.0,False
F00804,5.2,False,wheat,diesel_tubewell,0.883,0.103,2,3.0,9,19000.0,False,277000.0,False
F00805,9.4,True,wheat,rainfed,1.064,0.303,5,3.0,21,32300.0,True,620000.0,False
F00806,8.3,False,rice,solar_pump,0.546,0.289,3,2.0,7,23100.0,False,295000.0,False
F00807,3.7,False,mango,diesel_tubewell,1.016,0.207,4,2.0,31,34400.0,True,371000.0,False
F00808,1.8,False,mango,canal,1.263,0.142,1,3.5,25,14600.0,False,213000.0,False
F00809,3.3,True,cotton,canal,1.154,0.098,4,3.5,14,11100.0,False,357000.0,True
F00810,4.7,False,wheat,diesel_tubewell,1.188,0.204,4,3.5,14,45300.0,True,393000.0,False
F00811,3.6,False,sugarcane,diesel_tubewell,1.014,0.201,4,3.5,28,40700.0,True,445000.0,False
F00812,2.8,False,sugarcane,canal,1.256,0.255,0,,26,42700.0,False,317000.0,False
F00813,4.8,True,cotton,rainfed,0.864,0.246,2,2.5,36,25700.0,True,303000.0,False
F00814,2.9,False,cotton,canal,0.86,0.223,2,3.5,28,28500.0,True,215000.0,False
F00815,2.7,False,wheat,canal,1.137,0.12,2,3.5,14,15900.0,False,210000.0,False
F00816,5.0,True,sugarcane,rainfed,0.905,0.334,1,4.5,9,28100.0,False,445000.0,False
F00817,3.1,False,rice,diesel_tubewell,1.195,0.215,2,4.0,25,17800.0,False,267000.0,False
F00818,4.8,False,cotton,solar_pump,0.852,0.242,5,3.0,0,0.0,False,383000.0,False
F00819,4.8,False,mango,canal,1.07,0.241,2,2.5,1,35300.0,False,458000.0,False
F00820,1.9,False,rice,canal,1.25,0.205,4,3.5,18,33300.0,False,245000.0,False
F00821,3.0,False,banana,diesel_tubewell,1.035,0.204,2,4.0,33,25400.0,False,374000.0,False
F00822,10.3,True,cotton,canal,0.691,0.303,3,2.0,11,18500.0,True,498000.0,False
F00823,1.9,False,cotton,diesel_tubewell,0.887,0.241,6,3.0,26,27300.0,True,256000.0,False
F00824,1.0,True,banana,canal,0.981,0.256,3,3.0,3,10700.0,True,172000.0,False
F00825,1.2,False,banana,canal,0.934,0.345,1,2.5,23,12300.0,False,132000.0,False
F00826,4.1,True,banana,canal,0.573,0.338,0,,15,21000.0,True,233000.0,True
F00827,4.1,False,mango,canal,1.278,0.162,2,5.0,3,45500.0,True,508000.0,False
F00828,3.8,False,cotton,canal,0.897,0.264,2,3.0,14,36600.0,False,265000.0,False
F00829,8.9,True,wheat,solar_pump,0.979,0.18,4,2.5,36,47200.0,True,514000.0,False
F00830,0.7,False,cotton,diesel_tubewell,0.674,0.277,2,1.5,8,4800.0,True,55000.0,True
F00831,5.2,False,banana,canal,1.136,0.187,1,4.0,33,44200.0,False,618000.0,False
F00832,11.2,True,cotton,diesel_tubewell,1.121,0.233,4,3.0,12,90300.0,True,891000.0,True
F00833,1.9,True,sugarcane,canal,0.99,0.291,0,,11,16600.0,True,169000.0,False
F00834,3.2,False,banana,canal,1.031,0.309,3,2.5,1,27200.0,False,389000.0,False
F00835,2.5,False,banana,rainfed,1.125,0.281,2,3.5,2,38600.0,True,337000.0,False
F00836,2.3,False,banana,diesel_tubewell,0.953,0.249,2,2.5,35,19800.0,True,259000.0,False
F00837,3.3,True,rice,diesel_tubewell,0.706,0.256,4,3.0,14,23200.0,True,226000.0,False
F00838,10.3,True,cotton,canal,0.758,0.27,2,2.5,26,20900.0,True,534000.0,True
F00839,13.4,True,banana,canal,0.819,0.33,3,1.5,1,127900.0,True,1124000.0,False
F00840,3.3,True,wheat,solar_pump,1.025,0.048,3,3.5,6,15100.0,False,255000.0,False
F00841,14.0,True,wheat,diesel_tubewell,1.129,0.199,3,4.0,19,93400.0,False,882000.0,False
F00842,4.2,False,banana,diesel_tubewell,1.26,0.263,2,3.5,20,73400.0,False,582000.0,False
F00843,12.7,True,rice,rainfed,0.743,0.449,6,1.5,27,56700.0,True,584000.0,True
F00844,3.8,False,cotton,canal,0.994,0.242,3,2.0,24,35100.0,False,288000.0,False
F00845,4.4,True,wheat,solar_pump,1.01,0.211,2,3.5,16,13200.0,False,278000.0,False
F00846,5.1,False,cotton,diesel_tubewell,1.498,0.04,2,3.5,19,43500.0,False,540000.0,False
F00847,32.0,True,banana,canal,1.234,0.112,8,3.5,31,255700.0,False,4142000.0,False
F00848,7.1,False,rice,canal,1.267,0.12,3,3.0,22,34400.0,True,561000.0,False
F00849,2.6,False,cotton,diesel_tubewell,1.174,0.088,1,4.5,32,7100.0,True,230000.0,False
F00850,7.6,True,rice,canal,1.195,0.234,4,4.0,32,53700.0,False,624000.0,False
F00851,3.2,True,mango,diesel_tubewell,1.073,0.286,4,3.0,35,43400.0,False,378000.0,True
F00852,2.9,False,mango,diesel_tubewell,1.113,0.244,4,3.5,32,47500.0,False,378000.0,False
F00853,7.3,False,cotton,diesel_tubewell,0.917,0.265,2,2.5,19,22300.0,True,463000.0,False
F00854,4.1,False,rice,diesel_tubewell,1.053,0.221,3,3.0,1,20700.0,True,308000.0,True
F00855,4.9,True,wheat,diesel_tubewell,1.197,0.157,1,3.0,20,18500.0,False,315000.0,False
F00856,4.1,False,cotton,diesel_tubewell,0.953,0.093,2,3.5,19,17200.0,False,304000.0,False
F00857,5.0,False,wheat,rainfed,0.846,0.357,5,2.0,34,21500.0,True,293000.0,False
F00858,5.3,True,cotton,canal,0.853,0.258,3,4.0,16,32300.0,False,385000.0,False
F00859,1.2,False,rice,rainfed,0.985,0.304,0,,28,4700.0,False,64000.0,True
F00860,6.3,False,wheat,canal,1.096,0.217,1,4.0,1,13900.0,False,375000.0,False
F00861,2.1,False,wheat,canal,1.168,0.113,3,4.5,7,27100.0,True,234000.0,False
F00862,1.6,False,wheat,diesel_tubewell,1.392,0.092,2,3.0,33,14300.0,False,160000.0,False
F00863,3.9,False,wheat,canal,0.985,0.18,3,3.0,3,25600.0,True,265000.0,False
F00864,4.3,False,sugarcane,canal,1.151,0.129,2,3.0,36,48700.0,False,495000.0,False
F00865,2.6,False,wheat,canal,1.242,0.101,6,5.0,21,42600.0,True,410000.0,False
F00866,7.0,True,wheat,diesel_tubewell,0.815,0.184,7,2.5,26,37900.0,True,428000.0,False
F00867,1.7,False,banana,diesel_tubewell,0.888,0.129,3,2.0,31,11100.0,True,199000.0,False
F00868,3.1,False,wheat,canal,1.181,0.2,1,4.0,10,28700.0,False,215000.0,False
F00869,2.8,False,mango,diesel_tubewell,0.906,0.194,3,2.0,15,26700.0,False,255000.0,False
F00870,3.9,True,rice,canal,0.945,0.114,1,3.0,2,12000.0,False,224000.0,False
F00871,4.9,False,sugarcane,rainfed,1.102,0.28,1,3.0,21,27500.0,True,511000.0,False
F00872,2.1,False,rice,canal,0.978,0.181,0,,10,16600.0,False,111000.0,False
F00873,6.5,False,wheat,diesel_tubewell,1.265,0.221,1,3.0,24,33700.0,True,432000.0,False
F00874,4.2,False,mango,diesel_tubewell,1.315,0.139,6,3.5,22,37800.0,True,622000.0,False
F00875,1.2,False,mango,diesel_tubewell,1.248,0.093,1,4.0,12,10200.0,True,155000.0,False
F00876,1.1,False,cotton,rainfed,1.044,0.309,4,4.0,10,20200.0,False,206000.0,False
F00877,4.0,False,sugarcane,canal,0.825,0.305,2,2.5,14,22800.0,True,339000.0,False
F00878,3.5,False,rice,solar_pump,0.968,0.131,2,2.0,27,19000.0,False,216000.0,False
F00879,3.8,False,mango,canal,1.35,0.224,2,4.5,0,0.0,False,491000.0,False
F00880,4.0,False,mango,diesel_tubewell,1.407,0.078,1,3.5,36,15000.0,True,485000.0,False
F00881,4.7,True,wheat,canal,0.788,0.361,2,2.5,16,15700.0,False,225000.0,True
F00882,7.5,False,mango,canal,1.201,0.19,3,2.0,7,66600.0,True,780000.0,True
F00883,2.0,False,banana,canal,1.068,0.213,2,3.0,8,6400.0,False,261000.0,False
F00884,1.9,True,sugarcane,canal,1.025,0.166,0,,36,17600.0,False,175000.0,False
F00885,2.0,False,wheat,rainfed,1.128,0.225,0,,20,12600.0,False,112000.0,False
F00886,4.9,False,mango,solar_pump,1.21,0.086,3,3.5,18,21000.0,False,568000.0,False
F00887,9.1,False,rice,canal,0.924,0.143,4,3.5,18,46000.0,True,571000.0,False
F00888,3.1,False,wheat,diesel_tubewell,1.098,0.174,2,3.0,15,19500.0,False,218000.0,False
F00889,0.8,False,mango,diesel_tubewell,1.12,0.186,2,4.0,8,14300.0,False,139000.0,False
F00890,1.3,False,rice,canal,0.987,0.155,0,,7,11900.0,True,69000.0,False
F00891,2.4,False,mango,canal,0.846,0.322,2,1.5,4,11100.0,False,189000.0,False
F00892,2.8,True,rice,diesel_tubewell,1.197,0.212,1,4.0,2,21700.0,False,214000.0,False
F00893,3.1,False,wheat,canal,0.985,0.19,0,,24,11900.0,False,151000.0,False
F00894,4.2,True,banana,diesel_tubewell,1.218,0.14,1,3.5,27,39300.0,True,536000.0,False
F00895,3.3,True,rice,canal,0.63,0.309,4,2.0,15,15000.0,False,179000.0,True
F00896,8.0,True,cotton,canal,1.281,0.181,4,4.0,24,75600.0,False,779000.0,False
F00897,2.6,False,cotton,diesel_tubewell,1.072,0.185,3,3.0,13,21000.0,True,251000.0,False
F00898,2.3,False,wheat,diesel_tubewell,0.871,0.274,4,2.5,28,16900.0,True,183000.0,True
F00899,5.5,False,rice,rainfed,0.74,0.381,5,2.5,30,26100.0,False,324000.0,False
F00900,1.5,False,cotton,canal,1.122,0.259,2,3.0,8,8100.0,True,156000.0,False
F00901,5.2,False,banana,solar_pump,1.235,0.119,3,3.0,23,78800.0,True,711000.0,False
F00902,4.3,True,banana,rainfed,0.772,0.36,1,3.0,27,41600.0,True,354000.0,True
F00903,3.7,False,sugarcane,diesel_tubewell,0.967,0.249,5,3.0,22,51900.0,True,447000.0,True
F00904,11.4,True,wheat,rainfed,0.996,0.162,4,3.0,23,70000.0,True,662000.0,True
F00905,2.7,False,sugarcane,rainfed,0.836,0.365,4,2.5,7,16500.0,False,286000.0,True
F00906,15.5,True,wheat,solar_pump,0.907,0.168,5,2.5,14,41200.0,True,800000.0,True
F00907,3.5,True,mango,rainfed,1.142,0.293,2,3.0,1,42600.0,False,374000.0,False
F00908,1.8,False,cotton,diesel_tubewell,1.307,0.226,1,4.0,6,7800.0,False,182000.0,True
F00909,4.2,True,banana,diesel_tubewell,1.2,0.167,3,3.0,21,34700.0,True,574000.0,False
F00910,2.0,False,cotton,rainfed,0.834,0.336,0,,24,16300.0,True,105000.0,False
F00911,2.5,False,wheat,rainfed,0.687,0.377,2,2.0,14,11900.0,True,118000.0,True
F00912,5.2,True,banana,canal,1.063,0.175,0,,33,48500.0,False,547000.0,False
F00913,5.8,True,cotton,canal,1.203,0.268,2,3.0,17,10600.0,True,490000.0,False
F00914,2.7,False,mango,canal,1.304,0.188,4,4.5,29,26500.0,False,435000.0,False
F00915,7.7,False,mango,rainfed,0.894,0.387,1,2.5,15,64300.0,False,579000.0,False
F00916,8.6,False,cotton,canal,0.967,0.243,5,2.5,36,21300.0,False,628000.0,False
F00917,10.3,True,cotton,canal,0.771,0.265,7,4.0,32,71000.0,True,734000.0,False
F00918,5.7,True,rice,diesel_tubewell,1.075,0.253,3,3.0,5,15100.0,True,406000.0,True
F00919,9.8,True,mango,canal,0.887,0.149,1,2.5,34,45300.0,True,725000.0,False
F00920,1.2,False,banana,rainfed,0.942,0.284,2,2.5,23,4700.0,True,154000.0,False
F00921,3.3,True,wheat,diesel_tubewell,0.834,0.283,3,3.0,28,18300.0,True,211000.0,False
F00922,2.3,False,sugarcane,canal,0.97,0.222,5,2.5,13,8100.0,True,305000.0,False
F00923,4.4,False,wheat,canal,1.335,0.12,1,4.5,3,26400.0,False,328000.0,False
F00924,2.8,False,rice,solar_pump,1.512,0.147,2,3.5,12,30000.0,True,287000.0,False
F00925,3.6,False,mango,diesel_tubewell,0.905,0.292,2,2.5,7,27500.0,True,306000.0,True
F00926,13.8,True,mango,diesel_tubewell,1.32,0.212,9,4.5,12,179100.0,False,1812000.0,False
F00927,3.6,True,cotton,canal,0.844,0.237,2,3.0,16,21900.0,True,241000.0,False
F00928,5.3,True,cotton,rainfed,0.86,0.324,5,2.0,24,29800.0,True,371000.0,True
F00929,3.5,False,wheat,solar_pump,1.022,0.164,2,3.0,8,18400.0,False,227000.0,False
F00930,4.3,False,wheat,diesel_tubewell,1.099,0.245,2,3.5,29,27200.0,True,292000.0,False
F00931,4.1,False,cotton,canal,0.99,0.157,0,,5,12000.0,False,256000.0,True
F00932,5.4,False,mango,rainfed,0.72,0.25,5,4.0,20,33800.0,False,482000.0,False
F00933,8.6,True,cotton,diesel_tubewell,1.129,0.162,5,3.5,31,114500.0,True,758000.0,False
F00934,11.8,True,wheat,canal,0.787,0.201,4,3.0,25,55700.0,True,560000.0,True
F00935,5.0,True,sugarcane,rainfed,1.053,0.347,1,3.0,17,62300.0,True,499000.0,False
F00936,5.9,True,wheat,rainfed,0.862,0.353,4,3.0,13,33300.0,True,352000.0,True
F00937,1.9,False,wheat,solar_pump,0.803,0.175,1,2.0,23,5400.0,True,92000.0,False
F00938,3.8,False,banana,solar_pump,1.37,0.126,3,4.0,18,45000.0,False,615000.0,False
F00939,7.5,False,wheat,canal,1.001,0.104,3,4.0,32,11900.0,True,472000.0,True
F00940,7.1,False,cotton,diesel_tubewell,0.933,0.182,0,,5,53900.0,False,417000.0,True
F00941,4.7,False,rice,canal,0.991,0.309,2,1.5,28,31300.0,True,276000.0,False
F00942,7.2,True,wheat,diesel_tubewell,1.065,0.164,2,3.0,1,23800.0,False,430000.0,True
F00943,5.6,False,wheat,canal,1.049,0.185,4,3.0,34,42500.0,True,391000.0,False
F00944,8.8,True,wheat,canal,1.157,0.224,4,3.5,16,65700.0,False,621000.0,False
F00945,4.9,False,cotton,rainfed,1.249,0.178,1,4.5,0,0.0,True,423000.0,False
F00946,3.2,False,mango,canal,0.572,0.408,4,1.0,36,18000.0,True,182000.0,True
F00947,5.0,True,cotton,solar_pump,1.08,0.281,1,4.0,7,38200.0,True,373000.0,False
F00948,0.6,False,cotton,canal,1.149,0.18,2,2.5,34,8200.0,False,85000.0,False
F00949,5.2,True,cotton,canal,0.849,0.273,2,3.0,26,29000.0,False,328000.0,False
F00950,0.5,False,banana,canal,1.231,0.089,1,4.0,33,8100.0,False,94000.0,False
F00951,1.3,True,wheat,canal,1.243,0.057,4,3.5,23,12700.0,True,197000.0,False
F00952,5.4,True,mango,diesel_tubewell,0.768,0.23,1,3.0,13,41000.0,True,361000.0,True
F00953,5.5,True,wheat,canal,0.988,0.278,4,2.0,17,50200.0,True,336000.0,True
F00954,1.9,False,banana,diesel_tubewell,1.319,0.114,0,,27,11400.0,False,248000.0,False
F00955,2.6,False,wheat,diesel_tubewell,0.954,0.224,2,1.5,17,12500.0,True,148000.0,False
F00956,9.9,True,wheat,canal,0.886,0.173,4,2.5,34,31900.0,False,518000.0,False
F00957,3.0,False,cotton,canal,0.89,0.247,3,2.5,20,23500.0,True,231000.0,False
F00958,17.4,True,wheat,canal,1.165,0.13,2,3.0,2,102700.0,False,1053000.0,False
F00959,4.1,False,sugarcane,canal,1.105,0.121,2,4.5,2,42400.0,True,483000.0,False
F00960,5.3,True,rice,canal,1.056,0.152,3,2.5,16,23200.0,False,365000.0,False
F00961,11.6,True,rice,diesel_tubewell,0.974,0.21,3,2.0,1,44600.0,True,660000.0,False
F00962,4.4,False,wheat,diesel_tubewell,0.656,0.236,2,2.0,13,10200.0,False,176000.0,False
F00963,2.1,True,sugarcane,rainfed,1.167,0.244,1,4.0,9,6600.0,True,254000.0,False
F00964,3.8,True,wheat,solar_pump,1.154,0.08,2,3.0,31,33200.0,False,267000.0,False
F00965,4.0,False,banana,diesel_tubewell,1.007,0.235,0,,32,42100.0,False,399000.0,True
F00966,1.7,False,sugarcane,canal,1.121,0.212,1,2.0,21,23800.0,False,188000.0,False
F00967,3.4,False,rice,canal,1.011,0.213,3,4.0,29,20500.0,True,286000.0,False
F00968,2.5,False,mango,diesel_tubewell,1.16,0.15,0,,36,23400.0,False,235000.0,False
F00969,7.4,False,rice,canal,1.158,0.27,3,3.0,34,29600.0,True,538000.0,False
F00970,4.1,True,rice,canal,1.049,0.135,2,3.0,2,18200.0,False,282000.0,False
F00971,3.4,True,wheat,rainfed,0.755,0.317,5,2.0,16,31900.0,False,210000.0,True
F00972,3.8,False,rice,canal,0.924,0.208,2,2.0,11,15800.0,True,223000.0,False
F00973,4.7,False,cotton,canal,1.051,0.238,2,3.5,9,42500.0,False,370000.0,True
F00974,6.1,False,wheat,rainfed,1.102,0.262,3,4.0,20,39700.0,False,433000.0,False
F00975,2.1,False,mango,canal,0.64,0.264,0,,2,4000.0,False,109000.0,True
F00976,2.1,True,wheat,canal,0.885,0.303,4,3.0,8,15100.0,True,192000.0,False
F00977,8.3,True,rice,canal,0.93,0.31,6,3.0,7,54400.0,False,567000.0,True
F00978,3.1,False,wheat,canal,1.076,0.253,1,3.0,35,20300.0,False,190000.0,False
F00979,1.6,False,cotton,rainfed,1.122,0.239,2,4.0,33,4300.0,False,180000.0,False
F00980,5.4,False,mango,diesel_tubewell,1.187,0.21,3,3.0,25,30400.0,True,594000.0,False
F00981,5.5,True,wheat,diesel_tubewell,0.708,0.317,1,1.5,16,19200.0,True,205000.0,False
F00982,1.5,False,rice,canal,1.186,0.187,5,3.0,22,11500.0,True,221000.0,False
F00983,4.7,False,rice,canal,0.935,0.258,1,1.5,24,31000.0,True,250000.0,False
F00984,6.5,True,mango,diesel_tubewell,1.131,0.157,2,3.5,5,53100.0,False,654000.0,False
F00985,5.2,False,wheat,canal,1.036,0.312,1,3.0,7,29000.0,False,292000.0,False
F00986,6.1,False,sugarcane,canal,0.8,0.334,5,2.5,29,68700.0,True,543000.0,True
F00987,1.6,False,cotton,diesel_tubewell,0.938,0.18,2,3.5,33,6500.0,False,153000.0,False
F00988,5.0,False,cotton,rainfed,0.824,0.317,2,3.0,35,30600.0,True,310000.0,True
F00989,3.3,False,cotton,rainfed,0.978,0.359,4,4.0,9,29600.0,False,337000.0,False
F00990,3.0,True,cotton,rainfed,0.852,0.404,3,3.5,29,22100.0,False,249000.0,False
F00991,7.1,True,cotton,diesel_tubewell,0.893,0.297,2,2.5,25,33500.0,True,441000.0,False
F00992,10.6,True,wheat,solar_pump,1.219,0.13,6,3.0,20,70000.0,True,790000.0,False
F00993,13.0,False,cotton,rainfed,1.066,0.32,7,4.0,5,9200.0,True,1106000.0,False
F00994,9.5,True,rice,canal,1.029,0.202,4,3.0,25,78300.0,True,628000.0,False
F00995,3.8,False,cotton,canal,0.915,0.262,2,2.0,3,9800.0,False,252000.0,False
F00996,5.1,False,wheat,canal,0.767,0.271,6,2.5,19,45400.0,True,319000.0,True
F00997,6.7,True,cotton,rainfed,0.804,0.313,4,3.5,12,23600.0,False,456000.0,False
F00998,4.4,False,cotton,rainfed,1.245,0.374,2,4.0,1,20700.0,False,412000.0,False
F00999,4.4,True,rice,solar_pump,0.815,0.185,2,3.0,13,23600.0,False,244000.0,False
F01000,6.9,True,mango,canal,1.182,0.161,3,3.5,32,69100.0,True,748000.0,False
F01001,3.9,False,rice,rainfed,1.037,0.371,4,3.5,28,33000.0,False,335000.0,False
F01002,2.5,False,rice,canal,1.229,0.08,1,4.0,8,19000.0,True,199000.0,False
F01003,3.1,False,wheat,canal,1.085,0.191,2,3.0,27,17000.0,False,217000.0,False
F01004,6.1,True,banana,diesel_tubewell,1.169,0.131,5,3.5,11,60500.0,False,852000.0,False
F01005,4.1,False,wheat,solar_pump,0.837,0.198,5,2.5,15,28200.0,True,274000.0,True
F01006,5.1,True,cotton,rainfed,0.836,0.262,2,3.0,33,19200.0,False,319000.0,False
F01007,6.3,True,wheat,canal,1.087,0.207,2,3.0,18,34000.0,True,389000.0,False
F01008,3.2,False,wheat,canal,0.989,0.248,4,2.5,27,6400.0,True,240000.0,False
F01009,6.6,True,sugarcane,diesel_tubewell,1.159,0.155,3,3.5,36,71200.0,False,776000.0,False
F01010,5.2,True,wheat,canal,0.947,0.264,0,,20,21100.0,False,244000.0,False
F01011,1.8,False,wheat,rainfed,0.738,0.247,2,3.0,18,9500.0,False,116000.0,False
F01012,10.4,True,wheat,canal,1.014,0.194,2,4.5,9,83700.0,False,597000.0,False
F01013,2.9,False,banana,canal,0.988,0.243,2,3.0,22,44400.0,False,334000.0,False
F01014,1.4,False,sugarcane,canal,0.98,0.243,1,3.0,30,16900.0,True,148000.0,False
F01015,2.1,False,banana,diesel_tubewell,0.854,0.229,5,1.0,35,24800.0,False,219000.0,False
F01016,2.1,False,mango,rainfed,0.798,0.282,6,4.0,19,29200.0,True,336000.0,False
F01017,4.2,True,mango,canal,0.894,0.181,4,2.0,9,34700.0,True,371000.0,True
F01018,3.4,True,cotton,canal,1.127,0.199,2,3.0,20,28500.0,False,291000.0,False
F01019,3.3,False,wheat,rainfed,0.647,0.295,1,3.0,36,13500.0,True,131000.0,False
F01020,6.1,True,wheat,diesel_tubewell,0.805,0.281,1,1.5,7,21900.0,True,256000.0,False
F01021,5.1,True,wheat,canal,0.951,0.166,4,3.5,22,36200.0,False,357000.0,False
F01022,5.0,True,sugarcane,canal,0.952,0.291,2,2.5,16,40200.0,True,470000.0,True
F01023,5.3,False,wheat,rainfed,0.789,0.329,2,3.0,27,25000.0,True,257000.0,False
F01024,6.1,False,wheat,diesel_tubewell,1.104,0.161,3,3.5,13,47900.0,False,421000.0,False
F01025,1.0,False,rice,canal,1.015,0.205,1,2.5,17,4600.0,False,76000.0,False
F01026,3.2,False,wheat,canal,1.221,0.145,1,3.5,10,19500.0,True,223000.0,False
F01027,1.0,False,wheat,canal,0.991,0.222,4,3.5,35,14200.0,False,166000.0,False
F01028,4.2,False,wheat,canal,1.091,0.234,2,3.5,17,14100.0,False,285000.0,False
F01029,4.0,False,sugarcane,canal,0.931,0.173,1,5.0,33,48900.0,True,377000.0,False
F01030,8.0,False,wheat,canal,1.024,0.202,6,3.0,31,31000.0,True,555000.0,False
F01031,8.8,False,wheat,canal,0.949,0.319,4,2.0,18,62900.0,True,480000.0,False
F01032,4.6,False,wheat,canal,0.907,0.286,3,2.5,11,10400.0,True,269000.0,False
F01033,2.9,False,sugarcane,diesel_tubewell,0.935,0.287,2,1.5,20,9000.0,True,269000.0,False
F01034,5.6,False,wheat,diesel_tubewell,0.732,0.242,2,3.0,9,18200.0,True,253000.0,False
F01035,2.9,True,wheat,solar_pump,0.988,0.079,4,4.0,18,26600.0,True,275000.0,False
F01036,4.1,False,mango,canal,0.967,0.193,1,3.5,32,33800.0,False,350000.0,False
F01037,7.7,True,mango,rainfed,0.989,0.295,4,2.5,24,88500.0,False,700000.0,True
F01038,2.8,True,wheat,rainfed,0.599,0.429,1,2.0,28,5800.0,False,100000.0,False
F01039,6.8,False,wheat,rainfed,1.023,0.273,3,4.0,20,50700.0,False,444000.0,False
F01040,6.3,False,wheat,canal,1.217,0.161,3,3.5,20,13100.0,False,467000.0,True
F01041,2.2,False,sugarcane,canal,1.299,0.169,3,3.0,22,17000.0,False,332000.0,False
F01042,7.6,True,wheat,diesel_tubewell,1.388,0.122,1,3.5,25,41100.0,True,551000.0,False
F01043,6.4,False,banana,canal,0.815,0.21,3,4.0,10,28800.0,True,616000.0,False
F01044,4.3,False,mango,canal,1.05,0.172,1,2.5,3,39300.0,True,387000.0,False
F01045,2.5,False,rice,canal,1.075,0.268,5,3.5,8,17900.0,True,291000.0,False
F01046,2.3,False,wheat,diesel_tubewell,0.944,0.268,0,,27,12500.0,False,107000.0,False
F01047,2.9,False,mango,solar_pump,0.754,0.194,1,1.5,35,21300.0,True,190000.0,True
F01048,5.8,True,sugarcane,canal,1.148,0.152,1,3.5,32,38200.0,True,629000.0,True
F01049,2.2,False,sugarcane,rainfed,0.852,0.33,3,2.5,35,16600.0,False,231000.0,True
F01050,5.4,False,wheat,solar_pump,0.763,0.177,0,,17,16400.0,True,204000.0,True
F01051,1.8,False,sugarcane,canal,0.853,0.276,0,,11,17800.0,True,138000.0,False
F01052,3.6,False,mango,canal,0.886,0.216,1,3.0,31,14700.0,True,283000.0,True
F01053,4.4,False,banana,canal,1.1,0.171,2,2.5,14,4300.0,False,521000.0,False
F01054,19.9,True,rice,rainfed,0.903,0.403,5,2.5,21,74300.0,False,1074000.0,True
F01055,1.7,False,cotton,solar_pump,1.471,0.08,2,4.5,34,12300.0,True,233000.0,False
F01056,10.6,True,cotton,diesel_tubewell,0.879,0.267,4,2.0,1,21100.0,False,653000.0,False
F01057,4.5,False,sugarcane,diesel_tubewell,1.042,0.159,3,2.0,28,38800.0,False,472000.0,False
F01058,5.3,False,banana,canal,0.787,0.335,2,3.0,0,0.0,False,463000.0,True
F01059,4.4,False,rice,rainfed,1.046,0.379,3,3.0,22,30600.0,True,324000.0,False
F01060,5.4,True,wheat,rainfed,0.809,0.269,6,3.0,4,15800.0,False,366000.0,True
F01061,3.7,False,wheat,solar_pump,0.955,0.182,3,3.5,28,47700.0,False,262000.0,True
F01062,10.4,False,rice,diesel_tubewell,1.148,0.225,4,3.5,35,90300.0,True,761000.0,False
F01063,3.0,False,mango,canal,1.222,0.157,1,4.0,20,19500.0,False,330000.0,False
F01064,8.5,True,wheat,canal,1.273,0.172,5,3.0,35,38100.0,False,660000.0,False
F01065,2.7,False,cotton,canal,0.646,0.208,3,3.0,25,14200.0,True,185000.0,False
F01066,3.9,False,banana,diesel_tubewell,1.132,0.134,0,,1,47200.0,False,437000.0,False
F01067,2.0,False,cotton,solar_pump,1.172,0.155,2,2.5,13,13000.0,False,189000.0,False
F01068,5.5,False,wheat,rainfed,0.803,0.32,4,1.5,13,12000.0,True,269000.0,True
F01069,10.4,True,cotton,canal,0.92,0.234,4,3.0,35,24600.0,False,703000.0,False
F01070,3.9,False,cotton,canal,1.223,0.103,0,,35,24800.0,False,300000.0,False
F01071,3.6,True,wheat,canal,0.955,0.212,3,3.0,28,14500.0,True,245000.0,False
F01072,2.0,False,rice,rainfed,1.026,0.216,1,3.5,20,13000.0,False,140000.0,False
F01073,3.5,False,rice,solar_pump,1.234,0.232,2,4.0,2,3700.0,True,300000.0,False
F01074,1.4,True,rice,diesel_tubewell,1.164,0.074,1,3.5,29,11600.0,True,117000.0,False
F01075,2.2,False,rice,diesel_tubewell,1.035,0.256,2,3.0,15,12600.0,True,173000.0,False
F01076,4.7,False,wheat,diesel_tubewell,0.85,0.283,1,2.0,7,5300.0,True,214000.0,True
F01077,9.6,True,wheat,canal,0.858,0.176,6,2.5,31,50800.0,False,533000.0,False
F01078,25.2,True,wheat,canal,1.041,0.202,10,2.5,3,150600.0,True,1506000.0,False
F01079,2.8,False,wheat,canal,1.275,0.151,2,4.5,23,14200.0,True,252000.0,False
F01080,10.3,True,sugarcane,canal,0.834,0.222,3,3.0,12,89000.0,True,848000.0,True
F01081,4.8,False,wheat,diesel_tubewell,1.06,0.104,1,3.0,30,10500.0,False,277000.0,False
F01082,3.7,False,rice,canal,0.809,0.286,4,2.0,25,1900.0,True,228000.0,True
F01083,5.4,True,wheat,diesel_tubewell,1.275,0.118,1,3.5,6,28700.0,False,370000.0,False
F01084,4.2,True,wheat,diesel_tubewell,1.022,0.169,2,2.5,34,13700.0,True,254000.0,False
F01085,4.4,False,wheat,diesel_tubewell,0.969,0.274,2,4.0,2,11600.0,False,278000.0,False
F01086,3.1,False,cotton,rainfed,1.15,0.268,1,4.0,28,26400.0,False,258000.0,False
F01087,1.6,False,rice,canal,1.125,0.183,2,3.5,19,14100.0,False,156000.0,False
F01088,1.5,True,mango,diesel_tubewell,0.965,0.286,0,,15,16200.0,False,117000.0,False
F01089,6.2,False,wheat,canal,1.003,0.253,9,3.5,17,55500.0,True,570000.0,False
F01090,3.4,True,rice,solar_pump,1.425,0.044,2,4.5,13,34200.0,False,337000.0,True
F01091,2.8,False,sugarcane,diesel_tubewell,1.332,0.087,2,3.5,28,21400.0,True,394000.0,False
F01092,4.1,False,wheat,canal,1.085,0.229,4,3.5,32,4000.0,False,337000.0,False
F01093,6.8,False,wheat,canal,0.653,0.33,4,2.5,31,45200.0,True,303000.0,True
F01094,4.6,True,wheat,diesel_tubewell,1.31,0.085,4,4.5,19,44700.0,True,448000.0,True
F01095,2.6,False,wheat,diesel_tubewell,1.084,0.159,2,3.0,34,25900.0,False,190000.0,False
F01096,9.0,True,mango,diesel_tubewell,1.09,0.177,1,4.0,16,36400.0,False,828000.0,True
F01097,11.3,True,cotton,canal,0.949,0.186,8,3.0,17,102300.0,False,875000.0,False
F01098,5.6,True,cotton,diesel_tubewell,1.175,0.218,3,1.5,10,42000.0,False,452000.0,False
F01099,7.6,True,sugarcane,diesel_tubewell,0.849,0.312,0,,29,68900.0,True,581000.0,False
F01100,9.1,True,cotton,canal,0.927,0.242,5,2.5,25,65300.0,False,636000.0,False
F01101,8.5,True,rice,diesel_tubewell,1.079,0.127,3,3.5,21,44100.0,True,583000.0,False
F01102,6.0,False,wheat,diesel_tubewell,0.994,0.252,2,2.5,5,31200.0,True,337000.0,True
F01103,6.0,True,cotton,solar_pump,1.597,0.088,4,5.0,13,55100.0,False,770000.0,False
F01104,5.7,False,wheat,canal,0.77,0.273,4,1.5,14,29700.0,True,267000.0,True
F01105,2.0,True,wheat,canal,0.701,0.309,4,2.0,21,7700.0,False,136000.0,False
F01106,6.4,False,wheat,rainfed,1.062,0.24,3,3.0,27,24700.0,False,412000.0,False
F01107,1.7,False,sugarcane,rainfed,1.157,0.206,2,3.5,6,18400.0,False,235000.0,False
F01108,2.4,False,rice,canal,1.074,0.264,3,2.0,24,19600.0,False,189000.0,False
F01109,9.5,True,sugarcane,rainfed,0.662,0.312,3,3.5,21,55600.0,True,654000.0,False
F01110,7.0,False,wheat,canal,0.879,0.168,5,3.0,4,31100.0,True,429000.0,False
F01111,10.7,True,banana,rainfed,0.671,0.35,4,2.0,7,92100.0,True,777000.0,True
F01112,3.4,False,wheat,canal,1.086,0.237,1,3.0,13,21400.0,True,208000.0,False
F01113,1.9,False,mango,canal,0.987,0.28,2,2.5,20,13200.0,False,194000.0,False
F01114,3.5,False,sugarcane,rainfed,1.14,0.355,3,3.5,14,21700.0,True,447000.0,True
F01115,4.3,True,rice,canal,1.072,0.231,2,2.5,27,22500.0,True,290000.0,False
F01116,4.3,False,cotton,rainfed,1.033,0.281,2,2.5,8,20100.0,False,321000.0,True
F01117,8.5,False,sugarcane,diesel_tubewell,0.978,0.223,2,2.5,15,45500.0,False,790000.0,False
F01118,3.2,False,sugarcane,canal,0.868,0.284,1,3.5,7,30200.0,False,279000.0,False
F01119,5.1,False,wheat,rainfed,0.841,0.287,1,2.0,8,27700.0,True,229000.0,False
F01120,2.1,False,sugarcane,diesel_tubewell,1.197,0.203,2,3.5,18,23100.0,True,285000.0,False
F01121,5.4,True,wheat,rainfed,1.072,0.259,5,3.5,7,36000.0,True,432000.0,True
F01122,4.1,True,cotton,rainfed,0.761,0.454,2,2.5,12,14000.0,False,238000.0,False
F01123,2.5,False,rice,canal,1.161,0.072,0,,24,7500.0,False,157000.0,False
F01124,3.5,True,mango,canal,0.969,0.316,6,2.5,22,43900.0,True,400000.0,False
F01125,3.6,True,cotton,canal,1.019,0.271,6,1.5,26,12500.0,True,306000.0,False
F01126,3.4,False,wheat,diesel_tubewell,1.178,0.17,2,3.5,23,16100.0,False,257000.0,False
F01127,12.8,False,cotton,canal,0.809,0.223,3,2.0,34,43300.0,True,702000.0,False
F01128,3.8,False,wheat,canal,1.039,0.083,0,,35,19000.0,False,195000.0,False
F01129,3.5,False,cotton,solar_pump,0.928,0.245,5,2.0,15,22100.0,True,288000.0,False
F01130,1.0,False,cotton,canal,0.858,0.359,2,2.0,21,5600.0,True,87000.0,True
F01131,2.3,False,sugarcane,diesel_tubewell,0.895,0.279,5,1.5,3,31900.0,False,248000.0,False
F01132,3.4,False,wheat,diesel_tubewell,1.127,0.215,3,3.0,30,36400.0,False,265000.0,False
F01133,2.6,False,wheat,canal,1.126,0.183,3,2.5,21,20000.0,False,207000.0,False
F01134,10.0,False,cotton,canal,1.134,0.173,3,4.5,33,72900.0,True,827000.0,False
F01135,3.6,False,wheat,canal,1.226,0.222,0,,4,14500.0,False,219000.0,False
F01136,9.4,True,wheat,diesel_tubewell,1.106,0.152,1,2.5,15,44300.0,False,535000.0,False
F01137,4.2,True,cotton,canal,0.918,0.317,3,3.5,19,14300.0,False,330000.0,True
F01138,4.2,False,cotton,solar_pump,0.892,0.109,1,2.0,6,29400.0,True,253000.0,True
F01139,3.8,False,wheat,solar_pump,1.257,0.08,3,3.5,10,25600.0,False,324000.0,False
F01140,4.1,False,rice,canal,1.316,0.198,2,3.0,10,20600.0,False,341000.0,False
F01141,12.4,True,mango,rainfed,0.763,0.458,5,2.5,24,62900.0,True,871000.0,True
F01142,0.9,True,rice,rainfed,1.116,0.263,2,4.5,25,13800.0,False,129000.0,False
F01143,1.1,False,wheat,canal,0.757,0.274,2,1.5,23,5000.0,True,66000.0,False
F01144,2.8,False,wheat,rainfed,1.094,0.395,2,2.5,11,11000.0,True,193000.0,True
F01145,4.1,False,wheat,canal,0.987,0.213,4,2.5,4,3900.0,True,284000.0,False
F01146,6.4,True,rice,diesel_tubewell,1.048,0.234,2,3.0,4,33300.0,True,412000.0,False
F01147,5.5,False,rice,canal,1.142,0.193,2,4.0,29,38900.0,False,406000.0,False
F01148,3.2,True,wheat,solar_pump,1.006,0.197,1,3.0,5,12400.0,True,184000.0,False
F01149,7.9,True,wheat,rainfed,0.794,0.276,4,4.0,31,25200.0,False,444000.0,True
F01150,7.9,True,wheat,rainfed,0.827,0.442,4,2.5,12,18600.0,False,407000.0,False
F01151,4.6,True,wheat,rainfed,1.088,0.343,3,4.0,22,24600.0,False,348000.0,False
F01152,7.6,False,banana,canal,1.241,0.22,4,4.5,5,50100.0,True,1084000.0,True
F01153,4.8,True,wheat,diesel_tubewell,1.174,0.146,6,3.0,30,19700.0,False,429000.0,False
F01154,2.8,True,wheat,canal,1.016,0.175,1,2.0,33,10600.0,True,157000.0,False
F01155,6.4,False,cotton,canal,0.764,0.271,2,3.0,35,52300.0,True,358000.0,False
F01156,4.4,True,wheat,canal,1.144,0.307,3,3.5,0,0.0,False,337000.0,False
F01157,4.1,False,wheat,rainfed,1.087,0.249,3,4.0,33,39300.0,False,321000.0,False
F01158,10.6,True,cotton,diesel_tubewell,1.148,0.201,1,3.0,8,83000.0,False,792000.0,False
F01159,0.8,True,wheat,canal,1.124,0.178,2,2.5,21,1600.0,False,86000.0,False
F01160,1.6,False,wheat,rainfed,0.918,0.255,3,3.0,34,25500.0,False,148000.0,False
F01161,1.9,False,rice,solar_pump,1.328,0.107,2,5.0,23,21200.0,False,220000.0,False
F01162,3.2,False,cotton,canal,1.03,0.345,2,2.0,29,11200.0,True,241000.0,False
F01163,3.4,True,wheat,diesel_tubewell,1.104,0.25,6,3.5,8,62400.0,False,361000.0,False
F01164,1.5,False,mango,diesel_tubewell,0.893,0.146,1,3.0,34,10700.0,False,134000.0,False
F01165,2.1,False,wheat,diesel_tubewell,0.997,0.238,3,3.0,23,19900.0,False,179000.0,False
F01166,2.3,False,banana,diesel_tubewell,1.453,0.043,3,3.5,32,30500.0,False,418000.0,False
F01167,20.0,True,banana,diesel_tubewell,1.199,0.099,6,3.0,0,0.0,False,2523000.0,False
F01168,13.1,True,cotton,canal,1.122,0.223,3,4.0,15,109000.0,True,1026000.0,False
F01169,3.1,False,wheat,diesel_tubewell,0.588,0.399,0,,30,10100.0,True,90000.0,False
F01170,3.2,False,mango,canal,0.752,0.321,7,1.0,3,31900.0,True,253000.0,False
F01171,1.9,False,cotton,canal,0.983,0.247,1,3.0,8,12600.0,False,143000.0,False
F01172,1.2,False,wheat,canal,0.965,0.243,0,,30,5200.0,False,57000.0,False
F01173,3.8,False,rice,diesel_tubewell,1.047,0.245,4,3.0,35,25700.0,True,315000.0,False
F01174,2.1,False,cotton,canal,0.989,0.132,5,2.5,13,11400.0,False,235000.0,False
F01175,3.8,False,mango,canal,0.955,0.351,6,2.5,5,22300.0,True,419000.0,True
F01176,1.4,False,sugarcane,canal,1.046,0.198,2,3.0,4,13300.0,True,182000.0,False
F01177,2.5,False,mango,rainfed,0.859,0.325,0,,30,21800.0,True,174000.0,False
F01178,4.5,False,sugarcane,canal,0.882,0.218,3,3.5,28,44000.0,True,445000.0,True
F01179,5.1,False,rice,canal,1.195,0.091,2,4.0,24,31800.0,False,396000.0,False
F01180,5.3,True,cotton,canal,0.951,0.265,5,3.0,0,0.0,False,443000.0,False
F01181,1.7,False,banana,diesel_tubewell,0.808,0.296,3,1.5,13,7700.0,True,173000.0,True
F01182,7.1,False,banana,canal,1.382,0.144,4,4.5,8,59900.0,False,1122000.0,False
F01183,2.4,False,mango,canal,0.838,0.24,1,2.0,20,15900.0,True,180000.0,True
F01184,6.1,False,sugarcane,rainfed,1.2,0.346,5,3.0,24,65500.0,False,784000.0,False
F01185,4.0,True,rice,solar_pump,0.957,0.287,1,2.5,32,24900.0,True,228000.0,False
F01186,1.7,False,wheat,diesel_tubewell,1.038,0.236,0,,8,6700.0,True,87000.0,False
F01187,3.3,False,mango,diesel_tubewell,0.917,0.212,1,4.0,20,28500.0,False,279000.0,False
F01188,5.1,False,wheat,rainfed,0.945,0.205,3,3.5,2,10500.0,False,326000.0,True
F01189,6.0,False,wheat,rainfed,0.876,0.367,3,2.0,6,16000.0,False,310000.0,False
F01190,3.7,True,cotton,diesel_tubewell,0.926,0.247,1,3.0,25,22200.0,True,241000.0,False
F01191,11.0,False,rice,solar_pump,1.063,0.189,5,4.0,20,66900.0,True,798000.0,False
F01192,7.8,False,rice,rainfed,0.784,0.261,4,2.5,11,44600.0,False,414000.0,False
F01193,3.4,True,wheat,rainfed,0.518,0.435,1,3.0,17,13700.0,True,112000.0,True
F01194,6.6,False,wheat,canal,0.853,0.315,0,,33,34600.0,False,279000.0,False
F01195,14.3,True,wheat,rainfed,1.418,0.142,5,4.5,11,162200.0,False,1191000.0,False
F01196,14.5,True,cotton,diesel_tubewell,0.921,0.289,8,3.0,2,150000.0,True,1041000.0,False
F01197,1.8,False,wheat,diesel_tubewell,1.212,0.152,2,3.0,3,11300.0,True,158000.0,False
F01198,2.2,False,sugarcane,canal,1.026,0.223,2,3.0,12,40500.0,False,253000.0,True
F01199,10.6,True,wheat,canal,1.249,0.093,6,4.0,19,153700.0,False,855000.0,False
F01200,2.0,False,cotton,solar_pump,0.84,0.2,0,,33,4200.0,True,106000.0,False
F01201,1.7,False,wheat,diesel_tubewell,1.14,0.148,3,3.5,20,11700.0,False,183000.0,False
F01202,3.0,False,cotton,canal,1.123,0.184,1,3.5,2,23000.0,False,241000.0,False
F01203,5.3,True,mango,diesel_tubewell,1.058,0.232,3,2.5,7,47000.0,True,517000.0,True
F01204,3.8,False,wheat,canal,1.053,0.304,4,1.0,32,6300.0,True,231000.0,False
F01205,2.7,False,cotton,diesel_tubewell,1.059,0.154,4,3.5,5,15300.0,False,297000.0,False
F01206,2.6,False,sugarcane,diesel_tubewell,1.165,0.23,3,2.5,30,30400.0,True,335000.0,True
F01207,2.6,False,wheat,diesel_tubewell,0.896,0.154,3,2.0,29,12600.0,True,165000.0,False
F01208,2.3,False,mango,canal,1.192,0.168,3,2.5,4,29600.0,False,285000.0,False
F01209,17.9,True,banana,canal,1.069,0.226,3,2.0,20,288700.0,False,1944000.0,False
F01210,4.9,False,rice,canal,0.985,0.173,3,3.5,20,14600.0,False,348000.0,False
F01211,7.2,False,banana,diesel_tubewell,1.142,0.216,2,4.5,3,142600.0,True,889000.0,False
F01212,3.0,False,cotton,rainfed,1.173,0.259,2,3.0,4,39700.0,False,272000.0,True
F01213,3.6,False,cotton,solar_pump,1.444,0.119,3,4.0,7,11000.0,True,428000.0,True
F01214,2.6,False,wheat,solar_pump,1.073,0.226,2,3.0,34,8200.0,True,188000.0,False
F01215,0.7,False,wheat,canal,0.969,0.172,3,3.5,2,8500.0,False,121000.0,False
F01216,1.7,False,wheat,canal,0.826,0.335,2,2.5,36,5700.0,True,111000.0,True
F01217,1.2,False,cotton,rainfed,0.574,0.514,1,2.5,22,6600.0,True,64000.0,False
F01218,0.9,False,cotton,diesel_tubewell,1.272,0.206,1,3.0,12,10200.0,False,97000.0,False
F01219,1.9,False,wheat,canal,0.972,0.225,2,3.0,11,12400.0,True,141000.0,False
F01220,9.6,False,rice,diesel_tubewell,1.043,0.129,3,4.0,35,61400.0,True,641000.0,False
F01221,3.9,False,wheat,diesel_tubewell,0.849,0.201,3,3.0,15,18800.0,True,239000.0,False
F01222,9.4,False,wheat,canal,0.901,0.187,4,2.5,10,48500.0,True,503000.0,False
F01223,5.3,False,wheat,canal,0.993,0.297,3,2.5,34,47500.0,True,323000.0,False
F01224,6.7,True,sugarcane,diesel_tubewell,1.015,0.219,6,3.0,22,6400.0,False,762000.0,False
F01225,2.3,False,cotton,canal,0.888,0.246,4,2.5,27,17800.0,True,212000.0,True
F01226,5.7,False,sugarcane,canal,0.819,0.173,1,2.0,8,43200.0,True,437000.0,False
F01227,6.5,False,wheat,solar_pump,1.139,0.148,2,3.0,36,33300.0,True,416000.0,False
F01228,2.8,False,cotton,rainfed,1.146,0.332,2,4.5,0,0.0,False,277000.0,False
F01229,5.8,False,banana,canal,0.993,0.201,1,3.5,35,73900.0,True,599000.0,False
F01230,5.9,False,wheat,canal,0.914,0.291,2,3.0,12,21000.0,False,317000.0,False
F01231,2.8,False,cotton,diesel_tubewell,1.134,0.317,2,3.5,0,0.0,False,258000.0,False
F01232,2.0,False,wheat,canal,0.938,0.221,2,1.5,16,4000.0,False,118000.0,False
F01233,1.9,False,wheat,rainfed,0.928,0.22,2,2.5,15,13400.0,True,129000.0,False
F01234,4.3,False,cotton,diesel_tubewell,1.117,0.134,5,3.0,7,35400.0,False,428000.0,False
F01235,5.0,False,wheat,canal,1.102,0.229,4,2.5,31,32800.0,True,356000.0,True
F01236,2.4,False,cotton,solar_pump,0.918,0.173,2,2.5,19,19600.0,True,180000.0,False
F01237,4.1,False,banana,canal,1.044,0.179,2,2.0,0,0.0,False,457000.0,False
F01238,5.9,False,wheat,diesel_tubewell,1.405,0.095,2,4.5,34,58300.0,False,485000.0,False
F01239,6.1,False,wheat,rainfed,0.896,0.26,5,3.0,17,59000.0,True,396000.0,False
F01240,11.1,True,mango,canal,1.01,0.238,6,3.0,30,77900.0,False,1058000.0,False
F01241,9.3,True,cotton,canal,1.039,0.292,5,3.5,3,49900.0,False,755000.0,True
F01242,2.1,False,mango,rainfed,0.858,0.37,2,3.5,15,25600.0,True,204000.0,False
F01243,12.1,True,wheat,diesel_tubewell,0.742,0.337,5,2.5,25,63700.0,True,549000.0,False
F01244,2.9,False,rice,canal,1.25,0.111,1,4.0,15,7100.0,False,229000.0,False
F01245,8.0,True,banana,canal,1.287,0.172,4,3.0,0,0.0,False,1119000.0,False
F01246,4.2,False,wheat,canal,0.99,0.218,1,3.5,32,25700.0,True,235000.0,False
F01247,3.1,False,mango,diesel_tubewell,1.03,0.232,3,4.0,22,29200.0,True,359000.0,True
F01248,1.3,False,rice,canal,0.949,0.243,3,3.0,21,18900.0,False,142000.0,False
F01249,3.6,False,mango,canal,1.006,0.228,2,3.0,6,10300.0,True,343000.0,False
F01250,1.5,False,wheat,canal,1.106,0.287,3,3.5,15,2000.0,False,170000.0,False
F01251,7.6,True,cotton,diesel_tubewell,1.125,0.172,3,4.0,32,75900.0,True,639000.0,False
F01252,10.9,False,wheat,rainfed,0.839,0.366,2,3.5,10,28700.0,True,511000.0,False
F01253,2.4,False,banana,diesel_tubewell,0.857,0.233,4,2.5,6,23600.0,True,287000.0,False
F01254,4.9,True,wheat,diesel_tubewell,1.139,0.186,5,4.0,34,20200.0,True,443000.0,False
F01255,2.5,False,wheat,solar_pump,1.023,0.211,4,2.5,13,23500.0,True,210000.0,False
F01256,2.7,False,mango,canal,0.647,0.405,2,1.0,18,15000.0,True,158000.0,True
F01257,6.7,False,wheat,canal,1.156,0.179,3,3.5,0,0.0,False,471000.0,False
F01258,4.0,False,rice,canal,1.213,0.148,0,,12,11100.0,False,262000.0,False
F01259,12.6,True,wheat,canal,1.109,0.199,7,4.0,34,72100.0,False,925000.0,False
F01260,3.0,False,rice,rainfed,0.811,0.314,1,2.5,33,14400.0,False,152000.0,False
F01261,7.8,False,wheat,canal,1.016,0.261,6,3.0,36,35600.0,True,542000.0,False
F01262,4.3,False,cotton,rainfed,1.128,0.359,1,4.0,25,22600.0,False,339000.0,True
F01263,6.8,False,cotton,canal,0.807,0.265,3,2.5,27,34200.0,True,408000.0,False
F01264,3.0,False,wheat,diesel_tubewell,0.774,0.317,3,3.5,32,21400.0,True,202000.0,True
F01265,3.9,False,wheat,canal,1.202,0.12,0,,2,22600.0,True,232000.0,False
F01266,3.8,False,wheat,canal,1.352,0.197,1,3.5,11,34700.0,False,283000.0,False
F01267,2.4,True,sugarcane,canal,0.966,0.189,1,3.0,3,18800.0,True,234000.0,False
F01268,6.2,False,wheat,diesel_tubewell,1.128,0.111,2,3.5,36,47400.0,True,405000.0,False
F01269,6.2,True,wheat,diesel_tubewell,0.924,0.216,2,2.5,22,14500.0,False,325000.0,False
F01270,6.0,True,wheat,rainfed,0.443,0.415,4,1.0,32,15900.0,True,165000.0,True
F01271,11.0,True,cotton,rainfed,1.105,0.126,6,4.5,22,94000.0,True,991000.0,False
F01272,10.4,True,sugarcane,diesel_tubewell,1.0,0.182,4,3.0,23,167800.0,False,1036000.0,True
F01273,3.2,True,cotton,rainfed,0.949,0.32,3,3.0,25,16200.0,False,266000.0,False
F01274,5.2,False,mango,canal,1.214,0.17,1,3.5,36,23400.0,True,541000.0,False
F01275,2.7,False,rice,canal,1.177,0.181,3,2.5,32,13500.0,True,234000.0,False
F01276,4.1,False,mango,canal,0.976,0.234,3,2.5,16,24100.0,False,387000.0,False
F01277,2.7,False,sugarcane,diesel_tubewell,1.083,0.127,3,3.0,23,32800.0,False,338000.0,False
F01278,11.6,True,wheat,diesel_tubewell,0.976,0.145,3,4.0,18,27300.0,True,661000.0,False
F01279,5.1,False,banana,diesel_tubewell,1.071,0.235,2,3.0,6,56000.0,True,591000.0,False
F01280,3.5,True,sugarcane,rainfed,0.609,0.463,1,2.0,22,17600.0,True,208000.0,True
F01281,8.8,True,rice,canal,0.825,0.33,7,1.5,13,54600.0,False,480000.0,False
F01282,1.0,True,wheat,solar_pump,0.946,0.192,2,4.0,28,11800.0,True,113000.0,False
F01283,1.1,False,wheat,diesel_tubewell,0.726,0.35,5,2.0,32,13600.0,True,123000.0,False
F01284,6.8,True,rice,diesel_tubewell,0.638,0.307,3,2.0,25,28400.0,True,284000.0,True
F01285,4.2,False,cotton,canal,0.989,0.215,2,2.0,6,36100.0,True,295000.0,False
F01286,4.8,False,rice,canal,0.916,0.267,5,3.5,33,12900.0,False,383000.0,False
F01287,1.7,False,cotton,canal,0.982,0.223,2,2.5,12,5100.0,False,147000.0,False
F01288,4.0,False,cotton,solar_pump,0.655,0.231,1,2.5,17,15400.0,True,186000.0,True
F01289,14.9,True,wheat,diesel_tubewell,1.195,0.218,1,4.0,23,78800.0,False,915000.0,False
F01290,6.9,True,wheat,canal,0.802,0.372,5,2.5,21,18600.0,True,378000.0,False
F01291,4.5,False,wheat,solar_pump,1.024,0.067,3,2.0,28,28400.0,True,278000.0,False
F01292,3.0,False,mango,diesel_tubewell,0.927,0.238,2,2.5,15,10600.0,True,267000.0,False
F01293,3.1,False,rice,rainfed,0.992,0.253,4,3.5,24,21000.0,False,283000.0,False
F01294,1.0,False,banana,diesel_tubewell,0.999,0.219,4,3.5,29,17800.0,False,216000.0,False
F01295,4.8,True,sugarcane,diesel_tubewell,0.924,0.109,2,1.5,19,43400.0,True,424000.0,True
F01296,7.0,True,sugarcane,diesel_tubewell,0.863,0.072,2,2.0,26,38400.0,False,577000.0,False
F01297,1.5,False,cotton,diesel_tubewell,1.164,0.249,1,3.0,31,16700.0,True,135000.0,False
F01298,2.6,False,mango,canal,0.916,0.327,2,2.5,35,32700.0,False,235000.0,True
F01299,1.9,False,banana,canal,0.981,0.118,3,2.0,19,31600.0,False,234000.0,False
F01300,2.2,False,sugarcane,rainfed,0.949,0.332,4,3.5,35,43700.0,True,304000.0,False
F01301,4.2,False,wheat,diesel_tubewell,1.226,0.242,1,4.0,16,34300.0,False,288000.0,False
F01302,1.0,False,rice,diesel_tubewell,1.016,0.088,2,2.5,20,10000.0,False,97000.0,False
F01303,6.0,False,wheat,diesel_tubewell,0.834,0.249,4,4.0,5,22200.0,False,381000.0,False
F01304,6.6,True,wheat,diesel_tubewell,0.585,0.31,1,2.0,1,13400.0,True,208000.0,True
F01305,3.4,True,sugarcane,canal,0.983,0.14,2,3.0,16,40300.0,True,351000.0,False
F01306,0.8,False,mango,canal,0.775,0.263,2,2.5,21,2200.0,True,92000.0,False
F01307,2.1,False,wheat,canal,1.027,0.125,3,3.5,18,24800.0,False,194000.0,False
F01308,9.0,True,wheat,canal,0.81,0.218,5,3.0,23,30700.0,True,486000.0,False
F01309,0.7,False,mango,canal,0.819,0.19,1,2.0,10,4100.0,True,63000.0,False
F01310,3.2,False,wheat,solar_pump,0.947,0.184,4,2.0,2,23700.0,True,217000.0,False
F01311,1.9,False,wheat,canal,1.234,0.204,3,4.0,26,20000.0,False,216000.0,False
F01312,6.8,True,sugarcane,rainfed,0.635,0.429,2,3.5,6,31000.0,True,447000.0,False
F01313,2.6,False,mango,rainfed,1.133,0.348,2,5.0,11,17100.0,False,322000.0,False
F01314,5.3,False,cotton,canal,1.125,0.201,0,,32,12500.0,False,376000.0,False
F01315,5.9,True,cotton,diesel_tubewell,0.965,0.186,5,3.0,0,0.0,True,484000.0,False
F01316,13.4,True,wheat,diesel_tubewell,1.048,0.167,2,2.5,15,97400.0,False,737000.0,False
F01317,3.6,False,wheat,rainfed,0.797,0.291,1,4.0,23,13300.0,False,175000.0,False
F01318,5.2,False,sugarcane,diesel_tubewell,1.242,0.194,4,3.5,34,37500.0,True,698000.0,False
F01319,1.5,False,mango,canal,1.02,0.143,1,3.0,12,16100.0,True,149000.0,False
F01320,8.8,True,wheat,canal,0.711,0.321,3,2.0,11,20600.0,True,360000.0,False
F01321,2.5,False,wheat,rainfed,1.092,0.24,1,2.5,7,9000.0,False,156000.0,False
F01322,2.8,False,wheat,canal,1.109,0.194,2,3.5,36,26100.0,True,212000.0,False
F01323,4.0,False,wheat,solar_pump,1.021,0.2,2,3.0,8,27200.0,False,252000.0,False
F01324,1.5,False,wheat,canal,1.213,0.14,3,5.0,24,19200.0,False,215000.0,False
F01325,4.7,True,wheat,diesel_tubewell,1.274,0.04,4,3.5,32,26800.0,False,413000.0,False
F01326,7.6,False,sugarcane,diesel_tubewell,1.041,0.181,2,3.5,27,70200.0,True,770000.0,True
F01327,4.9,False,wheat,canal,0.911,0.206,2,3.5,19,28700.0,True,279000.0,False
F01328,1.4,False,sugarcane,canal,0.825,0.323,3,3.0,22,16400.0,False,179000.0,False
F01329,3.7,False,rice,canal,1.076,0.246,3,4.0,12,39000.0,True,315000.0,False
F01330,6.6,True,mango,solar_pump,1.373,0.04,2,3.5,20,39600.0,False,793000.0,False
F01331,1.2,False,banana,diesel_tubewell,0.646,0.316,2,1.5,28,7600.0,True,102000.0,False
F01332,2.0,False,cotton,canal,1.014,0.212,7,5.0,26,42700.0,True,419000.0,False
F01333,7.2,True,wheat,diesel_tubewell,0.956,0.13,7,3.0,5,33100.0,False,516000.0,False
F01334,4.8,False,sugarcane,canal,0.751,0.33,3,2.0,7,43100.0,True,375000.0,False
F01335,5.3,False,wheat,diesel_tubewell,1.115,0.097,3,3.5,26,48700.0,True,380000.0,False
F01336,13.6,True,wheat,solar_pump,1.226,0.159,6,2.5,18,81100.0,False,950000.0,True
F01337,5.5,False,wheat,rainfed,0.74,0.307,3,2.5,16,25400.0,True,264000.0,False
F01338,6.2,False,mango,rainfed,0.669,0.272,1,2.0,35,26900.0,False,353000.0,False
F01339,23.6,True,wheat,canal,1.226,0.256,5,4.0,5,117600.0,True,1599000.0,False
F01340,3.5,False,cotton,canal,0.842,0.185,3,2.0,33,29700.0,False,236000.0,False
F01341,2.4,False,cotton,rainfed,1.149,0.235,2,4.0,20,13300.0,False,240000.0,False
F01342,5.4,False,rice,canal,0.806,0.245,3,3.0,34,34400.0,True,310000.0,True
F01343,5.4,True,wheat,canal,1.044,0.165,0,,18,18700.0,False,279000.0,False
F01344,2.9,False,mango,canal,1.114,0.272,5,3.5,29,22500.0,False,408000.0,False
F01345,2.1,False,sugarcane,solar_pump,1.283,0.093,4,3.5,8,42000.0,False,359000.0,False
F01346,18.2,True,cotton,diesel_tubewell,1.171,0.168,2,3.5,29,149200.0,False,1401000.0,False
F01347,5.0,False,cotton,rainfed,0.517,0.363,5,3.0,7,17700.0,True,288000.0,False
F01348,2.5,False,mango,canal,0.968,0.124,3,3.0,34,21100.0,True,271000.0,False
F01349,7.4,False,sugarcane,canal,0.849,0.301,3,1.0,21,46800.0,True,591000.0,False
F01350,3.8,False,cotton,canal,0.853,0.301,1,2.0,28,20100.0,True,221000.0,True
F01351,3.4,False,cotton,solar_pump,0.865,0.145,1,3.0,33,14100.0,True,210000.0,False
F01352,5.8,False,wheat,canal,1.088,0.334,3,2.5,3,52900.0,False,375000.0,False
F01353,1.8,False,wheat,rainfed,1.166,0.304,0,,12,4800.0,False,104000.0,True
F01354,5.1,True,wheat,diesel_tubewell,1.466,0.133,3,4.0,21,15400.0,False,470000.0,False
F01355,14.1,True,wheat,solar_pump,1.111,0.212,2,1.5,0,0.0,False,801000.0,True
F01356,5.5,False,wheat,solar_pump,1.245,0.114,3,3.5,1,7300.0,False,426000.0,False
F01357,3.2,False,mango,diesel_tubewell,1.215,0.189,2,4.0,24,21900.0,False,382000.0,True
F01358,2.9,False,sugarcane,solar_pump,1.224,0.148,2,4.0,6,24000.0,False,386000.0,False
F01359,3.1,False,mango,canal,0.942,0.209,3,3.0,18,26100.0,False,312000.0,False
F01360,3.4,False,rice,solar_pump,1.166,0.085,2,2.5,25,19600.0,True,256000.0,False
F01361,3.2,False,rice,solar_pump,0.961,0.159,2,2.0,28,18200.0,False,199000.0,True
F01362,7.4,False,wheat,diesel_tubewell,0.979,0.244,4,3.0,34,26300.0,True,459000.0,False
F01363,1.3,False,sugarcane,canal,1.0,0.232,1,3.5,0,0.0,False,146000.0,False
F01364,7.1,False,wheat,rainfed,0.993,0.308,1,2.5,0,0.0,False,370000.0,False
F01365,3.2,False,cotton,rainfed,0.803,0.327,5,2.0,1,2000.0,True,245000.0,True
F01366,5.2,True,banana,diesel_tubewell,0.954,0.215,2,2.5,27,51900.0,True,533000.0,False
F01367,1.9,False,mango,rainfed,1.006,0.361,2,3.5,3,2500.0,False,213000.0,False
F01368,9.6,True,wheat,diesel_tubewell,1.188,0.19,5,4.0,16,61200.0,False,731000.0,False
F01369,9.1,False,sugarcane,canal,1.243,0.103,9,4.5,0,0.0,False,1356000.0,True
F01370,7.6,True,wheat,diesel_tubewell,1.132,0.104,1,3.0,30,42200.0,False,451000.0,False
F01371,1.5,False,wheat,canal,0.897,0.26,2,3.5,30,7800.0,True,125000.0,False
F01372,7.0,False,wheat,diesel_tubewell,0.856,0.183,2,2.5,23,31100.0,True,338000.0,True
F01373,5.3,True,wheat,diesel_tubewell,1.019,0.172,4,3.0,35,19100.0,False,367000.0,False
F01374,1.4,False,sugarcane,canal,1.17,0.266,2,4.0,21,27700.0,True,214000.0,False
F01375,4.0,True,cotton,canal,0.897,0.225,0,,25,25100.0,False,226000.0,False
F01376,5.1,False,wheat,diesel_tubewell,0.693,0.172,2,3.0,15,11600.0,True,225000.0,False
F01377,5.8,False,banana,solar_pump,0.986,0.229,4,2.5,36,84000.0,True,650000.0,False
F01378,4.6,False,cotton,rainfed,0.797,0.206,1,3.0,12,23000.0,False,256000.0,False
F01379,4.9,False,cotton,canal,1.208,0.254,3,3.0,8,20500.0,True,448000.0,False
F01380,10.6,False,cotton,rainfed,0.794,0.352,6,3.0,18,83100.0,False,680000.0,True
F01381,9.0,True,cotton,canal,1.09,0.247,2,3.0,6,92200.0,False,668000.0,False
F01382,0.6,False,cotton,canal,1.037,0.211,2,2.0,24,5400.0,False,73000.0,False
F01383,3.3,False,rice,diesel_tubewell,1.089,0.215,3,2.5,21,24500.0,True,257000.0,False
F01384,3.6,False,mango,canal,1.034,0.247,1,2.0,14,26400.0,False,318000.0,False
F01385,1.3,True,wheat,solar_pump,0.934,0.184,0,,0,0.0,False,60000.0,False
F01386,4.3,False,cotton,canal,1.16,0.293,3,2.5,18,41400.0,False,377000.0,True
F01387,9.1,True,wheat,canal,1.089,0.198,3,4.0,19,68600.0,False,590000.0,False
F01388,2.0,False,mango,diesel_tubewell,1.171,0.184,1,4.0,22,4800.0,False,223000.0,False
F01389,5.0,False,wheat,canal,0.692,0.231,8,2.5,1,22300.0,False,338000.0,False
F01390,2.2,False,wheat,canal,0.979,0.255,4,4.0,0,0.0,False,240000.0,False
F01391,2.6,False,banana,canal,0.616,0.289,1,1.5,28,10300.0,True,171000.0,True
F01392,10.6,True,rice,canal,0.962,0.294,3,2.5,7,58200.0,True,613000.0,False
F01393,2.9,False,wheat,solar_pump,1.151,0.063,2,3.5,33,11800.0,False,224000.0,False
F01394,5.5,True,wheat,canal,1.216,0.097,1,4.0,6,38600.0,True,365000.0,False
F01395,1.2,False,cotton,diesel_tubewell,0.783,0.174,0,,13,5000.0,False,59000.0,False
F01396,13.6,True,banana,diesel_tubewell,0.968,0.265,5,2.5,32,145700.0,True,1408000.0,False
F01397,6.0,False,cotton,diesel_tubewell,0.98,0.161,2,3.5,4,41400.0,True,429000.0,True
F01398,3.6,False,wheat,diesel_tubewell,0.826,0.325,2,2.5,33,6900.0,True,189000.0,False
F01399,5.9,True,rice,diesel_tubewell,1.068,0.148,6,3.5,0,0.0,False,515000.0,False
F01400,1.6,False,cotton,rainfed,1.025,0.311,1,3.0,6,5100.0,False,128000.0,False
F01401,8.7,True,wheat,canal,0.808,0.303,1,1.5,10,59900.0,False,361000.0,False
F01402,3.3,True,mango,solar_pump,1.041,0.163,1,2.5,25,3400.0,False,299000.0,False
F01403,3.6,False,wheat,canal,0.853,0.276,4,3.0,21,21600.0,False,252000.0,True
F01404,2.9,False,mango,diesel_tubewell,1.289,0.142,0,,15,11000.0,False,303000.0,False
F01405,2.8,False,sugarcane,diesel_tubewell,1.002,0.141,1,3.0,20,38100.0,False,277000.0,False
F01406,6.4,True,wheat,canal,0.812,0.184,2,3.5,20,15600.0,True,316000.0,False
F01407,4.8,True,sugarcane,canal,0.827,0.297,3,2.5,29,19700.0,True,420000.0,True
F01408,6.2,False,sugarcane,canal,1.128,0.183,1,3.0,15,55300.0,False,654000.0,False
F01409,4.0,True,rice,canal,1.314,0.168,3,3.0,34,47000.0,False,359000.0,False
F01410,5.7,True,rice,diesel_tubewell,1.03,0.291,4,2.5,17,49800.0,True,400000.0,False
F01411,3.1,False,wheat,canal,0.994,0.194,1,3.5,31,13800.0,True,182000.0,False
F01412,17.3,True,wheat,solar_pump,0.942,0.16,7,3.5,25,73400.0,True,1011000.0,False
F01413,1.5,True,sugarcane,rainfed,1.1,0.26,3,4.5,14,26300.0,False,261000.0,False
F01414,9.2,True,wheat,canal,0.612,0.305,4,2.5,10,29500.0,True,362000.0,True
F01415,9.9,True,wheat,canal,1.134,0.208,5,4.5,18,63900.0,True,743000.0,False
F01416,2.3,True,cotton,canal,0.965,0.217,3,2.0,0,0.0,True,190000.0,False
F01417,17.3,True,wheat,rainfed,0.843,0.439,3,3.5,12,83900.0,True,810000.0,False
F01418,7.7,True,sugarcane,canal,0.955,0.261,5,3.0,18,77400.0,False,787000.0,False
F01419,7.6,False,mango,canal,0.933,0.248,4,3.0,13,90400.0,True,674000.0,False
F01420,4.1,False,mango,rainfed,0.695,0.341,2,2.0,3,16400.0,True,264000.0,True
F01421,3.5,False,wheat,diesel_tubewell,1.253,0.206,3,3.5,21,18800.0,False,305000.0,False
F01422,3.5,False,cotton,canal,1.104,0.165,3,4.0,35,27600.0,False,344000.0,False
F01423,5.2,False,mango,rainfed,0.712,0.306,0,,16,23000.0,False,300000.0,False
F01424,10.1,True,cotton,rainfed,1.03,0.311,6,4.0,12,95900.0,False,855000.0,False
F01425,4.6,False,sugarcane,diesel_tubewell,0.908,0.206,4,1.5,25,20500.0,True,426000.0,True
F01426,2.2,True,rice,canal,1.082,0.247,2,2.0,0,0.0,False,162000.0,False
F01427,6.9,False,cotton,diesel_tubewell,1.19,0.16,3,3.5,33,44700.0,False,605000.0,False
F01428,7.4,False,wheat,canal,0.88,0.275,8,3.5,17,68200.0,True,556000.0,False
F01429,6.2,True,rice,diesel_tubewell,1.145,0.124,2,3.5,28,74100.0,False,442000.0,False
F01430,6.6,False,wheat,canal,1.105,0.16,2,3.5,11,49300.0,False,419000.0,False
F01431,3.4,False,mango,diesel_tubewell,0.992,0.234,2,2.5,7,32800.0,False,315000.0,False
F01432,2.2,False,rice,solar_pump,1.153,0.108,2,3.0,25,22500.0,False,187000.0,False
F01433,2.3,True,wheat,rainfed,0.993,0.334,4,3.0,10,15700.0,True,213000.0,False
F01434,1.4,False,sugarcane,rainfed,0.648,0.391,2,3.5,26,12900.0,True,140000.0,False
F01435,4.7,False,cotton,canal,0.859,0.259,3,2.0,25,18500.0,True,304000.0,True
F01436,3.8,False,wheat,canal,0.806,0.328,1,2.0,25,10600.0,True,168000.0,True
F01437,3.0,True,banana,diesel_tubewell,1.106,0.207,3,3.5,29,38900.0,False,416000.0,False
F01438,0.6,False,sugarcane,canal,1.205,0.231,3,3.5,14,13200.0,False,153000.0,False
F01439,1.8,False,rice,canal,1.183,0.192,2,3.5,36,16900.0,True,173000.0,False
F01440,8.4,True,mango,solar_pump,0.837,0.244,4,2.5,31,57300.0,True,653000.0,True
F01441,2.6,False,rice,canal,1.07,0.213,2,2.5,17,14200.0,True,192000.0,True
F01442,5.1,True,cotton,canal,1.077,0.313,7,2.0,1,52800.0,True,463000.0,False
F01443,1.6,False,wheat,diesel_tubewell,1.187,0.151,2,4.0,1,10100.0,True,161000.0,True
F01444,10.3,True,wheat,rainfed,0.695,0.317,4,2.5,17,40100.0,False,438000.0,True
F01445,3.7,False,cotton,diesel_tubewell,0.724,0.249,1,1.5,1,22000.0,True,181000.0,False
F01446,4.9,False,cotton,canal,1.1,0.194,3,3.5,35,45700.0,True,427000.0,False
F01447,18.4,True,sugarcane,diesel_tubewell,1.208,0.186,6,4.5,15,183300.0,True,2225000.0,False
F01448,10.9,True,cotton,rainfed,1.147,0.347,6,4.0,15,23200.0,True,988000.0,False
F01449,3.3,False,rice,canal,0.716,0.296,2,4.0,19,14000.0,False,194000.0,False
F01450,2.8,False,mango,diesel_tubewell,1.345,0.127,1,3.0,36,50900.0,False,330000.0,False
F01451,3.3,False,banana,diesel_tubewell,0.931,0.193,1,3.0,22,24700.0,True,329000.0,False
F01452,5.6,False,wheat,diesel_tubewell,0.99,0.175,3,3.5,26,30100.0,True,362000.0,False
F01453,3.8,False,mango,canal,0.881,0.239,2,2.5,20,27800.0,False,313000.0,False
F01454,3.1,False,mango,rainfed,1.107,0.258,3,3.5,15,35700.0,True,365000.0,False
F01455,10.5,True,wheat,canal,0.998,0.291,4,1.5,3,35000.0,True,568000.0,False
F01456,3.8,False,wheat,canal,1.062,0.154,4,4.0,25,36200.0,True,333000.0,False
F01457,18.1,True,wheat,canal,0.904,0.335,7,1.5,18,87000.0,False,898000.0,False
F01458,4.3,False,rice,diesel_tubewell,1.277,0.155,4,4.0,35,11100.0,False,430000.0,False
F01459,12.9,False,rice,canal,1.154,0.215,7,3.5,5,8400.0,True,1008000.0,False
F01460,5.1,False,cotton,solar_pump,1.248,0.08,2,3.5,31,30100.0,False,459000.0,False
F01461,7.6,False,sugarcane,rainfed,0.883,0.347,1,3.0,24,27000.0,False,629000.0,True
F01462,2.5,False,wheat,canal,0.94,0.183,4,3.0,7,20300.0,False,216000.0,False
F01463,2.3,False,cotton,solar_pump,1.117,0.164,3,3.5,19,17700.0,True,249000.0,False
F01464,5.5,False,mango,rainfed,1.157,0.234,3,4.5,30,62200.0,False,628000.0,False
F01465,7.7,True,banana,canal,0.91,0.246,3,2.5,26,75200.0,True,756000.0,True
F01466,4.2,True,sugarcane,diesel_tubewell,0.775,0.136,3,1.5,8,16500.0,True,331000.0,True
F01467,1.8,False,wheat,rainfed,0.831,0.442,1,2.0,25,6500.0,True,91000.0,True
F01468,1.7,False,wheat,solar_pump,0.907,0.133,4,3.5,3,12500.0,False,193000.0,False
F01469,1.6,False,wheat,diesel_tubewell,1.164,0.182,2,3.5,5,17200.0,False,151000.0,False
F01470,1.3,False,cotton,rainfed,0.648,0.323,1,1.5,14,5100.0,True,66000.0,True
F01471,4.4,False,wheat,diesel_tubewell,0.895,0.263,9,2.5,2,47800.0,False,382000.0,False
F01472,8.4,True,mango,canal,1.031,0.19,3,3.0,21,98600.0,False,777000.0,False
F01473,4.0,False,rice,canal,0.984,0.148,0,,6,16700.0,False,212000.0,False
F01474,0.9,False,cotton,diesel_tubewell,1.001,0.194,1,3.5,11,5500.0,False,86000.0,False
F01475,3.6,False,wheat,canal,1.283,0.117,3,4.5,21,18500.0,False,341000.0,False
F01476,3.6,False,cotton,canal,1.046,0.205,0,,31,25400.0,False,237000.0,False
F01477,15.8,True,cotton,canal,0.912,0.267,4,2.0,5,78000.0,False,975000.0,True
F01478,1.6,True,sugarcane,rainfed,1.106,0.352,4,4.0,12,17300.0,True,293000.0,False
F01479,3.1,False,wheat,diesel_tubewell,0.75,0.226,0,,15,13000.0,False,115000.0,False
F01480,12.3,True,mango,canal,0.679,0.279,3,3.0,4,85500.0,True,751000.0,False
F01481,5.4,True,wheat,canal,1.077,0.209,7,3.5,7,25500.0,True,492000.0,False
F01482,5.8,True,wheat,canal,1.201,0.102,0,,18,32900.0,True,345000.0,False
F01483,4.4,True,banana,canal,1.149,0.267,3,4.0,14,61800.0,False,601000.0,False
F01484,5.0,False,wheat,diesel_tubewell,0.925,0.177,3,4.5,23,47800.0,True,342000.0,False
F01485,6.7,True,wheat,canal,1.234,0.148,4,4.5,32,43500.0,False,559000.0,False
F01486,2.4,False,rice,rainfed,0.843,0.305,2,4.0,10,14700.0,True,176000.0,True
F01487,7.2,True,cotton,canal,0.953,0.225,4,2.5,6,54300.0,False,515000.0,False
F01488,1.7,False,wheat,canal,1.044,0.189,2,2.5,33,16300.0,True,130000.0,False
F01489,5.0,True,wheat,rainfed,0.935,0.397,3,3.0,12,29600.0,True,306000.0,True
F01490,4.6,False,wheat,canal,1.073,0.109,4,2.5,2,29800.0,True,328000.0,True
F01491,2.7,False,cotton,canal,0.926,0.162,1,2.5,34,11500.0,False,178000.0,False
F01492,4.0,False,wheat,canal,1.14,0.167,1,3.0,22,18200.0,True,251000.0,True
F01493,2.7,True,sugarcane,diesel_tubewell,1.055,0.148,5,2.5,35,28300.0,True,361000.0,False
F01494,2.0,False,mango,canal,0.759,0.372,1,2.0,31,14900.0,True,140000.0,False
F01495,3.2,True,wheat,solar_pump,1.141,0.07,4,3.5,23,29200.0,False,297000.0,False
F01496,2.0,False,wheat,diesel_tubewell,1.132,0.244,3,3.0,29,11300.0,False,187000.0,False
F01497,5.0,False,wheat,rainfed,0.94,0.222,4,3.5,5,39000.0,True,349000.0,False
F01498,1.9,False,wheat,diesel_tubewell,1.137,0.11,0,,24,8300.0,True,107000.0,False
F01499,6.4,True,wheat,solar_pump,1.258,0.04,3,3.5,5,38000.0,True,486000.0,False
F01500,1.9,False,sugarcane,diesel_tubewell,1.237,0.139,5,3.5,1,38900.0,True,357000.0,False
F01501,2.8,False,cotton,diesel_tubewell,1.058,0.151,6,2.5,30,35200.0,True,312000.0,False
F01502,2.7,True,cotton,diesel_tubewell,0.794,0.292,3,2.0,2,17600.0,True,185000.0,True
F01503,9.6,True,rice,diesel_tubewell,1.119,0.144,2,3.5,0,0.0,False,638000.0,False
F01504,5.0,True,mango,canal,0.936,0.349,3,2.5,17,9200.0,False,442000.0,False
F01505,3.5,False,wheat,diesel_tubewell,0.809,0.214,3,2.0,13,22000.0,True,190000.0,True
F01506,5.6,False,wheat,canal,0.815,0.257,1,2.5,34,12300.0,True,247000.0,False
F01507,1.0,False,banana,diesel_tubewell,1.429,0.172,1,4.5,25,14800.0,False,179000.0,False
F01508,3.9,True,wheat,canal,1.033,0.212,3,4.0,2,25200.0,False,299000.0,False
F01509,14.9,True,rice,canal,0.911,0.299,3,2.0,5,64000.0,True,783000.0,False
F01510,4.4,False,rice,canal,0.884,0.298,3,2.5,31,14500.0,False,272000.0,True
F01511,4.2,True,cotton,canal,1.029,0.194,1,2.5,29,11200.0,True,293000.0,False
F01512,5.8,False,wheat,canal,1.051,0.219,5,3.5,30,8700.0,True,448000.0,False
F01513,7.3,False,wheat,canal,0.98,0.269,8,3.5,10,45100.0,False,588000.0,False
F01514,1.1,False,cotton,diesel_tubewell,1.07,0.114,0,,35,6500.0,True,74000.0,False
F01515,1.4,False,cotton,canal,0.995,0.195,2,3.5,17,15100.0,True,146000.0,True
F01516,4.6,True,sugarcane,rainfed,0.584,0.36,3,4.0,5,41800.0,True,342000.0,False
F01517,2.5,False,sugarcane,solar_pump,1.182,0.125,2,3.5,32,36200.0,False,324000.0,False
F01518,9.5,False,mango,canal,1.035,0.169,3,2.5,3,100100.0,False,859000.0,False
F01519,3.3,False,banana,canal,0.872,0.297,1,2.5,4,15400.0,True,306000.0,False
F01520,1.2,True,sugarcane,canal,1.197,0.15,2,3.0,14,21600.0,True,179000.0,False
F01521,1.8,False,wheat,canal,1.155,0.171,2,3.0,30,14700.0,False,153000.0,False
F01522,0.7,False,cotton,diesel_tubewell,0.89,0.222,3,3.0,19,4600.0,True,114000.0,True
F01523,3.5,False,rice,diesel_tubewell,1.038,0.203,3,2.5,5,30900.0,True,259000.0,False
F01524,3.6,False,rice,diesel_tubewell,1.032,0.061,2,3.5,31,14000.0,True,259000.0,False
F01525,3.1,True,wheat,canal,1.201,0.246,2,4.5,19,12700.0,False,259000.0,False
F01526,8.2,True,rice,diesel_tubewell,0.996,0.258,10,4.0,34,104600.0,True,774000.0,True
F01527,8.8,True,cotton,canal,0.908,0.232,7,3.5,22,64800.0,True,707000.0,False
F01528,3.6,False,wheat,rainfed,0.786,0.407,0,,11,6800.0,True,140000.0,True
F01529,1.0,False,mango,rainfed,0.934,0.328,1,4.0,4,7200.0,True,109000.0,False
F01530,6.1,False,cotton,canal,1.049,0.299,3,3.5,30,58300.0,False,491000.0,False
F01531,5.8,False,cotton,solar_pump,1.021,0.188,1,4.0,3,17700.0,True,406000.0,False
F01532,5.0,False,rice,solar_pump,0.664,0.368,5,2.0,30,20700.0,True,263000.0,True
F01533,7.7,True,rice,diesel_tubewell,1.135,0.074,3,3.5,27,44100.0,False,559000.0,False
F01534,1.9,False,wheat,canal,0.886,0.268,1,2.5,15,18200.0,True,104000.0,False
F01535,15.0,True,rice,solar_pump,1.23,0.052,6,5.0,21,43600.0,True,1246000.0,False
F01536,2.2,False,wheat,canal,1.339,0.12,2,3.0,16,7100.0,False,196000.0,False
F01537,6.6,False,rice,canal,0.985,0.337,1,3.0,1,24300.0,False,376000.0,False
F01538,1.4,False,wheat,diesel_tubewell,1.11,0.228,4,2.5,32,10000.0,False,160000.0,False
F01539,2.2,False,banana,canal,0.989,0.252,1,3.0,28,20400.0,True,240000.0,True
F01540,10.9,True,sugarcane,canal,1.126,0.267,5,3.5,32,84900.0,False,1250000.0,True
F01541,3.4,False,cotton,rainfed,0.858,0.318,5,2.5,21,32200.0,True,288000.0,False
F01542,7.0,True,wheat,canal,0.895,0.229,7,2.5,35,39400.0,False,456000.0,False
F01543,4.7,False,cotton,diesel_tubewell,1.011,0.185,4,2.0,2,18800.0,True,366000.0,False
F01544,3.8,False,sugarcane,diesel_tubewell,1.244,0.096,1,4.0,22,34700.0,True,459000.0,False
F01545,9.8,True,rice,canal,0.958,0.071,7,3.0,33,50900.0,False,682000.0,False
F01546,3.5,False,sugarcane,solar_pump,1.187,0.106,2,3.5,18,52600.0,True,432000.0,False
F01547,1.3,False,mango,diesel_tubewell,1.205,0.192,3,3.0,17,22700.0,False,202000.0,False
F01548,2.4,False,cotton,diesel_tubewell,1.012,0.114,0,,30,16400.0,True,153000.0,False
F01549,5.8,False,rice,diesel_tubewell,0.947,0.192,3,3.0,13,22100.0,False,372000.0,False
F01550,5.2,False,cotton,rainfed,0.833,0.358,2,3.5,2,31200.0,True,331000.0,True
F01551,1.5,False,rice,rainfed,0.902,0.387,2,3.5,10,5900.0,True,131000.0,True
F01552,2.5,False,cotton,canal,1.159,0.12,1,3.5,32,22300.0,False,212000.0,False
F01553,2.8,False,sugarcane,canal,1.469,0.086,0,,11,46000.0,False,370000.0,False
F01554,3.2,False,wheat,diesel_tubewell,1.094,0.222,1,3.0,8,2800.0,True,198000.0,False
F01555,1.7,False,wheat,rainfed,0.86,0.385,3,2.5,16,10900.0,False,135000.0,False
F01556,2.7,False,wheat,solar_pump,1.026,0.252,1,2.5,17,12800.0,False,158000.0,False
F01557,2.5,False,banana,canal,0.842,0.347,2,3.5,35,30400.0,True,267000.0,True
F01558,6.7,True,cotton,rainfed,0.758,0.46,1,2.0,25,21600.0,True,337000.0,False
F01559,6.9,True,cotton,canal,0.606,0.317,4,1.0,28,18900.0,True,297000.0,True
F01560,3.7,False,cotton,canal,0.95,0.326,3,3.0,1,26500.0,True,296000.0,False
F01561,3.1,False,cotton,diesel_tubewell,1.059,0.113,2,4.0,31,28500.0,True,273000.0,False
F01562,4.4,False,mango,canal,1.047,0.327,0,,14,33900.0,True,373000.0,False
F01563,2.4,False,banana,diesel_tubewell,0.977,0.227,3,3.0,3,34800.0,True,307000.0,False
F01564,1.9,False,mango,canal,0.717,0.322,1,3.0,10,14500.0,True,135000.0,True
F01565,2.2,False,mango,solar_pump,1.198,0.15,2,2.5,24,17000.0,True,255000.0,False
F01566,2.7,False,wheat,rainfed,0.932,0.218,2,4.0,2,16200.0,True,191000.0,False
F01567,1.9,False,wheat,canal,1.114,0.158,1,3.0,27,13300.0,True,130000.0,False
F01568,4.5,False,rice,diesel_tubewell,0.646,0.315,2,2.5,6,11400.0,True,199000.0,False
F01569,6.5,False,rice,diesel_tubewell,1.05,0.235,3,3.5,31,28000.0,True,456000.0,False
F01570,1.4,False,wheat,canal,1.057,0.328,1,3.5,5,3600.0,False,102000.0,False
F01571,4.1,True,sugarcane,solar_pump,1.002,0.095,2,3.0,32,51800.0,True,420000.0,False
F01572,3.5,False,wheat,diesel_tubewell,1.092,0.253,4,3.0,27,45200.0,False,289000.0,False
F01573,5.1,False,wheat,canal,1.003,0.188,3,4.5,7,22500.0,False,366000.0,False
F01574,4.0,False,wheat,rainfed,0.954,0.306,4,3.5,14,31600.0,True,306000.0,True
F01575,1.6,False,mango,canal,1.091,0.182,1,3.5,3,21500.0,True,171000.0,False
F01576,1.8,False,sugarcane,canal,0.94,0.245,2,3.5,1,9500.0,True,211000.0,True
F01577,4.1,True,cotton,canal,0.956,0.277,2,2.0,13,26800.0,True,280000.0,False
F01578,7.9,False,mango,solar_pump,1.051,0.085,5,3.0,8,102400.0,True,798000.0,False
F01579,1.0,False,mango,rainfed,0.978,0.202,0,,28,6000.0,False,79000.0,False
F01580,5.1,True,cotton,canal,0.985,0.187,2,4.5,26,32000.0,True,392000.0,False
F01581,8.8,True,sugarcane,canal,1.224,0.215,1,3.0,11,129700.0,False,995000.0,False
F01582,3.7,False,wheat,canal,0.92,0.164,5,3.0,8,20600.0,False,294000.0,False
F01583,5.8,True,cotton,diesel_tubewell,0.953,0.223,4,2.0,32,27100.0,True,415000.0,False
F01584,2.6,False,wheat,canal,1.224,0.279,3,4.0,16,20200.0,False,258000.0,False
F01585,3.8,False,cotton,canal,0.995,0.292,1,2.5,24,37600.0,True,259000.0,False
F01586,1.4,False,cotton,canal,1.261,0.138,0,,24,12400.0,False,111000.0,False
F01587,0.9,False,wheat,diesel_tubewell,0.812,0.135,2,2.5,25,8000.0,False,78000.0,False
F01588,7.5,False,cotton,diesel_tubewell,1.506,0.12,7,4.0,35,96600.0,False,945000.0,False
F01589,2.1,False,rice,diesel_tubewell,0.842,0.3,3,1.0,26,5700.0,False,121000.0,False
F01590,3.0,True,rice,canal,0.995,0.172,3,2.5,2,23200.0,False,224000.0,False
F01591,1.6,False,wheat,diesel_tubewell,0.828,0.23,4,2.5,14,10500.0,True,149000.0,True
F01592,1.6,False,wheat,diesel_tubewell,1.085,0.207,1,4.0,8,9400.0,True,119000.0,False
F01593,3.6,False,cotton,diesel_tubewell,1.293,0.241,2,4.5,9,28300.0,True,368000.0,False
F01594,2.5,False,mango,canal,1.01,0.229,3,3.0,8,32600.0,False,279000.0,False
F01595,5.2,False,mango,canal,1.085,0.244,0,,31,66900.0,False,457000.0,False
F01596,5.4,False,wheat,diesel_tubewell,0.952,0.229,4,3.5,32,20400.0,True,371000.0,True
F01597,5.0,False,sugarcane,canal,0.763,0.309,3,3.0,7,50700.0,True,418000.0,True
F01598,4.7,False,rice,diesel_tubewell,1.267,0.233,3,3.5,20,33000.0,True,409000.0,False
F01599,11.3,True,banana,canal,0.901,0.195,3,3.0,16,121400.0,False,1083000.0,False
F01600,2.0,False,wheat,canal,1.013,0.259,0,,27,9700.0,True,100000.0,False
F01601,3.9,False,rice,diesel_tubewell,0.975,0.19,2,3.5,32,17500.0,False,264000.0,False
F01602,8.5,True,rice,canal,0.941,0.125,4,2.5,16,33900.0,True,515000.0,False
F01603,9.2,True,wheat,canal,0.729,0.322,3,2.5,15,31500.0,False,395000.0,True
F01604,1.6,False,wheat,solar_pump,1.233,0.192,0,,17,9700.0,True,98000.0,False
F01605,3.3,False,wheat,canal,1.282,0.19,1,2.5,18,23800.0,False,230000.0,False
F01606,9.8,True,cotton,rainfed,1.159,0.219,3,4.5,36,154000.0,True,828000.0,False
F01607,5.6,True,sugarcane,canal,1.199,0.165,1,4.5,4,67500.0,False,642000.0,False
F01608,4.6,False,sugarcane,rainfed,0.787,0.335,3,2.0,6,16500.0,False,376000.0,True
F01609,3.5,False,wheat,solar_pump,1.194,0.137,2,3.0,14,33100.0,True,257000.0,False
F01610,3.2,False,mango,canal,0.931,0.213,5,2.5,14,37000.0,True,346000.0,False
F01611,4.9,False,cotton,diesel_tubewell,0.832,0.195,2,2.0,18,23700.0,True,290000.0,True
F01612,3.4,False,banana,diesel_tubewell,1.218,0.129,3,3.0,36,24400.0,False,485000.0,False
F01613,3.9,False,wheat,diesel_tubewell,0.868,0.169,3,2.5,21,17900.0,True,230000.0,False
F01614,4.3,True,mango,canal,1.077,0.246,2,3.5,9,54700.0,False,433000.0,True
F01615,2.6,False,mango,rainfed,0.635,0.338,1,3.5,9,16900.0,False,163000.0,False
F01616,5.7,True,mango,diesel_tubewell,1.261,0.098,1,4.0,4,81600.0,True,616000.0,False
F01617,27.0,True,mango,rainfed,0.811,0.473,12,2.5,0,0.0,True,2023000.0,True
F01618,1.3,False,cotton,rainfed,0.859,0.377,1,4.0,10,9800.0,False,104000.0,False
F01619,5.0,False,sugarcane,solar_pump,1.087,0.163,3,3.0,25,4700.0,True,564000.0,False
F01620,2.5,False,rice,diesel_tubewell,1.005,0.268,0,,30,7800.0,False,136000.0,False
F01621,5.9,True,cotton,diesel_tubewell,1.212,0.176,1,4.5,25,17500.0,False,488000.0,False
F01622,4.2,True,banana,rainfed,0.81,0.348,1,3.0,36,48600.0,True,362000.0,True
F01623,6.7,True,wheat,diesel_tubewell,0.822,0.283,2,2.5,9,32800.0,False,314000.0,False
F01624,8.7,True,cotton,canal,0.883,0.252,3,1.5,23,41700.0,True,522000.0,False
F01625,4.6,True,mango,diesel_tubewell,1.31,0.216,2,4.5,28,39300.0,True,563000.0,False
F01626,8.5,True,wheat,canal,1.144,0.261,0,,36,59400.0,False,481000.0,False
F01627,0.9,False,wheat,rainfed,0.757,0.419,4,3.0,10,7600.0,False,134000.0,True
F01628,11.4,True,wheat,diesel_tubewell,0.985,0.225,11,2.0,6,32600.0,False,739000.0,False
F01629,5.2,False,sugarcane,diesel_tubewell,1.077,0.298,2,3.5,36,23200.0,False,562000.0,False
F01630,8.2,True,mango,canal,1.106,0.174,5,4.0,23,81700.0,True,901000.0,False
F01631,1.8,False,wheat,diesel_tubewell,1.113,0.308,1,3.0,28,7400.0,True,124000.0,False
F01632,2.4,False,rice,canal,1.118,0.187,4,2.5,21,27500.0,False,228000.0,False
F01633,4.5,False,rice,diesel_tubewell,1.024,0.089,2,3.5,5,26600.0,False,307000.0,False
F01634,4.0,False,rice,diesel_tubewell,1.294,0.218,1,3.5,4,12400.0,False,309000.0,False
F01635,4.9,True,rice,diesel_tubewell,0.887,0.304,3,2.0,11,22300.0,False,285000.0,True
F01636,8.2,False,banana,canal,0.77,0.281,4,3.5,22,39900.0,True,742000.0,True
F01637,1.3,False,cotton,diesel_tubewell,0.88,0.213,1,3.0,35,8000.0,True,97000.0,True
F01638,7.6,True,wheat,diesel_tubewell,1.381,0.112,2,3.5,19,70700.0,False,578000.0,False
F01639,4.1,False,rice,rainfed,0.845,0.275,3,2.0,19,19100.0,True,237000.0,True
F01640,3.6,True,cotton,rainfed,0.99,0.342,3,3.0,27,19000.0,False,300000.0,False
F01641,1.6,False,cotton,solar_pump,1.212,0.149,2,3.0,25,17300.0,False,172000.0,False
F01642,5.6,False,wheat,canal,0.934,0.123,2,2.5,30,21500.0,False,301000.0,False
F01643,0.8,False,wheat,canal,1.013,0.327,2,3.5,11,10200.0,True,98000.0,True
F01644,6.2,True,banana,rainfed,1.228,0.241,7,4.0,8,95300.0,True,987000.0,False
F01645,1.5,False,wheat,rainfed,0.805,0.4,2,2.0,25,4700.0,False,93000.0,False
F01646,4.2,False,rice,canal,1.164,0.198,2,3.0,4,13100.0,False,314000.0,True
F01647,3.8,False,sugarcane,diesel_tubewell,0.788,0.263,1,1.5,28,20600.0,True,282000.0,False
F01648,8.7,False,wheat,canal,1.137,0.299,3,3.5,34,57200.0,True,577000.0,False
F01649,3.6,False,wheat,canal,0.986,0.262,6,3.5,24,50200.0,True,351000.0,False
F01650,2.6,False,cotton,rainfed,1.064,0.229,2,3.0,27,10700.0,True,224000.0,False
F01651,2.9,False,cotton,rainfed,0.977,0.314,2,3.0,19,11800.0,True,228000.0,False
F01652,9.3,True,cotton,rainfed,0.816,0.369,3,3.0,13,65100.0,True,553000.0,True
F01653,5.7,False,rice,canal,0.937,0.244,3,4.5,8,36700.0,True,401000.0,False
F01654,3.2,False,wheat,diesel_tubewell,1.347,0.058,2,5.0,19,23400.0,False,297000.0,False
F01655,3.5,False,wheat,rainfed,0.513,0.348,0,,33,9500.0,True,89000.0,True
F01656,1.5,False,wheat,diesel_tubewell,0.885,0.194,2,2.5,30,13600.0,False,107000.0,False
F01657,5.2,False,cotton,canal,1.069,0.22,4,3.0,13,53800.0,True,450000.0,False
F01658,1.3,False,cotton,diesel_tubewell,1.02,0.299,2,3.5,6,8700.0,True,142000.0,False
F01659,6.6,False,banana,canal,1.12,0.235,1,2.0,36,74500.0,True,749000.0,False
F01660,4.4,False,wheat,diesel_tubewell,1.067,0.14,2,1.5,0,0.0,False,257000.0,False
F01661,19.1,True,cotton,rainfed,0.956,0.404,6,2.5,6,96000.0,True,1276000.0,True
F01662,2.0,False,rice,canal,1.078,0.23,2,3.5,20,17000.0,True,175000.0,False
F01663,3.8,True,sugarcane,canal,0.827,0.3,3,3.5,31,24200.0,False,370000.0,False
F01664,13.1,True,rice,diesel_tubewell,0.795,0.205,3,2.5,3,33200.0,True,625000.0,False
F01665,8.8,True,wheat,diesel_tubewell,1.036,0.182,2,4.0,9,51100.0,True,518000.0,False
F01666,2.6,False,rice,canal,0.758,0.341,1,2.0,35,14200.0,False,123000.0,False
F01667,4.7,False,wheat,canal,0.725,0.213,3,2.5,2,25500.0,False,231000.0,False
F01668,4.1,False,sugarcane,solar_pump,1.056,0.137,1,3.5,7,16900.0,False,419000.0,False
F01669,4.9,False,wheat,canal,1.191,0.189,3,4.5,1,51700.0,False,401000.0,False
F01670,2.6,False,sugarcane,diesel_tubewell,1.475,0.044,4,4.5,27,51700.0,False,495000.0,False
F01671,3.8,False,rice,diesel_tubewell,0.935,0.125,6,2.5,12,38900.0,True,317000.0,False
F01672,1.4,False,rice,canal,0.846,0.28,3,3.0,26,7500.0,False,139000.0,False
F01673,4.4,False,wheat,diesel_tubewell,1.169,0.306,0,,0,0.0,False,255000.0,False
F01674,5.4,False,rice,diesel_tubewell,1.282,0.149,2,3.5,6,46100.0,True,432000.0,False
F01675,3.5,False,sugarcane,diesel_tubewell,1.329,0.172,2,3.5,4,20600.0,True,477000.0,False
F01676,1.4,False,cotton,diesel_tubewell,0.876,0.18,1,2.0,0,0.0,True,94000.0,True
F01677,7.7,True,cotton,canal,0.893,0.301,6,3.5,0,0.0,True,608000.0,False
F01678,5.1,False,wheat,canal,1.222,0.189,7,3.0,8,41600.0,True,483000.0,True
F01679,2.5,False,wheat,diesel_tubewell,1.288,0.203,6,4.0,31,58500.0,False,359000.0,False
F01680,3.4,False,sugarcane,diesel_tubewell,1.069,0.183,2,2.5,20,35100.0,True,369000.0,True
F01681,1.5,False,cotton,canal,0.985,0.257,1,2.5,28,9300.0,True,114000.0,False
F01682,2.1,False,sugarcane,canal,1.088,0.208,2,3.5,4,9500.0,True,264000.0,False
F01683,2.9,False,sugarcane,diesel_tubewell,1.26,0.155,1,4.5,33,34900.0,False,366000.0,False
F01684,9.0,False,rice,canal,0.82,0.251,0,,34,32100.0,False,399000.0,False
F01685,2.7,False,rice,rainfed,1.17,0.305,1,3.5,22,3700.0,False,200000.0,False
F01686,6.1,False,rice,diesel_tubewell,1.276,0.122,7,3.0,28,29300.0,False,595000.0,False
F01687,2.9,False,cotton,canal,0.781,0.27,6,2.0,15,28000.0,False,243000.0,True
F01688,4.8,False,wheat,diesel_tubewell,1.179,0.231,4,3.0,8,48900.0,False,380000.0,False
F01689,3.7,False,mango,canal,1.228,0.193,0,,32,32400.0,True,368000.0,False
F01690,7.2,True,banana,rainfed,0.943,0.264,4,3.0,4,92100.0,False,772000.0,False
F01691,2.9,False,cotton,rainfed,1.045,0.332,1,5.0,14,20200.0,True,233000.0,False
F01692,1.5,False,banana,rainfed,0.941,0.362,3,3.0,2,13000.0,True,215000.0,True
F01693,1.7,True,banana,diesel_tubewell,1.083,0.107,0,,11,29000.0,False,182000.0,False
F01694,2.9,False,cotton,rainfed,0.4,0.472,2,1.5,30,3800.0,True,98000.0,True
F01695,1.8,False,sugarcane,diesel_tubewell,1.18,0.155,0,,27,19100.0,True,191000.0,False
F01696,5.3,False,rice,rainfed,1.195,0.303,6,3.0,32,31400.0,True,492000.0,False
F01697,3.0,False,wheat,canal,1.388,0.155,4,4.0,30,26700.0,False,339000.0,False
F01698,19.0,True,wheat,rainfed,0.734,0.35,4,2.5,19,107100.0,True,773000.0,False
F01699,1.3,False,cotton,diesel_tubewell,1.1,0.071,2,3.5,35,12900.0,False,148000.0,False
F01700,4.6,False,sugarcane,canal,1.119,0.137,3,3.5,20,41200.0,False,551000.0,False
F01701,1.9,False,wheat,rainfed,0.945,0.375,1,2.5,24,7400.0,False,110000.0,False
F01702,2.9,False,sugarcane,diesel_tubewell,1.272,0.274,1,4.0,15,38100.0,False,365000.0,False
F01703,4.4,True,rice,rainfed,1.091,0.307,2,2.5,11,16300.0,False,301000.0,False
F01704,0.9,False,sugarcane,canal,0.85,0.237,0,,29,6100.0,False,69000.0,False
F01705,4.7,False,wheat,diesel_tubewell,0.976,0.213,7,3.5,33,35000.0,True,431000.0,False
F01706,14.0,True,cotton,diesel_tubewell,0.851,0.175,5,2.5,32,50900.0,True,855000.0,False
F01707,3.0,False,wheat,canal,0.701,0.347,5,2.5,27,7900.0,False,208000.0,True
F01708,4.8,False,wheat,solar_pump,1.097,0.141,1,3.0,11,24800.0,True,286000.0,False
F01709,7.9,False,wheat,diesel_tubewell,0.931,0.284,5,3.0,30,35800.0,True,489000.0,True
F01710,3.6,False,wheat,canal,1.165,0.162,1,4.0,33,22400.0,False,241000.0,False
F01711,2.8,False,wheat,diesel_tubewell,1.101,0.255,2,4.0,16,2900.0,True,219000.0,False
F01712,0.9,False,rice,canal,1.157,0.088,1,3.5,8,6000.0,True,85000.0,False
F01713,6.2,False,cotton,solar_pump,1.268,0.125,2,2.5,24,61200.0,True,537000.0,False
F01714,3.8,False,wheat,rainfed,1.054,0.313,2,4.0,8,8100.0,False,265000.0,False
F01715,2.1,False,mango,diesel_tubewell,0.812,0.248,4,3.0,36,35300.0,False,238000.0,False
F01716,4.4,True,cotton,diesel_tubewell,1.09,0.196,1,2.0,31,31100.0,False,319000.0,False
F01717,2.8,False,banana,canal,0.87,0.237,3,2.0,24,23500.0,True,291000.0,False
F01718,2.9,False,rice,canal,0.909,0.255,0,,19,12700.0,True,142000.0,True
F01719,6.0,False,wheat,rainfed,0.995,0.327,3,3.0,6,21200.0,False,371000.0,False
F01720,1.7,False,mango,canal,0.983,0.274,5,2.5,1,31800.0,True,240000.0,False
F01721,8.0,False,mango,canal,0.974,0.266,2,3.0,0,0.0,True,681000.0,False
F01722,1.6,False,rice,canal,1.233,0.077,0,,3,9300.0,True,107000.0,False
F01723,2.6,False,cotton,diesel_tubewell,0.645,0.25,8,1.0,15,20500.0,True,172000.0,False
F01724,14.2,True,cotton,solar_pump,1.263,0.073,7,2.5,10,125500.0,False,1276000.0,False
F01725,8.4,True,cotton,canal,1.261,0.172,3,3.0,12,46700.0,False,742000.0,False
F01726,4.3,True,sugarcane,canal,1.126,0.209,1,3.0,6,38900.0,True,461000.0,False
F01727,2.2,False,cotton,canal,1.273,0.234,1,3.5,26,21500.0,True,206000.0,False
F01728,2.9,False,wheat,canal,1.076,0.229,1,2.5,36,15300.0,True,175000.0,False
F01729,4.3,False,wheat,canal,0.972,0.175,2,3.0,0,0.0,True,257000.0,False
F01730,4.2,False,wheat,solar_pump,1.018,0.193,3,3.5,26,39500.0,True,299000.0,True
F01731,3.8,False,wheat,diesel_tubewell,1.047,0.09,0,,33,17900.0,False,197000.0,False
F01732,4.0,False,cotton,canal,1.068,0.178,1,3.0,16,21300.0,True,294000.0,True
F01733,3.5,False,mango,diesel_tubewell,1.171,0.079,4,4.0,21,49900.0,True,465000.0,False
F01734,1.6,False,wheat,solar_pump,0.992,0.179,1,2.0,29,6600.0,True,95000.0,True
F01735,2.9,False,wheat,canal,0.655,0.232,3,4.0,23,6700.0,True,194000.0,True
F01736,7.3,True,wheat,canal,0.977,0.218,4,3.5,10,40000.0,True,470000.0,False
F01737,1.7,False,rice,solar_pump,0.766,0.18,1,2.5,11,9800.0,True,91000.0,False
F01738,3.6,False,rice,canal,0.925,0.205,2,2.5,1,16900.0,True,221000.0,False
F01739,2.4,True,cotton,solar_pump,0.637,0.257,4,2.5,29,14000.0,True,180000.0,False
F01740,4.4,True,banana,solar_pump,1.24,0.051,3,3.0,13,48700.0,False,615000.0,False
F01741,3.1,False,banana,rainfed,1.059,0.281,1,3.5,32,29000.0,False,354000.0,False
F01742,10.6,True,mango,canal,0.959,0.194,2,4.0,13,80300.0,True,890000.0,False
F01743,5.6,True,mango,canal,1.287,0.067,0,,19,65300.0,False,584000.0,False
F01744,1.7,False,cotton,rainfed,1.071,0.34,1,3.5,5,15800.0,False,144000.0,True
F01745,6.3,True,rice,diesel_tubewell,1.096,0.242,3,3.0,2,68600.0,True,448000.0,False
F01746,2.5,False,cotton,canal,0.963,0.204,2,2.0,23,26500.0,False,185000.0,False
F01747,2.8,True,sugarcane,diesel_tubewell,0.992,0.172,3,3.5,26,19100.0,True,337000.0,False
F01748,5.0,False,wheat,canal,1.143,0.163,0,,14,22000.0,False,283000.0,False
F01749,2.9,False,wheat,diesel_tubewell,1.024,0.166,3,3.5,23,25600.0,True,235000.0,False
F01750,7.2,False,wheat,rainfed,1.032,0.291,1,3.0,11,10000.0,True,393000.0,True
F01751,2.5,False,rice,diesel_tubewell,1.081,0.196,2,3.0,25,18800.0,True,196000.0,False
F01752,2.7,False,rice,diesel_tubewell,1.025,0.303,2,2.5,22,10800.0,True,191000.0,False
F01753,2.6,False,wheat,rainfed,1.259,0.25,4,4.0,31,24600.0,True,295000.0,False
F01754,2.8,False,cotton,diesel_tubewell,0.995,0.258,2,2.5,26,18600.0,False,217000.0,True
F01755,8.3,True,cotton,canal,1.029,0.219,1,3.0,32,14800.0,False,563000.0,False
F01756,6.1,True,sugarcane,diesel_tubewell,0.79,0.148,2,2.5,36,78800.0,False,475000.0,False
F01757,12.3,True,wheat,canal,0.901,0.236,4,2.0,13,41300.0,True,615000.0,False
F01758,17.7,True,wheat,canal,1.302,0.143,6,4.0,32,178500.0,False,1340000.0,False
F01759,2.1,True,rice,diesel_tubewell,0.912,0.33,0,,16,3200.0,True,103000.0,False
F01760,4.2,True,rice,canal,1.123,0.278,1,3.0,0,0.0,False,280000.0,False
F01761,1.9,False,mango,canal,0.962,0.258,2,4.0,35,23900.0,False,215000.0,False
F01762,2.4,False,rice,diesel_tubewell,0.749,0.36,3,2.0,5,11300.0,True,147000.0,True
F01763,2.7,False,banana,canal,1.003,0.196,2,3.0,4,35400.0,False,318000.0,False
F01764,2.0,False,wheat,diesel_tubewell,0.988,0.275,2,2.5,20,14800.0,True,139000.0,False
F01765,2.0,False,cotton,canal,1.038,0.227,2,3.0,25,10300.0,False,181000.0,False
F01766,3.7,False,banana,diesel_tubewell,1.18,0.222,4,3.0,17,66700.0,False,532000.0,False
F01767,1.8,False,wheat,rainfed,0.908,0.36,0,,22,8400.0,True,81000.0,False
F01768,7.0,False,sugarcane,canal,0.969,0.251,3,3.5,32,25400.0,True,698000.0,True
F01769,2.2,False,wheat,solar_pump,0.85,0.157,2,3.5,21,13300.0,False,151000.0,False
F01770,25.2,True,cotton,canal,1.117,0.189,8,3.0,30,209600.0,True,1973000.0,False
F01771,3.0,False,wheat,canal,1.009,0.272,3,3.0,22,18200.0,False,225000.0,True
F01772,4.2,True,rice,canal,0.706,0.336,8,1.5,19,22400.0,True,260000.0,False
F01773,1.7,False,sugarcane,canal,1.127,0.197,0,,18,17400.0,True,172000.0,False
F01774,12.3,True,wheat,canal,1.108,0.168,6,3.0,35,24700.0,False,825000.0,False
F01775,8.4,True,wheat,solar_pump,1.355,0.096,2,3.0,12,47700.0,False,614000.0,False
F01776,4.9,False,cotton,solar_pump,1.442,0.04,2,3.5,13,36200.0,False,503000.0,False
F01777,1.7,True,wheat,rainfed,0.99,0.263,2,3.5,29,15500.0,False,142000.0,False
F01778,4.7,False,cotton,rainfed,1.046,0.389,1,2.5,24,21700.0,False,331000.0,False
F01779,2.0,False,banana,canal,1.227,0.148,2,2.0,5,41200.0,True,276000.0,False
F01780,10.5,True,wheat,canal,0.741,0.288,2,1.5,25,26600.0,True,410000.0,True
F01781,6.9,False,cotton,canal,0.756,0.297,1,2.0,1,16200.0,True,345000.0,True
F01782,4.3,False,cotton,diesel_tubewell,0.878,0.16,5,2.5,18,42900.0,False,342000.0,False
F01783,0.8,False,wheat,rainfed,1.071,0.224,1,3.5,11,7500.0,False,72000.0,False
F01784,2.1,False,wheat,canal,0.655,0.242,2,3.0,7,11500.0,True,118000.0,True
F01785,6.3,False,sugarcane,canal,1.092,0.104,5,2.5,23,55000.0,False,723000.0,False
F01786,8.9,False,rice,canal,1.138,0.298,8,3.0,5,54100.0,False,747000.0,False
F01787,8.3,False,mango,rainfed,0.941,0.272,4,4.5,13,77800.0,True,783000.0,False
F01788,1.4,False,cotton,diesel_tubewell,0.738,0.235,3,2.0,5,7500.0,True,115000.0,False
F01789,4.9,False,rice,diesel_tubewell,1.212,0.269,0,,4,46000.0,True,321000.0,False
F01790,7.8,False,mango,diesel_tubewell,1.052,0.215,5,3.0,14,72700.0,False,790000.0,False
F01791,1.4,False,mango,canal,1.186,0.213,0,,23,10100.0,False,134000.0,False
F01792,4.0,False,banana,canal,1.156,0.146,1,3.0,24,33900.0,True,483000.0,False
F01793,4.8,False,wheat,solar_pump,0.858,0.179,2,2.5,34,10700.0,False,246000.0,False
F01794,3.3,False,banana,solar_pump,1.407,0.113,4,4.0,11,63900.0,False,593000.0,False
F01795,1.2,False,mango,canal,0.959,0.154,1,2.5,13,6600.0,False,114000.0,False
F01796,3.3,False,sugarcane,canal,0.786,0.332,3,2.5,31,23400.0,True,296000.0,False
F01797,3.3,False,rice,canal,1.056,0.119,1,4.0,6,37300.0,True,222000.0,True
F01798,3.7,False,banana,canal,1.249,0.215,4,2.5,22,12600.0,False,541000.0,False
F01799,2.8,False,cotton,canal,0.809,0.215,2,3.0,27,15400.0,False,193000.0,False
F01800,3.0,False,sugarcane,canal,1.054,0.254,1,3.0,16,11700.0,True,310000.0,False
F01801,4.0,False,sugarcane,diesel_tubewell,0.836,0.24,1,2.0,31,20800.0,True,318000.0,False
F01802,5.4,False,sugarcane,solar_pump,0.876,0.182,2,2.5,11,36700.0,True,468000.0,False
F01803,3.3,False,sugarcane,solar_pump,0.878,0.139,3,3.5,3,13900.0,False,348000.0,False
F01804,3.1,False,wheat,diesel_tubewell,0.885,0.254,5,2.5,4,23300.0,True,240000.0,False
F01805,4.3,True,cotton,rainfed,0.839,0.323,5,3.5,19,49300.0,True,373000.0,False
F01806,1.2,False,cotton,rainfed,1.045,0.205,0,,20,7500.0,False,79000.0,False
F01807,5.5,False,sugarcane,canal,1.08,0.272,3,3.0,19,67900.0,True,610000.0,False
F01808,4.1,False,sugarcane,canal,1.25,0.229,3,3.0,13,73700.0,False,536000.0,False
F01809,4.2,False,mango,canal,1.246,0.161,3,3.5,17,53000.0,True,512000.0,False
F01810,7.6,True,sugarcane,rainfed,0.787,0.305,1,2.5,35,4700.0,True,559000.0,True
F01811,1.1,False,rice,canal,1.0,0.27,3,2.5,17,10900.0,True,122000.0,True
F01812,1.1,False,wheat,canal,1.024,0.219,1,2.5,27,600.0,True,77000.0,False
F01813,4.8,False,rice,diesel_tubewell,0.862,0.211,2,2.0,31,15200.0,True,257000.0,False
F01814,4.0,False,mango,diesel_tubewell,1.104,0.14,1,4.0,5,13000.0,True,391000.0,False
F01815,4.5,False,rice,diesel_tubewell,1.295,0.164,4,4.5,9,43000.0,False,465000.0,False
F01816,3.0,False,mango,solar_pump,0.834,0.282,2,1.0,20,11700.0,True,219000.0,True
F01817,6.2,False,banana,diesel_tubewell,0.893,0.177,2,2.5,27,55000.0,False,590000.0,False
F01818,7.4,True,cotton,rainfed,0.848,0.323,6,2.5,32,56900.0,True,520000.0,True
F01819,5.6,True,sugarcane,canal,0.901,0.394,3,3.0,26,27200.0,True,529000.0,False
F01820,3.4,False,cotton,rainfed,0.882,0.344,4,2.5,34,25000.0,False,272000.0,False
F01821,1.0,False,cotton,diesel_tubewell,0.961,0.155,3,3.0,36,1100.0,True,136000.0,False
F01822,6.7,False,wheat,canal,0.815,0.228,3,2.0,34,10800.0,True,320000.0,True
F01823,9.0,True,wheat,rainfed,0.969,0.255,4,3.5,22,68800.0,False,548000.0,False
F01824,6.2,True,wheat,rainfed,1.172,0.29,4,3.5,30,25700.0,True,476000.0,False
F01825,2.3,False,rice,rainfed,0.869,0.352,2,2.5,35,9900.0,True,150000.0,False
F01826,6.3,False,wheat,rainfed,1.135,0.244,4,4.0,10,27300.0,True,487000.0,False
F01827,7.1,False,cotton,canal,0.857,0.353,4,2.5,20,11900.0,False,467000.0,False
F01828,11.2,True,cotton,canal,0.877,0.267,4,2.5,23,34300.0,True,702000.0,False
F01829,2.3,False,cotton,canal,0.888,0.22,2,3.5,13,15600.0,True,187000.0,False
F01830,3.5,False,mango,rainfed,0.943,0.237,2,3.5,26,23000.0,True,326000.0,False
F01831,6.6,False,cotton,solar_pump,1.194,0.074,3,4.5,26,72500.0,True,609000.0,False
F01832,4.2,True,wheat,rainfed,1.126,0.216,1,2.5,30,16000.0,False,255000.0,False
F01833,2.0,False,banana,rainfed,0.897,0.273,3,3.0,8,21000.0,True,253000.0,False
F01834,5.3,False,mango,diesel_tubewell,1.042,0.111,0,,32,29200.0,False,447000.0,False
F01835,5.9,False,rice,canal,1.23,0.221,3,3.0,35,53400.0,True,467000.0,False
F01836,4.3,False,sugarcane,canal,0.921,0.224,0,,19,12700.0,True,356000.0,False
F01837,4.7,False,wheat,diesel_tubewell,1.03,0.231,6,3.5,16,41100.0,False,415000.0,True
F01838,3.4,False,sugarcane,solar_pump,1.579,0.063,0,,11,46800.0,False,483000.0,False
F01839,10.6,False,wheat,canal,1.139,0.2,3,2.5,27,37000.0,False,660000.0,False
F01840,2.3,False,cotton,rainfed,1.045,0.296,3,3.5,19,19100.0,True,239000.0,False
F01841,2.8,False,wheat,diesel_tubewell,1.139,0.261,1,2.5,23,17200.0,False,179000.0,False
F01842,4.1,False,sugarcane,canal,0.769,0.245,4,3.5,34,24100.0,True,400000.0,False
F01843,7.2,True,wheat,rainfed,0.808,0.398,2,2.0,26,19100.0,True,321000.0,False
F01844,1.5,True,wheat,diesel_tubewell,1.026,0.289,5,2.5,19,7600.0,True,180000.0,False
F01845,1.7,False,wheat,solar_pump,1.232,0.168,3,4.5,5,32600.0,True,216000.0,False
F01846,1.1,False,sugarcane,canal,0.982,0.251,2,2.5,5,9400.0,True,139000.0,False
F01847,4.1,True,wheat,canal,1.092,0.267,1,3.5,26,10600.0,False,251000.0,False
F01848,2.0,False,cotton,canal,0.784,0.157,2,3.0,16,3600.0,False,149000.0,False
F01849,3.2,False,wheat,diesel_tubewell,0.798,0.226,3,2.0,0,0.0,True,176000.0,False
F01850,6.2,False,sugarcane,solar_pump,1.277,0.1,4,3.0,28,74900.0,True,812000.0,False
F01851,2.7,False,wheat,rainfed,0.668,0.356,2,2.5,27,9800.0,True,131000.0,True
F01852,4.7,True,banana,rainfed,0.781,0.347,4,3.5,36,45600.0,True,480000.0,False
F01853,3.3,False,wheat,canal,0.716,0.251,1,1.0,9,13400.0,True,125000.0,True
F01854,6.3,False,wheat,rainfed,0.71,0.316,2,2.0,15,19900.0,True,255000.0,False
F01855,5.5,True,wheat,canal,0.961,0.186,3,3.0,22,26600.0,False,337000.0,False
F01856,2.6,False,wheat,canal,1.292,0.068,0,,29,22500.0,True,166000.0,False
F01857,3.6,True,cotton,solar_pump,0.985,0.188,1,2.5,7,26400.0,True,244000.0,True
F01858,8.0,False,wheat,rainfed,0.969,0.332,3,2.5,10,42900.0,False,446000.0,False
F01859,5.2,False,mango,rainfed,0.592,0.383,2,2.0,23,20300.0,False,283000.0,True
F01860,1.6,False,cotton,solar_pump,0.968,0.162,3,3.5,13,19600.0,False,185000.0,True
F01861,6.2,False,wheat,canal,0.957,0.307,4,2.0,35,34300.0,False,360000.0,False
F01862,2.0,False,cotton,canal,1.082,0.193,0,,11,12800.0,False,136000.0,False
F01863,10.2,True,wheat,canal,0.598,0.35,4,2.0,1,39500.0,True,368000.0,False
F01864,7.9,True,wheat,diesel_tubewell,1.096,0.175,0,,25,40400.0,True,428000.0,False
F01865,4.9,False,wheat,diesel_tubewell,0.952,0.267,5,2.0,27,10300.0,False,314000.0,True
F01866,4.5,False,wheat,canal,0.776,0.249,4,2.0,33,20400.0,False,240000.0,True
F01867,3.5,True,wheat,diesel_tubewell,1.125,0.201,2,3.0,9,11300.0,False,245000.0,True
F01868,6.3,True,banana,diesel_tubewell,1.247,0.259,0,,30,81200.0,False,777000.0,False
F01869,3.2,True,rice,diesel_tubewell,1.085,0.16,1,3.5,35,6700.0,True,217000.0,False
F01870,4.7,True,banana,canal,0.951,0.188,5,2.0,21,43300.0,False,526000.0,False
F01871,7.1,True,wheat,canal,0.884,0.257,1,2.0,9,27900.0,False,327000.0,False
F01872,2.8,False,mango,diesel_tubewell,0.868,0.279,3,1.5,19,10600.0,True,234000.0,True
F01873,2.7,False,cotton,diesel_tubewell,1.144,0.176,2,3.5,24,20400.0,True,253000.0,False
F01874,1.9,False,wheat,canal,1.162,0.103,1,4.0,31,15500.0,False,143000.0,False
F01875,2.0,False,mango,canal,1.282,0.236,1,3.0,17,15100.0,False,233000.0,False
F01876,1.2,False,wheat,rainfed,0.827,0.314,2,2.0,34,7700.0,True,82000.0,True
F01877,6.5,True,cotton,solar_pump,1.21,0.092,2,4.5,11,57200.0,False,570000.0,False
F01878,13.1,True,mango,canal,0.869,0.3,4,3.5,28,49600.0,True,1039000.0,True
F01879,10.2,True,rice,diesel_tubewell,1.288,0.04,2,4.5,26,66400.0,True,784000.0,False
F01880,1.4,False,cotton,diesel_tubewell,0.8,0.239,1,2.5,24,7000.0,True,91000.0,False
F01881,6.5,False,cotton,canal,0.667,0.271,5,2.5,24,31300.0,True,377000.0,False
F01882,10.2,True,wheat,canal,1.175,0.254,7,3.5,29,23800.0,False,797000.0,True
F01883,3.0,False,banana,rainfed,0.9,0.36,2,2.0,3,10900.0,False,300000.0,True
F01884,4.3,False,wheat,diesel_tubewell,0.952,0.163,2,2.0,18,29300.0,True,236000.0,False
F01885,1.1,False,wheat,canal,0.902,0.33,4,2.5,35,14400.0,True,132000.0,True
F01886,4.8,False,wheat,solar_pump,1.542,0.04,0,,15,33200.0,False,366000.0,False
F01887,2.0,True,mango,diesel_tubewell,1.238,0.172,3,4.0,4,34100.0,False,301000.0,False
F01888,4.6,True,sugarcane,diesel_tubewell,1.298,0.061,2,4.0,35,23600.0,False,604000.0,False
F01889,1.5,False,cotton,canal,1.077,0.183,0,,27,7700.0,False,102000.0,False
F01890,5.8,True,banana,canal,1.18,0.174,1,3.5,20,51300.0,False,707000.0,False
F01891,7.9,False,wheat,canal,0.951,0.313,4,3.5,35,28200.0,True,489000.0,True
F01892,2.4,True,mango,rainfed,1.005,0.384,1,4.5,21,10600.0,False,233000.0,False
F01893,1.9,False,wheat,diesel_tubewell,1.002,0.143,6,3.0,31,31100.0,False,244000.0,False
F01894,1.0,False,cotton,rainfed,1.092,0.283,3,5.0,4,12100.0,False,194000.0,False
F01895,3.4,False,wheat,canal,0.959,0.332,1,2.5,16,17900.0,False,182000.0,False
F01896,2.8,False,banana,solar_pump,1.007,0.172,1,3.5,19,29100.0,True,308000.0,False
F01897,1.5,True,mango,diesel_tubewell,1.019,0.194,3,3.0,19,23500.0,True,199000.0,False
F01898,5.4,True,rice,diesel_tubewell,1.233,0.187,1,2.0,14,40500.0,True,376000.0,False
F01899,3.0,False,wheat,canal,0.87,0.292,0,,1,9400.0,True,129000.0,True
F01900,2.0,False,wheat,diesel_tubewell,1.099,0.22,2,2.5,10,6200.0,False,150000.0,False
F01901,2.8,False,cotton,canal,0.845,0.196,3,2.5,29,23900.0,False,211000.0,True
F01902,8.1,True,wheat,canal,1.244,0.148,4,4.0,35,78400.0,False,632000.0,True
F01903,6.0,False,wheat,solar_pump,1.335,0.141,7,3.5,2,99400.0,False,601000.0,False
F01904,3.7,True,rice,canal,0.996,0.176,4,3.0,34,34700.0,False,299000.0,False
F01905,6.1,False,rice,canal,1.34,0.04,3,4.5,36,34400.0,False,554000.0,False
F01906,1.9,False,mango,rainfed,1.094,0.178,0,,36,11200.0,True,168000.0,False
F01907,4.1,False,cotton,canal,1.296,0.082,2,4.0,9,5700.0,False,401000.0,False
F01908,4.5,False,cotton,diesel_tubewell,1.091,0.297,1,3.0,12,18800.0,True,334000.0,False
F01909,3.0,False,cotton,rainfed,0.697,0.323,1,2.5,7,6300.0,True,153000.0,True
F01910,5.4,True,wheat,solar_pump,1.044,0.255,4,3.5,24,40700.0,True,396000.0,False
F01911,2.4,False,rice,canal,0.847,0.321,3,2.0,5,18400.0,False,160000.0,False
F01912,5.6,True,sugarcane,diesel_tubewell,0.85,0.23,0,,11,68000.0,True,429000.0,True
F01913,5.8,True,wheat,diesel_tubewell,0.701,0.152,3,1.5,20,44500.0,True,239000.0,False
F01914,0.6,False,wheat,canal,1.251,0.096,2,3.5,16,8800.0,True,95000.0,False
F01915,8.8,True,mango,solar_pump,0.868,0.176,4,3.0,14,45900.0,True,719000.0,False
F01916,0.6,False,cotton,rainfed,0.996,0.344,0,,9,2600.0,False,38000.0,False
F01917,2.7,False,cotton,canal,1.36,0.127,0,,8,13900.0,False,231000.0,False
F01918,7.9,False,sugarcane,canal,0.791,0.23,3,2.0,21,98900.0,False,613000.0,False
F01919,3.3,False,rice,solar_pump,1.08,0.155,2,4.0,6,2200.0,False,259000.0,False
F01920,1.6,False,wheat,diesel_tubewell,1.011,0.121,1,2.5,10,13900.0,True,101000.0,False
F01921,2.0,False,mango,solar_pump,1.101,0.13,0,,2,9300.0,True,178000.0,False
F01922,7.9,True,banana,canal,0.727,0.247,5,2.5,10,47300.0,True,673000.0,False
F01923,1.2,False,wheat,canal,1.085,0.381,2,3.5,10,1000.0,True,123000.0,True
F01924,8.4,False,wheat,diesel_tubewell,1.361,0.063,5,3.5,15,84300.0,False,712000.0,False
F01925,3.9,False,sugarcane,rainfed,1.068,0.416,1,2.5,10,43500.0,False,396000.0,True
F01926,1.9,False,rice,canal,0.801,0.225,3,3.0,0,0.0,False,157000.0,False
F01927,2.8,False,cotton,rainfed,1.113,0.296,2,4.0,13,31600.0,False,263000.0,False
F01928,2.1,False,cotton,canal,0.81,0.287,2,3.0,33,17900.0,True,157000.0,False
F01929,7.1,True,sugarcane,canal,0.953,0.256,3,3.0,21,44900.0,False,684000.0,False
F01930,6.5,False,cotton,diesel_tubewell,1.175,0.19,4,3.0,8,8700.0,False,581000.0,False
F01931,1.3,False,wheat,canal,1.114,0.274,0,,34,5500.0,False,72000.0,False
F01932,3.1,False,wheat,diesel_tubewell,1.482,0.111,1,3.5,23,30300.0,False,257000.0,False
F01933,2.3,False,cotton,canal,1.029,0.199,3,3.0,24,11800.0,True,224000.0,False
F01934,9.4,True,banana,diesel_tubewell,1.063,0.147,2,2.5,2,123000.0,False,1031000.0,False
F01935,1.7,False,rice,canal,1.038,0.185,3,3.5,9,10000.0,True,183000.0,False
F01936,11.5,True,cotton,solar_pump,1.081,0.143,1,3.0,14,64900.0,True,808000.0,False
F01937,4.0,True,mango,rainfed,1.05,0.288,2,3.0,25,22900.0,False,390000.0,False
F01938,1.9,False,cotton,canal,0.934,0.225,2,3.0,1,14300.0,True,162000.0,False
F01939,2.6,False,cotton,canal,1.098,0.181,3,2.0,8,25400.0,True,230000.0,True
F01940,2.4,False,wheat,rainfed,0.987,0.242,0,,36,16100.0,True,117000.0,False
F01941,1.8,True,sugarcane,canal,0.844,0.324,3,3.0,10,19100.0,True,212000.0,False
F01942,4.3,False,sugarcane,solar_pump,0.821,0.102,3,2.0,32,11500.0,True,368000.0,False
F01943,1.8,True,sugarcane,diesel_tubewell,1.139,0.22,2,2.5,6,23600.0,True,226000.0,True
F01944,1.0,False,wheat,rainfed,0.754,0.32,1,3.5,31,4900.0,True,66000.0,False
F01945,3.2,False,cotton,canal,1.061,0.273,3,3.5,14,21900.0,False,301000.0,True
F01946,1.3,False,wheat,canal,0.85,0.325,1,2.0,7,6200.0,True,71000.0,True
F01947,2.5,False,banana,canal,0.833,0.224,2,3.0,24,26100.0,True,256000.0,False
F01948,2.2,False,wheat,canal,0.831,0.251,1,2.5,21,7700.0,True,111000.0,False
F01949,2.3,False,rice,canal,1.044,0.261,2,3.5,5,19300.0,False,188000.0,False
F01950,14.9,True,sugarcane,rainfed,0.967,0.335,4,3.5,32,136900.0,False,1414000.0,False
F01951,4.2,True,wheat,canal,0.896,0.277,2,3.5,27,25100.0,True,245000.0,True
F01952,4.8,False,cotton,canal,1.08,0.281,3,3.5,14,46700.0,True,414000.0,False
F01953,1.3,False,wheat,canal,0.795,0.224,1,2.5,33,700.0,True,72000.0,True
F01954,2.7,False,rice,canal,1.158,0.211,4,3.5,1,20100.0,True,286000.0,False
F01955,4.7,False,banana,diesel_tubewell,0.916,0.199,5,3.5,35,44800.0,False,572000.0,False
F01956,2.1,False,cotton,canal,0.863,0.223,0,,15,8600.0,True,114000.0,True
F01957,7.3,False,banana,solar_pump,1.203,0.142,4,2.5,29,51900.0,False,953000.0,True
F01958,1.9,False,wheat,solar_pump,1.091,0.125,1,3.0,33,7900.0,True,128000.0,False
F01959,3.4,False,cotton,canal,0.913,0.269,2,1.5,31,22200.0,True,221000.0,False
F01960,2.8,False,mango,solar_pump,0.849,0.204,3,2.0,4,23900.0,True,243000.0,False
F01961,4.5,False,mango,canal,1.112,0.138,2,4.0,14,39800.0,False,472000.0,False
F01962,2.7,False,wheat,canal,0.981,0.317,0,,3,6500.0,True,131000.0,False
F01963,3.4,False,rice,rainfed,0.9,0.3,2,3.5,8,25000.0,True,224000.0,False
F01964,3.5,False,mango,rainfed,0.955,0.207,0,,22,29700.0,True,271000.0,False
F01965,2.5,False,sugarcane,canal,0.987,0.212,0,,25,26700.0,False,222000.0,False
F01966,5.6,False,rice,diesel_tubewell,0.912,0.294,1,3.5,8,17500.0,False,305000.0,False
F01967,4.7,True,wheat,canal,0.995,0.279,2,2.5,2,54600.0,False,273000.0,True
F01968,3.8,True,wheat,diesel_tubewell,1.122,0.128,1,2.0,14,20600.0,False,228000.0,False
F01969,3.1,False,rice,diesel_tubewell,0.919,0.186,1,3.0,21,10400.0,True,179000.0,False
F01970,6.8,True,cotton,canal,1.242,0.105,1,3.0,14,90600.0,False,557000.0,False
F01971,3.5,False,wheat,rainfed,0.583,0.337,5,2.0,35,20000.0,True,184000.0,True
F01972,3.3,False,wheat,diesel_tubewell,1.052,0.201,5,3.0,25,26700.0,False,297000.0,False
F01973,4.3,False,cotton,canal,0.781,0.227,3,2.5,23,25800.0,True,274000.0,False
F01974,12.2,True,cotton,rainfed,0.716,0.326,1,3.0,1,72500.0,False,575000.0,False
F01975,1.7,False,cotton,solar_pump,1.107,0.181,1,3.0,34,13200.0,False,144000.0,False
F01976,6.7,False,cotton,canal,1.228,0.151,4,3.5,24,16400.0,False,635000.0,False
F01977,1.2,False,wheat,diesel_tubewell,1.064,0.193,4,3.0,36,13500.0,True,163000.0,False
F01978,4.7,True,mango,rainfed,0.699,0.442,0,,18,30200.0,False,266000.0,False
F01979,11.3,True,rice,rainfed,0.842,0.468,4,2.0,25,47500.0,True,581000.0,True
F01980,5.6,True,wheat,canal,0.87,0.269,3,2.5,18,15300.0,True,304000.0,False
F01981,4.5,True,cotton,diesel_tubewell,0.968,0.238,2,3.0,31,26600.0,False,324000.0,False
F01982,2.8,False,cotton,rainfed,1.052,0.265,1,3.5,26,24100.0,False,215000.0,True
F01983,4.1,True,rice,rainfed,0.84,0.285,4,2.5,14,33900.0,True,269000.0,False
F01984,3.4,False,rice,canal,1.198,0.107,0,,23,10200.0,False,220000.0,False
F01985,2.4,True,rice,diesel_tubewell,0.821,0.217,2,3.0,4,6900.0,False,156000.0,False
F01986,3.4,False,sugarcane,rainfed,0.828,0.396,2,3.0,25,24700.0,True,303000.0,True
F01987,4.6,False,wheat,canal,0.888,0.173,0,,17,12200.0,True,202000.0,False
F01988,2.5,False,wheat,canal,1.188,0.161,0,,11,9400.0,False,147000.0,False
F01989,2.4,False,wheat,diesel_tubewell,1.09,0.169,1,3.0,31,11500.0,False,155000.0,False
F01990,1.7,False,cotton,diesel_tubewell,0.733,0.274,1,2.5,31,10800.0,False,99000.0,True
F01991,5.2,False,cotton,solar_pump,1.224,0.111,4,3.5,2,28600.0,True,518000.0,False
F01992,5.8,False,sugarcane,canal,1.365,0.158,2,5.0,22,35400.0,False,796000.0,False
F01993,4.7,False,wheat,solar_pump,0.991,0.245,3,3.0,1,17900.0,False,306000.0,True
F01994,7.6,False,rice,canal,0.799,0.23,1,2.0,17,11300.0,True,344000.0,False
F01995,4.3,False,wheat,solar_pump,1.093,0.089,3,3.0,35,26200.0,True,308000.0,False
F01996,5.2,False,cotton,canal,1.238,0.151,2,3.5,18,40300.0,True,464000.0,False
F01997,4.9,False,sugarcane,canal,1.164,0.241,3,3.0,5,68800.0,False,588000.0,False
F01998,3.8,False,wheat,rainfed,0.702,0.307,3,2.0,9,8700.0,True,182000.0,True
F01999,2.9,False,cotton,solar_pump,1.109,0.159,2,3.0,1,22100.0,False,253000.0,False
F02000,17.1,True,cotton,canal,1.146,0.167,7,4.0,29,138700.0,False,1468000.0,False
F02001,3.0,True,sugarcane,canal,0.874,0.299,0,,33,7500.0,True,236000.0,False
F02002,2.6,False,wheat,diesel_tubewell,1.121,0.172,2,4.0,10,19100.0,False,211000.0,False
F02003,5.4,False,banana,rainfed,0.954,0.317,3,3.0,10,53800.0,True,585000.0,False
F02004,4.8,True,banana,canal,1.293,0.197,8,4.0,21,69700.0,False,881000.0,False
F02005,1.6,False,mango,rainfed,0.596,0.314,1,3.0,29,4200.0,False,102000.0,False
F02006,8.4,True,wheat,canal,1.229,0.242,5,4.0,34,54800.0,False,678000.0,False
F02007,3.8,False,rice,diesel_tubewell,0.84,0.31,3,2.0,35,4000.0,True,222000.0,True
F02008,2.0,False,wheat,canal,0.904,0.221,2,3.0,20,13100.0,False,140000.0,False
F02009,8.8,True,mango,canal,1.222,0.155,4,3.5,23,106700.0,False,988000.0,False
F02010,6.1,False,cotton,rainfed,0.777,0.34,1,4.0,1,25200.0,True,332000.0,False
F02011,1.8,False,wheat,canal,0.788,0.306,2,2.0,2,13000.0,False,104000.0,True
F02012,12.9,True,wheat,rainfed,1.054,0.283,6,4.0,35,52500.0,False,873000.0,False
F02013,6.2,False,mango,canal,1.147,0.183,3,3.0,8,38500.0,True,651000.0,True
F02014,4.0,False,mango,canal,1.197,0.222,2,4.0,20,33700.0,True,454000.0,True
F02015,11.4,True,cotton,rainfed,1.004,0.306,4,2.5,10,127700.0,False,804000.0,False
F02016,4.5,True,cotton,diesel_tubewell,1.137,0.22,3,3.5,6,30300.0,True,410000.0,False
F02017,4.0,False,sugarcane,canal,1.087,0.121,2,3.5,29,69600.0,True,450000.0,False
F02018,2.6,False,mango,diesel_tubewell,1.072,0.207,1,4.0,18,21300.0,True,259000.0,False
F02019,5.9,True,sugarcane,canal,0.709,0.291,4,2.5,4,25900.0,True,460000.0,False
F02020,5.5,False,cotton,rainfed,1.334,0.108,4,4.0,13,88400.0,False,595000.0,False
F02021,4.1,False,rice,canal,1.12,0.196,2,3.5,15,27400.0,True,306000.0,False
F02022,2.4,False,mango,diesel_tubewell,0.812,0.185,4,2.5,15,17700.0,True,241000.0,False
F02023,4.4,True,wheat,canal,0.917,0.234,0,,28,22400.0,False,200000.0,True
F02024,3.9,False,cotton,diesel_tubewell,1.178,0.18,4,3.5,17,50700.0,False,406000.0,False
F02025,1.7,False,wheat,rainfed,1.129,0.195,4,3.0,22,12500.0,False,195000.0,False
F02026,1.6,False,cotton,rainfed,0.914,0.232,2,3.5,30,17100.0,False,150000.0,False
F02027,5.9,False,sugarcane,canal,1.005,0.165,0,,34,40400.0,False,534000.0,False
F02028,0.7,False,wheat,canal,0.829,0.339,2,1.0,8,2300.0,True,45000.0,True
F02029,4.6,False,rice,canal,1.108,0.278,3,3.0,23,20900.0,True,350000.0,False
F02030,3.0,False,wheat,rainfed,0.575,0.506,3,2.5,24,6500.0,False,148000.0,True
F02031,9.5,False,mango,canal,1.249,0.161,3,3.5,25,90400.0,True,1049000.0,False
F02032,2.9,False,mango,diesel_tubewell,0.934,0.19,4,1.5,26,23300.0,False,269000.0,True
F02033,6.2,False,cotton,canal,1.108,0.222,2,3.5,3,59600.0,True,491000.0,False
F02034,3.1,False,sugarcane,rainfed,0.726,0.321,1,3.0,36,25500.0,True,227000.0,True
F02035,4.4,False,wheat,diesel_tubewell,0.597,0.206,0,,27,9100.0,True,130000.0,True
F02036,6.5,False,mango,diesel_tubewell,0.853,0.23,1,2.5,11,36100.0,True,470000.0,True
F02037,3.0,False,sugarcane,rainfed,1.052,0.316,2,3.0,14,20600.0,False,334000.0,False
F02038,7.8,True,wheat,rainfed,0.811,0.212,5,3.0,7,38100.0,True,438000.0,True
F02039,2.1,False,banana,diesel_tubewell,1.207,0.132,1,3.0,22,21000.0,True,276000.0,False
F02040,4.9,False,wheat,solar_pump,1.072,0.116,3,3.0,34,28500.0,False,335000.0,False
F02041,7.4,True,rice,diesel_tubewell,1.0,0.174,6,2.5,15,69300.0,False,525000.0,False
F02042,6.2,False,wheat,canal,0.968,0.248,1,4.0,35,44200.0,False,330000.0,False
F02043,14.1,True,sugarcane,canal,0.862,0.263,6,3.0,27,77700.0,True,1243000.0,False
F02044,2.5,False,wheat,diesel_tubewell,0.762,0.219,2,2.0,28,13900.0,False,128000.0,True
F02045,1.7,False,wheat,diesel_tubewell,1.035,0.171,1,3.5,2,12200.0,True,116000.0,False
F02046,2.1,False,cotton,canal,0.99,0.164,1,3.0,14,10100.0,False,156000.0,False
F02047,6.2,True,banana,canal,1.062,0.155,2,3.5,18,92600.0,False,710000.0,False
F02048,5.6,False,wheat,solar_pump,1.056,0.149,4,3.5,35,13900.0,False,409000.0,False
F02049,4.3,True,rice,canal,1.027,0.141,4,2.5,29,38400.0,False,322000.0,False
F02050,2.0,False,cotton,diesel_tubewell,0.901,0.282,3,2.5,21,14000.0,True,176000.0,False
F02051,6.7,False,mango,diesel_tubewell,0.997,0.247,7,3.5,31,35500.0,True,745000.0,False
F02052,1.8,False,wheat,canal,1.057,0.175,2,3.5,8,11800.0,False,153000.0,False
F02053,8.6,True,rice,canal,0.979,0.193,5,2.5,5,81500.0,True,559000.0,False
F02054,26.0,True,banana,canal,1.05,0.125,9,2.5,30,482500.0,False,2889000.0,True
F02055,5.1,True,wheat,canal,1.051,0.179,3,2.5,29,18800.0,True,328000.0,False
F02056,5.9,True,cotton,diesel_tubewell,0.788,0.191,4,1.5,17,28100.0,False,343000.0,True
F02057,2.9,False,mango,solar_pump,0.986,0.095,1,2.5,11,19500.0,True,253000.0,False
F02058,1.3,False,wheat,rainfed,0.865,0.334,4,2.5,2,11500.0,True,139000.0,False
F02059,2.7,False,cotton,canal,1.127,0.221,2,2.5,5,32100.0,False,233000.0,False
F02060,2.0,False,wheat,diesel_tubewell,1.171,0.145,2,3.0,28,11700.0,True,166000.0,False
F02061,1.6,False,mango,canal,0.898,0.259,2,2.0,22,8600.0,False,150000.0,False
F02062,12.4,True,banana,rainfed,0.952,0.278,6,3.0,30,90300.0,True,1318000.0,False
F02063,4.8,False,rice,canal,0.862,0.257,2,4.5,1,23000.0,False,298000.0,False
F02064,5.2,True,rice,diesel_tubewell,1.15,0.13,3,4.0,31,46100.0,True,423000.0,False
F02065,3.3,False,cotton,diesel_tubewell,1.13,0.2,2,3.5,20,25700.0,False,293000.0,False
F02066,3.6,False,wheat,canal,1.204,0.194,1,3.0,6,25300.0,False,240000.0,False
F02067,7.6,True,wheat,rainfed,0.797,0.394,4,2.5,35,45400.0,False,383000.0,True
F02068,4.0,True,wheat,canal,0.876,0.267,1,2.5,12,14400.0,True,194000.0,False
F02069,5.7,False,wheat,canal,1.064,0.198,1,2.5,13,26000.0,True,321000.0,False
F02070,3.6,False,rice,diesel_tubewell,1.242,0.064,1,4.0,29,27400.0,True,275000.0,False
F02071,3.2,False,wheat,diesel_tubewell,1.14,0.11,2,3.5,17,15000.0,False,239000.0,False
F02072,1.6,False,wheat,canal,1.067,0.12,1,4.0,28,10000.0,False,118000.0,False
F02073,1.1,False,cotton,canal,0.946,0.173,0,,21,7800.0,True,66000.0,False
F02074,3.4,False,wheat,canal,0.812,0.297,1,2.5,32,13800.0,True,158000.0,False
F02075,4.2,False,wheat,rainfed,0.734,0.377,2,2.5,9,24400.0,True,194000.0,True
F02076,1.8,False,wheat,diesel_tubewell,1.27,0.168,2,3.0,20,8600.0,False,163000.0,False
F02077,4.0,False,wheat,canal,0.783,0.367,4,2.0,7,21000.0,True,222000.0,True
F02078,4.2,False,cotton,canal,1.192,0.187,3,3.5,11,41300.0,False,403000.0,False
F02079,1.0,False,sugarcane,rainfed,0.653,0.283,0,,36,5500.0,False,59000.0,True
F02080,2.2,False,mango,rainfed,1.221,0.244,1,4.5,15,18800.0,False,255000.0,False
F02081,5.3,False,sugarcane,canal,0.977,0.267,5,2.5,25,19800.0,True,570000.0,False
F02082,5.2,True,rice,diesel_tubewell,1.135,0.219,1,3.5,10,42000.0,True,348000.0,False
F02083,1.9,False,mango,canal,1.487,0.095,1,4.0,1,9500.0,True,262000.0,False
F02084,4.5,False,cotton,canal,0.98,0.236,3,3.5,23,14200.0,False,365000.0,False
F02085,7.9,True,rice,rainfed,0.841,0.393,2,3.5,8,42800.0,True,417000.0,True
F02086,6.7,False,cotton,rainfed,0.792,0.362,2,2.5,18,26700.0,True,376000.0,False
F02087,3.8,True,wheat,canal,0.919,0.184,3,2.0,28,19600.0,True,223000.0,False
F02088,3.0,False,wheat,rainfed,0.781,0.245,6,3.0,20,10800.0,False,266000.0,False
F02089,2.7,False,wheat,diesel_tubewell,0.851,0.335,5,2.0,2,18300.0,False,197000.0,False
F02090,5.5,False,sugarcane,solar_pump,0.856,0.136,6,2.0,24,58200.0,True,524000.0,False
F02091,4.6,False,wheat,solar_pump,0.98,0.135,1,2.5,15,7600.0,True,244000.0,False
F02092,6.1,False,rice,diesel_tubewell,1.121,0.202,3,2.0,8,38500.0,False,419000.0,False
F02093,4.4,False,mango,rainfed,0.796,0.239,4,2.0,25,39700.0,True,350000.0,False
F02094,6.9,False,cotton,canal,0.974,0.174,2,2.5,33,18100.0,False,465000.0,False
F02095,4.3,True,wheat,diesel_tubewell,1.2,0.091,5,5.0,8,40900.0,False,464000.0,False
F02096,6.8,False,cotton,canal,0.912,0.378,4,2.0,1,38900.0,True,457000.0,True
F02097,7.1,False,cotton,solar_pump,1.426,0.196,1,4.5,31,64300.0,True,676000.0,False
F02098,2.4,False,banana,canal,0.864,0.238,3,2.5,9,19900.0,False,268000.0,False
F02099,1.3,False,sugarcane,canal,1.042,0.242,1,3.5,11,5300.0,True,151000.0,False
F02100,11.1,True,sugarcane,solar_pump,1.399,0.106,6,3.0,4,108500.0,False,1548000.0,False
F02101,4.8,True,cotton,canal,1.225,0.118,3,3.0,2,28900.0,True,445000.0,False
F02102,1.3,False,sugarcane,canal,0.992,0.126,0,,15,9400.0,False,116000.0,False
F02103,2.5,True,sugarcane,canal,0.89,0.389,2,2.0,22,28900.0,False,234000.0,True
F02104,6.7,False,wheat,diesel_tubewell,0.949,0.137,3,3.5,34,13600.0,True,402000.0,False
F02105,3.4,True,wheat,canal,0.948,0.263,3,2.5,17,25600.0,False,222000.0,False
F02106,2.9,True,wheat,canal,1.341,0.124,0,,30,27400.0,False,193000.0,False
F02107,10.1,True,cotton,diesel_tubewell,0.925,0.256,8,2.5,34,105900.0,True,755000.0,False
F02108,2.1,False,mango,rainfed,0.81,0.363,1,4.0,18,24500.0,True,171000.0,False
F02109,2.4,False,rice,solar_pump,0.886,0.141,3,2.0,20,14800.0,True,165000.0,True
F02110,4.7,False,cotton,canal,0.884,0.222,5,2.0,14,29600.0,True,345000.0,False
F02111,5.2,True,banana,rainfed,0.85,0.215,4,3.5,28,12800.0,False,554000.0,False
F02112,5.6,True,wheat,rainfed,0.697,0.333,3,3.0,1,20400.0,True,268000.0,True
F02113,7.3,True,wheat,solar_pump,1.08,0.18,3,4.0,34,59300.0,False,490000.0,False
F02114,4.6,False,mango,diesel_tubewell,0.76,0.239,4,3.0,18,13800.0,False,383000.0,False
F02115,5.6,False,mango,canal,0.845,0.22,7,2.5,4,28900.0,True,529000.0,False
F02116,3.4,False,rice,diesel_tubewell,1.297,0.208,2,4.5,9,27200.0,True,313000.0,False
F02117,4.2,False,wheat,diesel_tubewell,0.852,0.297,2,1.5,20,5700.0,False,202000.0,False
F02118,4.3,False,banana,canal,1.262,0.263,1,4.0,0,0.0,False,570000.0,False
F02119,4.7,False,sugarcane,canal,0.507,0.235,2,1.0,28,23800.0,True,231000.0,False
F02120,6.7,False,rice,canal,0.923,0.288,2,3.0,31,36400.0,True,384000.0,False
F02121,5.8,True,wheat,diesel_tubewell,0.742,0.288,5,3.0,21,37300.0,False,338000.0,False
F02122,4.2,False,cotton,canal,1.133,0.117,2,2.5,26,24600.0,True,341000.0,False
F02123,2.4,False,mango,diesel_tubewell,1.13,0.106,4,4.0,3,32700.0,False,353000.0,False
F02124,4.2,False,mango,solar_pump,1.038,0.164,2,3.0,34,20500.0,False,403000.0,False
F02125,4.0,False,rice,canal,1.119,0.132,1,3.5,15,2300.0,True,271000.0,False
F02126,4.6,False,cotton,canal,1.061,0.137,4,3.0,17,33500.0,False,408000.0,False
F02127,17.0,True,sugarcane,canal,1.123,0.131,6,3.5,10,257600.0,False,1893000.0,False
F02128,2.9,False,cotton,canal,0.85,0.265,3,2.0,18,28600.0,True,205000.0,False
F02129,5.3,False,cotton,solar_pump,0.856,0.19,3,2.0,0,0.0,True,336000.0,False
F02130,8.1,True,wheat,diesel_tubewell,0.744,0.224,4,2.0,20,27000.0,True,365000.0,False
F02131,4.3,False,wheat,rainfed,1.103,0.309,3,3.0,10,9800.0,False,310000.0,False
F02132,18.5,True,sugarcane,rainfed,1.246,0.14,11,4.5,32,295200.0,False,2486000.0,False
F02133,3.2,False,wheat,canal,0.956,0.28,4,2.5,6,22900.0,True,235000.0,False
F02134,5.0,False,wheat,diesel_tubewell,0.935,0.214,0,,7,17800.0,True,231000.0,False
F02135,2.4,True,mango,diesel_tubewell,1.49,0.12,1,3.5,23,5600.0,False,319000.0,False
F02136,3.2,False,sugarcane,diesel_tubewell,1.098,0.16,1,3.5,2,8000.0,False,345000.0,True
F02137,4.8,False,wheat,canal,0.69,0.23,4,2.5,24,21700.0,False,247000.0,False
F02138,7.0,False,wheat,canal,0.893,0.299,4,2.5,24,12500.0,True,393000.0,False
F02139,5.0,True,sugarcane,diesel_tubewell,1.038,0.126,1,3.0,19,49800.0,False,492000.0,False
F02140,9.2,False,cotton,diesel_tubewell,1.11,0.151,4,3.0,18,76500.0,False,744000.0,False
F02141,3.8,False,cotton,canal,1.223,0.203,1,3.0,28,12600.0,True,318000.0,False
F02142,3.3,False,cotton,canal,0.841,0.257,6,2.0,21,23300.0,True,275000.0,False
F02143,23.5,True,wheat,diesel_tubewell,0.799,0.313,6,2.5,29,54900.0,True,1055000.0,True
F02144,5.2,False,sugarcane,solar_pump,0.878,0.153,5,2.5,32,59100.0,True,515000.0,False
F02145,2.5,True,wheat,diesel_tubewell,0.913,0.261,5,2.5,10,41900.0,False,217000.0,False
F02146,2.6,False,cotton,canal,0.978,0.228,2,3.5,33,17300.0,True,219000.0,False
F02147,2.2,False,wheat,canal,1.103,0.171,2,4.0,21,24800.0,False,187000.0,True
F02148,7.5,False,wheat,solar_pump,1.567,0.108,5,4.5,14,90400.0,False,769000.0,False
F02149,3.2,False,wheat,solar_pump,1.07,0.162,2,3.0,30,17700.0,True,219000.0,False
F02150,4.4,False,mango,canal,0.945,0.194,2,2.0,25,37400.0,True,370000.0,False
F02151,3.9,False,wheat,diesel_tubewell,0.766,0.236,4,3.5,26,10900.0,True,264000.0,False
F02152,6.5,True,wheat,canal,1.097,0.169,2,3.5,18,36200.0,True,411000.0,False
F02153,2.3,False,wheat,diesel_tubewell,1.318,0.1,1,4.0,1,13500.0,False,183000.0,False
F02154,2.0,False,sugarcane,canal,0.943,0.173,2,2.5,20,27200.0,True,211000.0,False
F02155,4.7,False,cotton,diesel_tubewell,1.275,0.147,2,4.0,28,27700.0,False,444000.0,False
F02156,6.0,True,banana,rainfed,0.733,0.325,9,3.5,30,33600.0,True,698000.0,False
F02157,5.0,False,rice,canal,1.106,0.176,3,4.0,2,19700.0,False,399000.0,False
F02158,2.4,False,cotton,canal,1.12,0.147,1,3.5,10,22200.0,False,199000.0,False
F02159,6.3,False,rice,canal,0.954,0.25,5,3.0,26,34700.0,False,450000.0,False
F02160,2.5,False,wheat,canal,1.18,0.226,3,2.5,3,5700.0,False,209000.0,False
F02161,2.9,True,banana,rainfed,0.42,0.421,1,1.0,32,15100.0,True,129000.0,True
F02162,2.2,False,banana,rainfed,0.859,0.333,2,2.5,25,7500.0,False,229000.0,True
F02163,9.4,True,wheat,canal,0.836,0.301,3,3.0,29,30200.0,False,464000.0,False
F02164,6.1,False,rice,rainfed,0.983,0.384,2,3.0,11,28500.0,False,374000.0,False
F02165,6.0,False,wheat,canal,1.145,0.217,4,3.5,22,21400.0,True,457000.0,False
F02166,9.1,False,rice,diesel_tubewell,1.255,0.131,5,4.0,11,21000.0,False,783000.0,False
F02167,25.2,True,sugarcane,diesel_tubewell,1.078,0.148,11,3.5,4,305500.0,False,2766000.0,False
F02168,1.3,False,banana,canal,1.126,0.238,2,2.5,4,19600.0,True,187000.0,False
F02169,2.5,False,wheat,diesel_tubewell,0.943,0.266,4,4.0,6,21300.0,True,250000.0,True
F02170,2.7,False,sugarcane,diesel_tubewell,1.098,0.243,1,3.0,35,27900.0,False,292000.0,False
F02171,2.3,False,sugarcane,canal,0.789,0.238,3,2.5,3,6000.0,True,226000.0,False
F02172,2.0,False,wheat,rainfed,0.912,0.409,2,2.5,30,13300.0,False,132000.0,False
F02173,3.3,True,rice,canal,0.74,0.257,6,2.0,19,22500.0,False,232000.0,True
F02174,1.8,False,rice,canal,0.912,0.235,2,2.5,27,12800.0,True,130000.0,False
F02175,5.0,False,sugarcane,rainfed,0.573,0.369,4,1.5,24,30200.0,False,308000.0,False
F02176,4.2,False,banana,canal,0.797,0.351,1,2.5,20,41000.0,False,352000.0,True
F02177,5.5,True,wheat,canal,0.602,0.395,1,2.5,34,14700.0,True,185000.0,True
F02178,5.6,False,wheat,canal,0.896,0.171,2,3.5,1,26200.0,True,307000.0,False
F02179,6.0,False,wheat,canal,0.992,0.138,3,3.5,19,14800.0,True,382000.0,False
F02180,3.2,False,wheat,canal,0.586,0.255,5,1.0,35,14300.0,True,135000.0,True
F02181,16.1,True,cotton,canal,1.016,0.166,6,3.0,22,72100.0,True,1181000.0,False
F02182,4.7,False,mango,diesel_tubewell,0.917,0.218,3,2.5,7,26100.0,True,411000.0,False
F02183,1.2,False,cotton,diesel_tubewell,0.872,0.182,1,3.5,9,6600.0,True,95000.0,False
F02184,2.1,False,rice,rainfed,0.852,0.303,4,2.5,26,8600.0,False,180000.0,False
F02185,1.3,False,cotton,rainfed,1.081,0.35,1,3.0,23,9100.0,True,114000.0,False
F02186,4.1,True,wheat,canal,0.791,0.342,3,2.5,20,24700.0,True,223000.0,True
F02187,3.7,False,mango,rainfed,0.809,0.408,1,2.5,1,12200.0,True,263000.0,True
F02188,3.0,True,rice,rainfed,0.927,0.221,3,3.5,10,19700.0,False,238000.0,False
F02189,15.0,True,cotton,rainfed,0.759,0.426,6,3.5,16,94100.0,True,892000.0,False
F02190,5.8,False,mango,diesel_tubewell,1.195,0.137,4,3.5,16,5600.0,True,678000.0,False
F02191,6.5,True,cotton,canal,1.024,0.195,4,2.5,22,73000.0,False,503000.0,False
F02192,2.2,False,wheat,canal,1.0,0.277,6,3.0,21,17600.0,True,259000.0,False
F02193,2.1,False,cotton,rainfed,1.175,0.254,4,3.5,17,14200.0,False,272000.0,False
F02194,4.2,False,rice,diesel_tubewell,1.176,0.062,2,5.0,25,30100.0,False,350000.0,False
F02195,4.5,True,cotton,rainfed,0.592,0.374,1,3.0,24,11700.0,False,193000.0,True
F02196,1.2,False,mango,diesel_tubewell,0.959,0.205,2,3.5,27,12300.0,True,152000.0,False
F02197,3.6,False,cotton,canal,1.451,0.072,5,4.5,11,30100.0,False,517000.0,True
F02198,4.1,False,cotton,canal,0.758,0.306,4,2.5,1,33700.0,True,279000.0,False
F02199,3.5,False,mango,rainfed,0.73,0.37,1,3.0,36,40100.0,True,232000.0,False
F02200,2.4,True,cotton,canal,1.15,0.164,2,3.5,32,24900.0,False,232000.0,False
F02201,2.9,True,cotton,diesel_tubewell,1.061,0.166,1,5.0,9,21200.0,True,236000.0,False
F02202,3.6,False,wheat,rainfed,0.775,0.281,2,3.5,26,12800.0,False,196000.0,True
F02203,4.3,False,cotton,canal,1.233,0.215,0,,11,39700.0,False,334000.0,False
F02204,6.0,False,cotton,canal,1.048,0.281,1,3.0,28,24300.0,False,421000.0,False
F02205,8.2,True,wheat,diesel_tubewell,0.957,0.149,2,3.0,6,41200.0,True,438000.0,True
F02206,3.3,False,rice,rainfed,0.949,0.312,4,1.0,12,13400.0,False,202000.0,False
F02207,3.0,False,wheat,diesel_tubewell,1.002,0.217,1,3.0,20,7200.0,True,174000.0,False
F02208,5.4,True,wheat,canal,0.892,0.21,3,1.0,25,20100.0,False,264000.0,True
F02209,6.0,False,rice,canal,1.3,0.13,2,4.5,10,25000.0,False,496000.0,False
F02210,3.1,False,wheat,canal,0.945,0.343,5,2.0,22,30300.0,False,228000.0,False
F02211,6.8,False,rice,canal,1.27,0.076,2,3.5,15,30500.0,False,525000.0,False
F02212,7.7,True,sugarcane,canal,1.018,0.227,3,2.0,12,59700.0,False,756000.0,False
F02213,9.4,True,wheat,rainfed,0.994,0.398,4,4.0,30,36700.0,True,596000.0,True
F02214,12.9,True,wheat,canal,0.739,0.236,2,2.0,6,21300.0,True,505000.0,True
F02215,2.3,False,cotton,solar_pump,1.338,0.04,3,5.0,26,33800.0,False,319000.0,False
F02216,4.1,False,wheat,rainfed,0.897,0.338,2,4.0,21,19900.0,False,249000.0,False
F02217,4.1,False,cotton,diesel_tubewell,0.707,0.329,3,2.5,25,39600.0,True,245000.0,False
F02218,3.8,True,sugarcane,diesel_tubewell,1.185,0.14,4,2.5,28,57800.0,True,489000.0,False
F02219,2.7,False,rice,canal,0.981,0.188,1,3.0,29,14400.0,False,168000.0,False
F02220,1.5,False,cotton,diesel_tubewell,0.808,0.256,3,3.5,12,15700.0,True,164000.0,False
F02221,4.3,False,banana,canal,1.136,0.193,1,3.5,15,41200.0,False,513000.0,False
F02222,2.5,False,wheat,canal,0.537,0.345,2,1.5,32,4500.0,True,91000.0,True
F02223,4.3,True,mango,diesel_tubewell,0.913,0.265,2,3.0,19,13000.0,True,368000.0,False
F02224,2.4,False,mango,canal,0.906,0.159,4,3.0,32,13300.0,True,276000.0,True
F02225,2.0,False,cotton,canal,1.186,0.26,2,2.5,36,24400.0,True,191000.0,False
F02226,4.7,False,wheat,diesel_tubewell,1.504,0.085,1,4.0,28,35200.0,False,383000.0,False
F02227,4.5,False,wheat,diesel_tubewell,0.889,0.261,2,3.5,30,26000.0,False,256000.0,False
F02228,5.9,True,banana,canal,1.057,0.241,7,4.0,4,93200.0,True,851000.0,False
F02229,16.8,True,wheat,canal,1.364,0.228,2,4.5,27,92700.0,False,1209000.0,False
F02230,4.9,True,mango,canal,1.035,0.227,2,3.0,18,29100.0,True,461000.0,False
F02231,5.6,True,cotton,diesel_tubewell,1.132,0.14,4,3.0,19,75200.0,False,499000.0,False
F02232,2.0,False,cotton,diesel_tubewell,0.822,0.215,1,2.0,36,12200.0,True,120000.0,True
F02233,1.8,False,rice,canal,1.294,0.101,0,,9,3500.0,False,126000.0,False
F02234,11.3,True,wheat,diesel_tubewell,0.913,0.262,7,3.0,9,17000.0,False,686000.0,False
F02235,2.2,False,cotton,rainfed,1.064,0.248,5,4.5,7,36300.0,True,335000.0,False
F02236,2.1,False,banana,diesel_tubewell,1.009,0.224,0,,1,11300.0,True,210000.0,False
F02237,4.0,True,wheat,diesel_tubewell,1.072,0.178,5,4.0,6,29900.0,False,379000.0,True
F02238,3.8,False,banana,diesel_tubewell,0.992,0.14,1,3.0,19,4100.0,True,398000.0,False
F02239,2.3,False,banana,rainfed,0.968,0.378,1,2.0,13,16100.0,True,237000.0,False
F02240,3.3,False,wheat,rainfed,1.104,0.102,1,4.0,9,24300.0,False,214000.0,False
F02241,9.0,False,cotton,canal,1.462,0.121,6,4.0,36,67400.0,True,1029000.0,False
F02242,2.4,False,wheat,canal,0.787,0.26,2,3.0,27,6400.0,False,144000.0,False
F02243,1.6,False,rice,canal,0.866,0.11,2,3.5,7,10000.0,False,133000.0,True
F02244,7.5,True,banana,solar_pump,0.976,0.241,6,4.0,34,78200.0,True,925000.0,True
F02245,5.6,True,mango,canal,1.362,0.059,6,5.0,23,62100.0,False,868000.0,False
F02246,2.7,False,banana,rainfed,0.811,0.322,1,3.0,15,7400.0,True,242000.0,False
F02247,1.5,False,wheat,canal,1.109,0.266,0,,13,7900.0,True,82000.0,False
F02248,2.5,False,rice,diesel_tubewell,1.082,0.17,1,4.5,29,11800.0,False,184000.0,False
F02249,3.9,False,wheat,canal,1.393,0.11,4,3.5,15,34400.0,False,386000.0,False
F02250,8.7,True,mango,diesel_tubewell,1.065,0.201,2,3.5,26,41100.0,True,809000.0,False
F02251,2.1,False,wheat,canal,0.857,0.345,3,2.0,17,17400.0,True,139000.0,False
F02252,3.8,False,wheat,solar_pump,1.437,0.108,1,3.0,24,31600.0,False,295000.0,False
F02253,6.3,False,wheat,diesel_tubewell,1.053,0.121,4,4.0,27,32900.0,True,462000.0,False
F02254,0.9,False,wheat,canal,1.069,0.187,2,2.0,1,7600.0,True,81000.0,True
F02255,7.9,True,wheat,solar_pump,1.416,0.04,0,,4,76300.0,True,554000.0,False
F02256,1.9,True,wheat,rainfed,1.016,0.301,1,4.0,26,15800.0,False,129000.0,False
F02257,5.0,False,mango,solar_pump,1.437,0.168,4,3.0,10,91200.0,True,682000.0,False
F02258,4.8,False,sugarcane,solar_pump,1.075,0.134,1,4.0,28,51500.0,True,498000.0,False
F02259,8.2,True,wheat,diesel_tubewell,1.263,0.076,3,2.0,13,36700.0,False,562000.0,False
F02260,5.8,True,sugarcane,rainfed,0.917,0.335,2,4.0,2,56200.0,True,546000.0,True
F02261,0.9,False,cotton,diesel_tubewell,1.023,0.198,2,2.0,16,12800.0,True,91000.0,False
F02262,2.4,False,sugarcane,rainfed,0.99,0.333,5,3.0,33,35100.0,False,339000.0,False
F02263,4.4,True,wheat,solar_pump,0.97,0.149,2,3.0,36,14600.0,False,261000.0,False
F02264,3.6,True,rice,canal,0.901,0.278,3,3.0,17,21400.0,True,250000.0,False
F02265,5.5,False,cotton,canal,1.087,0.191,5,2.5,24,52300.0,True,481000.0,False
F02266,6.8,False,wheat,solar_pump,1.2,0.067,1,2.5,28,37800.0,False,425000.0,True
F02267,6.0,True,rice,diesel_tubewell,1.119,0.198,4,4.0,15,53900.0,True,496000.0,False
F02268,3.5,True,sugarcane,diesel_tubewell,1.054,0.085,1,2.5,25,22100.0,True,353000.0,False
F02269,1.2,False,sugarcane,rainfed,0.743,0.313,0,,32,6100.0,True,80000.0,True
F02270,3.0,False,cotton,diesel_tubewell,0.978,0.248,2,2.5,29,21500.0,True,226000.0,False
F02271,5.3,True,cotton,canal,0.905,0.135,5,2.5,20,39100.0,True,406000.0,False
F02272,2.0,False,sugarcane,diesel_tubewell,0.787,0.267,1,2.5,0,0.0,True,162000.0,False
F02273,6.1,False,wheat,canal,0.991,0.149,1,2.5,26,2700.0,False,320000.0,False
F02274,7.3,False,wheat,diesel_tubewell,0.603,0.155,3,2.5,23,2300.0,True,280000.0,True
F02275,4.4,False,cotton,rainfed,0.94,0.265,3,3.0,17,27400.0,False,336000.0,False
F02276,0.6,False,wheat,canal,0.916,0.237,3,3.0,11,9100.0,True,102000.0,False
F02277,1.8,False,cotton,rainfed,0.604,0.37,2,1.5,17,7100.0,True,93000.0,False
F02278,13.8,False,wheat,solar_pump,1.428,0.101,4,3.0,13,90900.0,False,1075000.0,False
F02279,2.8,False,rice,canal,0.952,0.253,0,,5,19700.0,False,144000.0,False
F02280,1.1,False,rice,rainfed,1.109,0.248,2,4.5,5,9400.0,True,141000.0,False
F02281,9.1,True,sugarcane,solar_pump,1.064,0.077,6,3.0,12,97500.0,False,1021000.0,False
F02282,4.1,False,rice,diesel_tubewell,1.301,0.161,1,3.5,21,44200.0,False,317000.0,False
F02283,8.3,True,cotton,canal,0.849,0.374,1,2.5,0,0.0,True,465000.0,True
F02284,4.9,False,banana,canal,1.207,0.155,1,3.0,26,86900.0,True,610000.0,False
F02285,5.5,True,sugarcane,diesel_tubewell,0.813,0.21,3,3.0,0,0.0,True,477000.0,True
F02286,5.1,False,cotton,canal,1.384,0.048,0,,9,32500.0,True,445000.0,False
F02287,6.4,False,wheat,canal,1.109,0.284,1,2.5,33,3100.0,True,372000.0,False
F02288,17.8,True,rice,rainfed,1.007,0.328,5,4.0,5,147100.0,True,1134000.0,False
F02289,7.6,True,rice,diesel_tubewell,1.175,0.157,5,4.0,8,92400.0,False,649000.0,False
F02290,1.5,False,rice,solar_pump,1.057,0.153,2,2.5,35,7700.0,True,127000.0,False
F02291,5.4,False,sugarcane,rainfed,0.949,0.252,5,2.5,2,81700.0,False,565000.0,False
F02292,8.5,True,mango,canal,1.287,0.153,3,5.0,8,27300.0,False,1011000.0,False
F02293,8.9,True,banana,canal,1.146,0.246,3,3.5,20,102100.0,False,1097000.0,False
F02294,3.1,False,rice,diesel_tubewell,0.98,0.154,0,,12,12700.0,False,164000.0,False
F02295,8.6,False,banana,canal,1.097,0.264,5,4.0,21,42700.0,True,1100000.0,False
F02296,7.4,True,mango,canal,1.219,0.103,3,4.0,32,62300.0,True,830000.0,False
F02297,21.6,True,wheat,solar_pump,1.147,0.04,2,1.5,16,103000.0,False,1251000.0,False
F02298,2.5,False,rice,canal,0.872,0.421,2,1.5,15,6200.0,True,143000.0,True
F02299,2.9,True,wheat,diesel_tubewell,1.019,0.251,3,3.0,11,23400.0,True,221000.0,False
F02300,3.3,True,wheat,diesel_tubewell,0.909,0.276,1,2.0,12,10000.0,True,165000.0,True
F02301,2.9,False,wheat,diesel_tubewell,0.86,0.196,1,2.5,21,10300.0,True,144000.0,False
F02302,2.3,False,cotton,canal,0.906,0.184,3,3.0,2,27100.0,True,206000.0,False
F02303,0.7,False,wheat,canal,0.918,0.236,0,,5,2000.0,False,32000.0,True
F02304,3.1,False,wheat,rainfed,1.131,0.196,1,3.5,29,1700.0,False,203000.0,False
F02305,5.2,True,wheat,rainfed,1.008,0.307,5,4.0,16,31900.0,True,426000.0,True
F02306,2.9,False,rice,diesel_tubewell,0.952,0.273,0,,27,13000.0,False,149000.0,False
F02307,14.3,True,mango,canal,1.256,0.184,3,3.5,31,116100.0,True,1542000.0,False
F02308,4.1,False,banana,diesel_tubewell,1.072,0.19,2,4.0,10,56200.0,False,502000.0,False
F02309,9.4,False,cotton,canal,1.181,0.221,3,3.0,13,74900.0,True,774000.0,False
F02310,4.8,False,wheat,canal,0.953,0.207,3,3.5,22,19900.0,False,314000.0,False
F02311,6.9,False,mango,canal,0.953,0.145,1,3.0,25,59400.0,True,558000.0,False
F02312,4.9,False,wheat,canal,1.181,0.164,4,3.5,2,39800.0,False,403000.0,False
F02313,9.9,True,banana,canal,1.077,0.315,6,3.0,20,117900.0,True,1206000.0,False
F02314,4.2,True,sugarcane,canal,1.086,0.207,0,,8,32000.0,False,411000.0,False
F02315,5.6,False,cotton,rainfed,1.056,0.366,1,3.5,16,37300.0,True,402000.0,False
F02316,5.1,True,wheat,diesel_tubewell,1.12,0.218,1,2.0,30,26000.0,True,299000.0,True
F02317,3.4,False,wheat,canal,0.907,0.193,3,3.0,5,16700.0,True,228000.0,False
F02318,5.3,True,rice,canal,1.059,0.168,0,,35,30100.0,True,303000.0,False
F02319,17.3,True,cotton,rainfed,0.731,0.369,5,3.0,12,94000.0,True,922000.0,True
F02320,3.4,False,mango,canal,0.74,0.357,4,1.0,28,24200.0,True,237000.0,True
F02321,5.3,False,rice,canal,0.977,0.174,4,3.0,6,39400.0,True,380000.0,False
F02322,9.2,False,cotton,diesel_tubewell,1.152,0.189,2,3.5,26,6100.0,False,726000.0,False
F02323,8.5,True,wheat,diesel_tubewell,1.181,0.073,1,3.5,31,59700.0,False,526000.0,False
F02324,4.1,True,cotton,solar_pump,1.212,0.109,5,3.5,24,23500.0,False,459000.0,False
F02325,0.9,False,wheat,canal,1.036,0.148,2,3.0,34,11600.0,False,96000.0,False
F02326,5.7,False,rice,canal,0.794,0.267,4,1.0,2,10500.0,True,278000.0,False
F02327,1.0,False,rice,canal,0.913,0.184,3,2.5,33,15200.0,True,112000.0,True
F02328,10.5,True,mango,diesel_tubewell,0.839,0.316,7,4.0,20,10000.0,False,947000.0,True
F02329,4.5,False,cotton,canal,0.55,0.305,4,2.5,9,22500.0,False,239000.0,False
F02330,7.8,True,wheat,canal,0.757,0.246,6,2.0,24,27900.0,False,392000.0,True
F02331,2.3,False,mango,canal,1.167,0.1,2,4.0,18,28100.0,False,284000.0,False
F02332,1.5,False,sugarcane,rainfed,1.196,0.247,0,,28,22700.0,False,161000.0,False
F02333,4.8,False,sugarcane,canal,1.08,0.244,7,4.5,27,66500.0,True,729000.0,True
F02334,4.0,False,cotton,canal,1.075,0.276,6,2.5,26,45400.0,True,396000.0,False
F02335,2.9,False,mango,rainfed,0.731,0.404,4,2.0,31,32100.0,True,238000.0,True
F02336,4.3,False,wheat,solar_pump,1.066,0.169,2,2.5,12,16800.0,False,269000.0,False
F02337,24.5,True,cotton,diesel_tubewell,1.082,0.216,8,3.0,8,178400.0,True,1870000.0,False
F02338,7.0,True,sugarcane,diesel_tubewell,1.121,0.226,6,3.0,21,110400.0,False,856000.0,True
F02339,8.0,False,wheat,canal,1.104,0.24,2,3.5,8,47100.0,True,495000.0,False
F02340,7.0,True,mango,solar_pump,1.48,0.04,1,3.5,29,55400.0,False,868000.0,False
F02341,10.6,True,cotton,canal,1.192,0.109,4,4.0,33,93400.0,False,930000.0,False
F02342,3.6,True,wheat,rainfed,0.754,0.255,6,4.0,18,29100.0,True,334000.0,False
F02343,1.1,False,wheat,canal,1.349,0.118,1,4.0,29,10700.0,False,107000.0,False
F02344,3.6,False,mango,diesel_tubewell,0.762,0.35,3,2.0,15,17900.0,False,272000.0,True
F02345,6.9,True,sugarcane,diesel_tubewell,0.96,0.251,3,2.0,32,59100.0,False,646000.0,False
F02346,2.2,False,wheat,canal,0.983,0.187,2,3.5,3,13000.0,True,165000.0,False
F02347,3.6,True,wheat,canal,1.124,0.254,1,4.0,36,15600.0,True,234000.0,False
F02348,2.6,False,wheat,solar_pump,1.089,0.176,2,2.5,20,23100.0,True,182000.0,True
F02349,10.8,True,wheat,canal,1.002,0.255,6,2.5,35,43800.0,False,661000.0,False
F02350,6.6,True,sugarcane,rainfed,1.331,0.154,3,4.5,26,52500.0,False,903000.0,False
F02351,6.2,False,wheat,canal,0.721,0.335,0,,26,9700.0,True,221000.0,False
F02352,6.1,True,wheat,diesel_tubewell,0.931,0.182,2,3.5,13,27600.0,True,340000.0,True
F02353,4.0,False,wheat,diesel_tubewell,1.201,0.096,1,3.0,24,20600.0,False,263000.0,False
F02354,4.6,False,rice,diesel_tubewell,1.181,0.211,1,4.0,27,35100.0,True,327000.0,False
F02355,1.9,False,rice,diesel_tubewell,1.188,0.137,3,5.0,27,10400.0,True,247000.0,False
F02356,1.0,False,rice,solar_pump,1.148,0.118,2,3.5,36,3300.0,False,120000.0,False
F02357,4.5,False,rice,diesel_tubewell,0.714,0.272,1,2.0,2,4100.0,False,190000.0,True
F02358,5.0,False,banana,diesel_tubewell,1.152,0.176,2,2.5,7,60300.0,True,612000.0,False
F02359,8.9,False,cotton,diesel_tubewell,0.723,0.246,4,2.0,15,55600.0,False,472000.0,False
F02360,11.3,True,mango,canal,1.092,0.229,3,3.5,23,125200.0,False,1087000.0,False
F02361,11.3,False,rice,canal,0.983,0.203,5,2.5,21,46900.0,True,704000.0,False
F02362,2.1,False,wheat,canal,1.159,0.138,0,,12,10600.0,True,121000.0,False
F02363,3.2,False,mango,diesel_tubewell,1.169,0.118,0,,4,2600.0,True,303000.0,False
F02364,5.5,True,rice,rainfed,1.186,0.344,4,4.5,8,68900.0,False,502000.0,False
F02365,21.0,True,rice,canal,0.727,0.32,7,3.5,28,125400.0,True,1029000.0,True
F02366,10.6,True,wheat,diesel_tubewell,1.117,0.179,3,3.5,20,76500.0,False,674000.0,False
F02367,8.4,True,cotton,canal,1.054,0.219,2,2.5,0,0.0,True,599000.0,False
F02368,3.2,True,mango,diesel_tubewell,1.09,0.186,3,2.5,14,24600.0,True,345000.0,False
F02369,2.3,True,wheat,solar_pump,1.122,0.04,2,3.5,14,14300.0,False,186000.0,False
F02370,6.8,False,wheat,solar_pump,1.339,0.093,7,4.5,22,99800.0,False,713000.0,True
F02371,2.0,False,wheat,diesel_tubewell,1.062,0.105,1,3.0,30,15200.0,True,130000.0,False
F02372,3.5,False,cotton,solar_pump,0.836,0.22,2,2.0,24,16800.0,False,218000.0,False
F02373,3.8,True,mango,canal,0.872,0.288,1,3.0,36,30200.0,True,293000.0,False
F02374,11.4,False,rice,diesel_tubewell,1.062,0.148,4,3.0,15,39900.0,True,754000.0,False
F02375,3.2,False,mango,canal,1.083,0.211,2,2.5,30,12000.0,False,322000.0,False
F02376,0.8,False,cotton,rainfed,0.755,0.313,2,2.0,0,0.0,False,71000.0,False
F02377,5.6,False,cotton,solar_pump,1.262,0.121,4,2.5,11,24000.0,True,528000.0,False
F02378,2.6,False,wheat,canal,1.034,0.17,2,4.0,33,5400.0,False,200000.0,False
F02379,4.2,True,wheat,canal,1.285,0.097,1,4.0,2,25400.0,True,301000.0,False
F02380,3.8,False,sugarcane,diesel_tubewell,1.196,0.215,1,3.0,35,32300.0,True,434000.0,False
F02381,3.4,False,wheat,rainfed,0.657,0.473,0,,19,5500.0,True,111000.0,True
F02382,6.8,True,wheat,canal,1.305,0.199,2,3.0,10,34200.0,False,489000.0,False
F02383,1.5,False,mango,diesel_tubewell,1.129,0.142,3,3.5,0,0.0,False,225000.0,False
F02384,2.9,False,rice,canal,0.758,0.305,2,2.0,31,11500.0,True,152000.0,True
F02385,6.3,False,wheat,diesel_tubewell,0.924,0.2,1,3.0,6,27600.0,False,313000.0,True
F02386,2.7,False,sugarcane,diesel_tubewell,1.015,0.189,3,2.5,33,24000.0,True,309000.0,False
F02387,1.4,False,cotton,canal,1.163,0.267,5,4.0,36,38000.0,True,269000.0,False
F02388,6.3,False,mango,solar_pump,0.706,0.301,4,1.5,8,52400.0,True,410000.0,True
F02389,8.4,True,rice,canal,1.042,0.189,5,3.5,25,53900.0,True,618000.0,False
F02390,3.9,False,wheat,solar_pump,1.159,0.135,3,4.5,17,18800.0,True,336000.0,False
F02391,1.1,False,wheat,canal,0.609,0.408,4,1.0,21,4300.0,True,66000.0,True
F02392,6.4,True,wheat,diesel_tubewell,0.998,0.14,8,3.5,2,22100.0,True,549000.0,False
F02393,1.4,False,sugarcane,canal,1.071,0.179,2,4.0,16,11400.0,False,202000.0,False
F02394,5.0,False,cotton,diesel_tubewell,1.071,0.282,1,2.0,16,37400.0,True,354000.0,False
F02395,2.3,False,sugarcane,canal,0.867,0.315,3,2.5,20,15400.0,True,242000.0,True
F02396,1.9,False,cotton,diesel_tubewell,0.965,0.242,1,2.0,11,10200.0,True,132000.0,False
F02397,3.0,False,wheat,canal,0.553,0.327,3,1.0,16,13200.0,True,107000.0,True
F02398,3.6,False,wheat,canal,0.848,0.271,1,2.5,6,17500.0,False,172000.0,False
F02399,2.7,True,wheat,solar_pump,1.08,0.144,0,,12,12400.0,True,144000.0,False
F02400,5.9,True,cotton,diesel_tubewell,0.881,0.159,4,3.0,20,34000.0,False,427000.0,False
F02401,3.0,False,rice,diesel_tubewell,1.334,0.078,0,,22,16600.0,False,216000.0,False
F02402,7.7,True,banana,diesel_tubewell,1.134,0.219,1,4.5,4,103100.0,False,902000.0,False
F02403,4.9,True,wheat,canal,1.035,0.231,2,3.0,22,28100.0,True,301000.0,False
F02404,2.6,False,rice,rainfed,0.844,0.351,2,3.0,13,12600.0,False,168000.0,True
F02405,2.3,False,wheat,canal,1.202,0.128,2,3.5,8,8000.0,False,195000.0,False
F02406,1.4,False,sugarcane,rainfed,0.988,0.265,2,3.0,31,17300.0,False,174000.0,False
F02407,4.9,False,wheat,rainfed,0.699,0.319,1,4.0,28,19200.0,False,203000.0,False
F02408,3.2,False,rice,canal,1.174,0.258,5,3.5,25,10700.0,True,349000.0,False
F02409,0.9,False,wheat,canal,1.104,0.252,3,3.0,15,9700.0,True,124000.0,False
F02410,2.9,True,wheat,diesel_tubewell,0.981,0.152,5,3.5,29,27100.0,True,287000.0,False
F02411,2.3,True,rice,solar_pump,1.152,0.125,2,4.5,15,16300.0,False,218000.0,False
F02412,11.3,True,cotton,canal,0.966,0.213,4,2.0,8,108500.0,True,755000.0,False
F02413,1.3,True,cotton,canal,0.916,0.093,5,3.0,17,26900.0,False,200000.0,False
F02414,1.6,False,wheat,canal,0.918,0.34,1,3.0,20,4000.0,False,98000.0,False
F02415,8.3,False,banana,solar_pump,1.17,0.107,3,3.5,22,78700.0,False,1049000.0,False
F02416,9.8,True,wheat,diesel_tubewell,0.978,0.27,4,3.0,10,66400.0,True,574000.0,True
F02417,2.5,False,rice,canal,0.854,0.214,1,2.5,20,11000.0,False,136000.0,False
F02418,2.7,True,mango,diesel_tubewell,1.257,0.107,0,,16,29700.0,False,275000.0,False
F02419,6.1,True,rice,solar_pump,1.385,0.067,7,4.0,8,42600.0,False,690000.0,False
F02420,0.9,False,wheat,rainfed,0.839,0.327,1,2.5,22,1800.0,False,58000.0,True
F02421,1.2,False,rice,canal,0.763,0.293,1,2.5,11,7500.0,True,70000.0,True
F02422,3.4,False,wheat,canal,1.323,0.18,2,3.5,14,20300.0,False,281000.0,False
F02423,11.1,False,rice,canal,1.122,0.184,5,3.5,35,138500.0,False,818000.0,False
F02424,3.1,False,cotton,diesel_tubewell,1.02,0.169,1,3.0,19,25700.0,False,224000.0,False
F02425,4.3,False,sugarcane,canal,1.016,0.176,4,3.5,20,24500.0,False,510000.0,False
F02426,8.5,True,mango,canal,0.825,0.342,3,3.0,21,68000.0,True,643000.0,False
F02427,16.0,True,wheat,solar_pump,1.014,0.111,7,2.0,4,74500.0,False,920000.0,False
F02428,2.8,True,wheat,diesel_tubewell,1.248,0.13,1,4.0,4,20800.0,False,206000.0,False
F02429,4.0,True,cotton,canal,0.967,0.217,4,2.5,15,19400.0,True,327000.0,False
F02430,13.3,True,cotton,canal,1.237,0.328,6,2.5,0,0.0,True,1162000.0,False
F02431,1.5,False,cotton,canal,1.017,0.265,3,3.5,10,21800.0,False,184000.0,False
F02432,7.9,True,rice,canal,0.829,0.224,2,2.0,3,42900.0,False,387000.0,False
F02433,2.1,False,cotton,canal,1.241,0.202,2,4.0,23,27700.0,False,231000.0,True
F02434,4.3,False,banana,canal,1.087,0.239,2,2.5,32,94400.0,True,504000.0,False
F02435,3.5,False,cotton,canal,1.095,0.209,0,,1,16400.0,False,241000.0,False
F02436,2.2,False,wheat,rainfed,0.89,0.335,5,3.0,36,31900.0,False,222000.0,False
F02437,2.1,False,wheat,rainfed,0.61,0.388,3,2.0,17,10600.0,True,113000.0,False
F02438,4.9,False,rice,canal,0.832,0.284,3,2.5,5,19900.0,True,283000.0,False
F02439,7.7,False,wheat,diesel_tubewell,0.885,0.182,4,2.5,11,34900.0,True,420000.0,False
F02440,3.7,False,wheat,canal,0.845,0.309,5,3.5,13,34100.0,False,301000.0,False
F02441,4.2,False,wheat,solar_pump,1.132,0.129,2,2.5,12,19700.0,True,277000.0,False
F02442,5.9,True,sugarcane,rainfed,0.837,0.211,5,1.5,12,9100.0,True,507000.0,True
F02443,2.2,False,banana,diesel_tubewell,1.251,0.119,1,4.5,35,34500.0,True,310000.0,True
F02444,6.6,True,cotton,diesel_tubewell,0.8,0.213,2,2.0,21,33300.0,True,366000.0,True
F02445,6.9,False,wheat,canal,0.75,0.204,7,2.5,6,26500.0,False,402000.0,False
F02446,22.0,True,cotton,canal,1.155,0.233,8,3.0,11,74400.0,True,1800000.0,False
F02447,3.2,False,cotton,diesel_tubewell,0.87,0.236,3,2.5,12,23000.0,False,238000.0,False
F02448,3.0,False,banana,canal,0.828,0.156,3,2.0,35,37400.0,True,296000.0,True
F02449,6.7,False,cotton,diesel_tubewell,1.285,0.109,4,3.5,32,35200.0,False,659000.0,False
F02450,6.9,False,rice,diesel_tubewell,1.377,0.11,6,4.0,6,66100.0,True,713000.0,False
F02451,2.9,False,mango,canal,0.94,0.195,2,3.0,26,42500.0,False,271000.0,False
F02452,3.1,True,rice,diesel_tubewell,0.765,0.343,4,1.0,17,18600.0,True,161000.0,False
F02453,5.8,True,wheat,solar_pump,1.199,0.102,4,2.5,8,35700.0,True,428000.0,False
F02454,2.4,True,rice,diesel_tubewell,1.177,0.26,5,4.0,8,25600.0,False,319000.0,False
F02455,3.1,False,cotton,diesel_tubewell,1.103,0.193,5,2.5,24,21700.0,True,320000.0,False
F02456,4.3,False,cotton,rainfed,1.332,0.314,5,4.0,14,45400.0,True,528000.0,True
F02457,7.7,True,banana,canal,0.921,0.232,1,2.5,0,0.0,True,723000.0,False
F02458,2.7,True,wheat,diesel_tubewell,1.4,0.072,2,4.5,7,19600.0,True,262000.0,False
F02459,1.2,False,cotton,canal,1.083,0.198,2,3.5,0,0.0,False,140000.0,False
F02460,1.2,False,wheat,canal,0.906,0.26,0,,3,1600.0,True,54000.0,True
F02461,1.8,False,wheat,rainfed,1.02,0.291,2,3.0,6,11100.0,True,141000.0,True
F02462,1.7,False,rice,canal,1.077,0.168,4,3.0,33,34700.0,False,199000.0,False
F02463,3.7,False,sugarcane,canal,1.09,0.223,3,4.0,12,17700.0,False,463000.0,False
F02464,1.9,False,rice,canal,0.841,0.21,2,2.0,21,16300.0,False,120000.0,True
F02465,2.6,False,wheat,rainfed,0.862,0.332,0,,33,13300.0,True,111000.0,False
F02466,2.5,False,wheat,rainfed,0.648,0.343,3,2.5,24,15200.0,True,143000.0,True
F02467,3.0,False,cotton,canal,0.493,0.395,3,2.0,35,9700.0,True,143000.0,True
F02468,9.6,True,cotton,diesel_tubewell,1.112,0.225,4,3.0,14,89700.0,False,773000.0,False
F02469,6.2,False,sugarcane,canal,0.87,0.295,4,2.0,1,81100.0,False,552000.0,False
F02470,4.1,False,rice,diesel_tubewell,0.947,0.109,1,2.0,5,27600.0,True,226000.0,False
F02471,3.0,False,mango,diesel_tubewell,1.101,0.198,2,3.0,34,30000.0,False,317000.0,True
F02472,3.1,False,sugarcane,canal,1.055,0.238,1,1.5,35,26700.0,True,307000.0,True
F02473,5.0,False,cotton,diesel_tubewell,1.34,0.048,4,4.0,22,36100.0,False,556000.0,False
F02474,5.9,False,rice,rainfed,0.734,0.365,8,3.0,12,39000.0,True,434000.0,True
F02475,2.2,False,sugarcane,canal,0.703,0.186,5,2.0,5,23300.0,False,223000.0,True
F02476,4.2,False,banana,canal,1.01,0.308,2,3.0,27,41400.0,True,470000.0,False
F02477,1.1,False,cotton,rainfed,1.118,0.395,2,3.5,13,11400.0,True,136000.0,True
F02478,4.7,False,rice,canal,1.279,0.097,4,4.0,33,38700.0,False,458000.0,False
F02479,6.7,False,cotton,diesel_tubewell,0.898,0.21,6,3.0,25,78200.0,True,529000.0,False
F02480,3.4,False,sugarcane,diesel_tubewell,0.817,0.245,2,2.5,20,27000.0,True,292000.0,False
F02481,13.2,False,mango,canal,1.271,0.057,4,2.5,31,135400.0,False,1442000.0,False
F02482,2.3,False,mango,canal,0.719,0.322,1,2.5,15,1300.0,True,155000.0,True
F02483,4.7,False,wheat,canal,1.055,0.231,0,,23,29200.0,False,245000.0,False
F02484,4.0,False,wheat,canal,1.031,0.349,3,2.5,9,28400.0,True,267000.0,False
F02485,3.8,False,sugarcane,diesel_tubewell,1.105,0.192,1,3.5,36,42600.0,False,407000.0,False
F02486,3.8,False,rice,rainfed,0.952,0.241,0,,1,20900.0,True,195000.0,False
F02487,4.3,True,mango,canal,1.144,0.235,1,2.5,8,23100.0,False,419000.0,False
F02488,7.0,True,wheat,diesel_tubewell,0.965,0.254,5,3.0,2,35400.0,False,459000.0,False
F02489,9.9,False,mango,canal,1.036,0.159,3,3.5,35,133600.0,False,918000.0,False
F02490,4.0,False,rice,canal,0.961,0.249,2,3.5,24,10700.0,True,266000.0,False
F02491,6.9,False,wheat,diesel_tubewell,1.527,0.04,2,4.5,9,25100.0,True,597000.0,False
F02492,2.6,False,wheat,canal,0.759,0.369,0,,34,3700.0,True,98000.0,False
F02493,6.7,True,sugarcane,diesel_tubewell,0.799,0.297,8,1.0,27,44200.0,True,548000.0,True
F02494,2.5,False,wheat,canal,1.205,0.094,1,5.0,28,26700.0,True,191000.0,False
F02495,8.2,False,sugarcane,diesel_tubewell,1.002,0.223,7,2.5,19,85000.0,True,885000.0,False
F02496,17.1,True,rice,rainfed,0.984,0.178,4,2.5,11,122000.0,False,992000.0,False
F02497,3.7,False,cotton,canal,0.939,0.235,3,3.0,34,5900.0,True,294000.0,True
F02498,1.0,False,wheat,rainfed,0.972,0.355,1,3.0,4,4300.0,False,73000.0,False
F02499,2.8,False,banana,canal,1.032,0.216,1,3.5,8,20200.0,True,315000.0,False
F02500,9.0,True,sugarcane,canal,0.953,0.3,5,3.0,7,125700.0,True,897000.0,True
F02501,5.8,False,sugarcane,canal,0.991,0.224,3,4.0,28,56500.0,True,617000.0,False
F02502,4.8,True,sugarcane,solar_pump,0.8,0.194,2,1.5,31,31500.0,True,371000.0,False
F02503,7.8,True,rice,diesel_tubewell,1.277,0.228,3,3.5,31,58300.0,True,625000.0,False
F02504,5.6,False,banana,rainfed,1.061,0.247,5,3.0,9,56200.0,True,713000.0,False
F02505,8.9,True,rice,diesel_tubewell,0.892,0.227,6,2.0,19,80900.0,True,529000.0,False
F02506,7.4,False,cotton,canal,0.674,0.291,0,,20,47700.0,True,314000.0,False
F02507,10.9,False,wheat,rainfed,1.153,0.246,3,3.0,35,86500.0,False,697000.0,False
F02508,5.1,True,wheat,rainfed,0.624,0.406,3,3.5,36,29500.0,True,245000.0,True
F02509,7.3,False,sugarcane,solar_pump,1.366,0.067,1,3.5,11,64700.0,False,927000.0,True
F02510,3.3,False,wheat,diesel_tubewell,1.184,0.154,5,2.0,36,28300.0,False,277000.0,False
F02511,2.7,False,sugarcane,solar_pump,1.115,0.075,3,3.0,32,6900.0,False,346000.0,False
F02512,12.3,True,banana,canal,1.232,0.057,3,5.0,7,117800.0,True,1625000.0,False
F02513,4.7,False,cotton,rainfed,1.023,0.348,1,2.0,27,11200.0,True,320000.0,False
F02514,6.8,True,wheat,rainfed,0.933,0.259,2,3.5,35,38500.0,True,372000.0,False
F02515,4.4,True,rice,diesel_tubewell,0.725,0.286,3,1.5,9,17500.0,True,210000.0,True
F02516,2.8,False,wheat,canal,1.137,0.255,1,3.5,11,21000.0,True,187000.0,False
F02517,4.1,False,sugarcane,canal,0.908,0.269,3,1.5,32,40500.0,True,373000.0,False
F02518,10.3,True,cotton,rainfed,0.804,0.336,5,3.5,30,83000.0,True,668000.0,False
F02519,5.8,True,cotton,rainfed,1.039,0.226,2,3.0,30,26300.0,False,430000.0,False
F02520,1.3,True,rice,solar_pump,1.349,0.135,0,,8,2500.0,False,95000.0,False
F02521,3.5,False,cotton,rainfed,0.785,0.329,5,2.5,9,42000.0,True,277000.0,False
F02522,12.9,True,wheat,diesel_tubewell,0.845,0.206,8,2.0,1,46200.0,True,673000.0,False
F02523,3.5,False,wheat,rainfed,1.103,0.245,2,2.5,26,19900.0,False,233000.0,True
F02524,1.3,False,cotton,canal,0.968,0.282,2,5.0,29,19900.0,False,163000.0,False
F02525,13.9,True,mango,canal,1.09,0.153,2,4.5,30,100400.0,True,1302000.0,False
F02526,6.3,True,wheat,diesel_tubewell,1.08,0.089,2,5.0,16,20500.0,False,420000.0,False
F02527,3.9,False,wheat,canal,1.194,0.143,2,5.0,3,49400.0,False,314000.0,False
F02528,3.2,False,wheat,canal,0.81,0.267,2,2.0,36,11100.0,False,162000.0,False
F02529,8.2,False,cotton,solar_pump,0.924,0.195,5,2.5,31,86300.0,False,581000.0,False
F02530,2.9,False,wheat,canal,1.062,0.214,1,3.5,13,18000.0,True,182000.0,False
F02531,8.6,True,sugarcane,diesel_tubewell,0.984,0.189,2,3.0,26,97800.0,False,812000.0,False
F02532,5.8,False,wheat,canal,1.069,0.273,2,2.5,13,41800.0,True,348000.0,False
F02533,4.8,True,rice,rainfed,0.896,0.343,0,,31,17000.0,False,232000.0,False
F02534,4.5,True,wheat,canal,1.006,0.312,3,2.5,20,30700.0,False,287000.0,True
F02535,3.6,False,cotton,solar_pump,1.266,0.078,1,3.0,36,47700.0,True,312000.0,False
F02536,8.0,False,wheat,diesel_tubewell,1.046,0.266,4,2.5,29,65200.0,True,497000.0,False
F02537,2.3,False,sugarcane,canal,0.69,0.219,0,,24,17900.0,False,143000.0,False
F02538,1.4,False,banana,canal,1.111,0.112,1,4.0,0,0.0,False,187000.0,False
F02539,6.0,False,wheat,canal,0.823,0.109,3,2.5,16,25700.0,False,307000.0,False
F02540,6.1,False,banana,canal,1.196,0.194,2,3.0,23,45300.0,False,772000.0,False
F02541,5.5,False,wheat,canal,0.613,0.355,2,1.5,18,26900.0,True,192000.0,False
F02542,5.3,False,rice,canal,0.998,0.183,2,3.5,8,23500.0,True,344000.0,False
F02543,3.3,False,sugarcane,solar_pump,1.192,0.13,2,3.0,22,28700.0,False,404000.0,False
F02544,6.8,True,wheat,canal,1.114,0.259,4,3.0,8,41700.0,False,475000.0,False
F02545,3.9,False,cotton,canal,1.085,0.183,0,,35,10200.0,False,266000.0,False
F02546,3.0,False,wheat,canal,0.948,0.204,2,3.0,3,14300.0,True,191000.0,False
F02547,3.3,False,sugarcane,diesel_tubewell,1.14,0.132,3,2.5,9,24900.0,True,401000.0,False
F02548,15.1,True,cotton,diesel_tubewell,0.976,0.194,8,2.5,0,0.0,True,1095000.0,False
F02549,1.3,False,mango,diesel_tubewell,0.89,0.282,2,2.5,7,6100.0,True,135000.0,True
F02550,5.6,False,wheat,diesel_tubewell,1.096,0.274,2,2.0,11,29000.0,True,337000.0,False
F02551,1.4,False,banana,diesel_tubewell,1.224,0.18,1,3.5,34,24100.0,False,199000.0,False
F02552,3.8,False,wheat,canal,1.028,0.185,6,2.5,23,26700.0,False,318000.0,False
F02553,3.1,False,rice,canal,1.284,0.171,3,3.0,5,14600.0,False,290000.0,False
F02554,1.0,False,wheat,diesel_tubewell,1.098,0.188,1,3.0,15,5200.0,True,79000.0,False
F02555,5.2,False,wheat,canal,1.192,0.093,4,3.0,5,40000.0,False,407000.0,False
F02556,3.2,False,wheat,rainfed,0.868,0.287,1,3.0,4,20300.0,True,163000.0,True
F02557,1.0,False,rice,diesel_tubewell,1.039,0.26,2,1.5,21,9600.0,True,81000.0,False
F02558,7.0,False,wheat,diesel_tubewell,0.898,0.221,2,2.5,18,33500.0,True,353000.0,True
F02559,10.3,False,rice,diesel_tubewell,1.201,0.06,4,4.0,6,110100.0,False,801000.0,False
F02560,10.7,False,banana,rainfed,0.669,0.366,4,2.0,30,53700.0,True,775000.0,True
F02561,5.1,False,wheat,canal,1.173,0.118,3,3.5,36,18300.0,False,384000.0,False
F02562,4.2,False,wheat,canal,0.846,0.291,4,2.0,30,18800.0,False,243000.0,True
F02563,9.6,False,wheat,rainfed,0.871,0.447,3,3.0,32,63100.0,True,489000.0,False
F02564,12.1,True,wheat,diesel_tubewell,0.952,0.205,1,3.5,21,66100.0,True,599000.0,False
F02565,8.5,False,cotton,canal,1.004,0.169,4,4.0,8,82800.0,False,671000.0,False
F02566,2.2,False,sugarcane,canal,0.723,0.275,0,,20,12000.0,True,143000.0,True
F02567,4.6,False,wheat,canal,0.949,0.225,0,,6,19900.0,True,216000.0,True
F02568,5.4,False,wheat,solar_pump,1.223,0.161,3,3.5,13,33200.0,False,415000.0,False
F02569,1.3,False,rice,canal,0.748,0.364,3,2.0,14,6000.0,True,103000.0,True
F02570,5.5,True,wheat,canal,0.786,0.343,1,2.5,18,20700.0,False,235000.0,False
F02571,17.8,True,rice,canal,1.024,0.198,8,3.0,30,94500.0,False,1184000.0,False
F02572,6.1,True,banana,rainfed,1.074,0.305,5,2.5,28,53600.0,True,753000.0,False
F02573,10.6,True,wheat,diesel_tubewell,1.012,0.284,6,3.5,25,75900.0,False,706000.0,False
F02574,4.6,True,cotton,diesel_tubewell,1.115,0.19,1,3.0,16,31900.0,True,348000.0,False
F02575,3.9,False,mango,rainfed,0.975,0.303,4,3.0,1,54000.0,False,408000.0,False
F02576,5.2,True,sugarcane,canal,0.824,0.267,1,3.5,31,24200.0,True,415000.0,True
F02577,2.4,False,sugarcane,solar_pump,1.022,0.058,4,3.0,7,23600.0,True,321000.0,False
F02578,2.2,True,sugarcane,diesel_tubewell,0.847,0.32,2,2.0,22,5700.0,True,201000.0,False
F02579,9.2,True,cotton,diesel_tubewell,1.263,0.257,4,2.0,5,43300.0,False,799000.0,False
F02580,9.9,True,cotton,solar_pump,0.895,0.081,7,1.5,15,69900.0,True,646000.0,False
F02581,2.1,False,sugarcane,rainfed,1.122,0.325,2,3.0,6,30000.0,False,262000.0,False
F02582,7.6,True,sugarcane,canal,1.072,0.193,4,3.5,34,93800.0,False,850000.0,False
F02583,3.8,False,rice,canal,1.017,0.29,7,4.0,14,57700.0,False,442000.0,True
F02584,5.1,False,cotton,solar_pump,1.088,0.118,1,3.5,32,39900.0,False,379000.0,False
F02585,5.5,False,mango,canal,1.028,0.182,5,3.0,16,52200.0,False,583000.0,False
F02586,7.7,True,wheat,diesel_tubewell,1.048,0.205,3,2.5,14,50700.0,True,462000.0,False
F02587,4.3,False,wheat,canal,0.849,0.236,4,3.0,14,17500.0,True,281000.0,False
F02588,10.1,True,cotton,rainfed,1.084,0.219,1,3.5,27,23600.0,True,719000.0,False
F02589,5.0,False,wheat,diesel_tubewell,1.156,0.201,2,3.0,28,25000.0,True,336000.0,False
F02590,6.1,False,rice,rainfed,0.989,0.291,3,4.5,34,34400.0,True,438000.0,False
F02591,2.4,False,wheat,diesel_tubewell,0.875,0.249,1,3.0,2,11800.0,True,129000.0,False
F02592,16.5,True,rice,rainfed,0.582,0.426,4,2.0,21,35700.0,True,585000.0,True
F02593,5.5,True,cotton,diesel_tubewell,0.964,0.154,1,3.0,9,24300.0,False,359000.0,True
F02594,6.4,True,wheat,diesel_tubewell,1.251,0.138,1,3.5,34,48500.0,False,426000.0,False
F02595,1.4,True,wheat,diesel_tubewell,0.944,0.166,0,,9,3100.0,False,65000.0,False
F02596,2.4,False,cotton,diesel_tubewell,0.861,0.26,1,2.0,2,12400.0,True,147000.0,False
F02597,9.1,False,sugarcane,diesel_tubewell,1.061,0.205,5,4.0,13,69500.0,False,1036000.0,False
F02598,4.9,False,cotton,canal,1.159,0.173,2,2.5,34,12600.0,True,399000.0,False
F02599,1.2,False,wheat,canal,0.871,0.224,4,3.0,21,11300.0,True,152000.0,True
F02600,8.0,True,wheat,diesel_tubewell,0.935,0.103,2,2.5,25,23900.0,False,412000.0,False
F02601,2.8,False,wheat,canal,0.95,0.302,4,3.0,22,17100.0,False,232000.0,False
F02602,10.1,True,wheat,diesel_tubewell,1.19,0.165,3,3.5,5,61800.0,False,683000.0,False
F02603,3.8,False,banana,canal,0.944,0.262,5,2.0,33,6700.0,False,438000.0,False
F02604,4.6,False,wheat,canal,0.823,0.295,3,2.5,4,30600.0,True,250000.0,False
F02605,8.7,True,wheat,diesel_tubewell,1.006,0.281,2,4.5,11,95500.0,True,508000.0,False
F02606,2.3,True,mango,canal,0.917,0.25,1,3.0,27,11000.0,False,196000.0,False
F02607,2.1,False,rice,rainfed,1.264,0.246,1,4.5,34,12300.0,False,181000.0,False
F02608,3.6,False,cotton,rainfed,1.007,0.22,3,3.5,9,19100.0,True,316000.0,False
F02609,6.9,True,rice,diesel_tubewell,1.024,0.144,4,3.5,35,25800.0,True,498000.0,False
F02610,1.7,False,banana,canal,0.999,0.238,2,2.5,1,32400.0,False,210000.0,False
F02611,1.4,False,wheat,canal,1.043,0.172,2,3.5,18,10100.0,False,131000.0,False
F02612,6.9,True,wheat,solar_pump,0.908,0.186,5,3.5,7,50600.0,True,456000.0,False
F02613,2.7,False,mango,canal,1.129,0.264,3,3.0,32,40900.0,True,322000.0,False
F02614,3.1,False,sugarcane,rainfed,1.16,0.232,5,4.5,3,62700.0,False,511000.0,False
F02615,1.2,False,banana,rainfed,0.85,0.245,5,2.0,21,23100.0,True,184000.0,True
F02616,2.6,False,wheat,canal,1.259,0.124,3,4.0,6,11500.0,True,262000.0,False
F02617,4.0,False,banana,diesel_tubewell,1.183,0.056,2,3.5,3,62300.0,False,527000.0,True
F02618,7.4,True,cotton,diesel_tubewell,1.089,0.255,2,4.5,19,43700.0,True,583000.0,False
F02619,2.5,False,sugarcane,diesel_tubewell,1.001,0.201,2,2.5,10,38100.0,False,267000.0,False
F02620,11.9,True,mango,canal,1.058,0.193,4,3.5,19,66400.0,False,1136000.0,False
F02621,2.6,False,wheat,diesel_tubewell,1.041,0.162,1,1.5,10,7000.0,False,146000.0,True
F02622,2.6,False,wheat,canal,0.908,0.202,2,2.0,16,12900.0,False,150000.0,False
F02623,11.0,False,rice,rainfed,1.055,0.366,6,3.5,7,86100.0,True,802000.0,True
F02624,4.7,False,mango,diesel_tubewell,0.938,0.319,1,2.5,27,9900.0,True,378000.0,False
F02625,2.8,False,wheat,diesel_tubewell,1.047,0.113,2,2.5,33,13500.0,True,187000.0,False
F02626,3.7,False,mango,rainfed,0.7,0.386,2,2.5,0,0.0,False,251000.0,False
F02627,9.8,True,cotton,solar_pump,0.994,0.169,4,2.0,15,79400.0,True,681000.0,False
F02628,10.5,True,cotton,diesel_tubewell,1.081,0.257,6,2.5,32,56300.0,False,840000.0,False
F02629,2.4,False,wheat,canal,0.951,0.16,2,3.0,34,20100.0,False,163000.0,False
F02630,3.9,False,mango,diesel_tubewell,1.125,0.157,1,3.5,36,23800.0,False,385000.0,False
F02631,4.3,False,wheat,canal,1.124,0.22,0,,2,23000.0,False,239000.0,False
F02632,2.1,False,rice,rainfed,0.624,0.374,3,3.5,34,6300.0,False,158000.0,True
F02633,3.9,False,wheat,canal,0.986,0.262,1,1.0,2,16300.0,False,199000.0,False
F02634,4.1,False,banana,canal,1.031,0.232,2,2.5,9,22700.0,True,460000.0,False
F02635,8.5,False,sugarcane,solar_pump,0.935,0.148,5,4.0,17,120700.0,False,882000.0,False
F02636,8.9,True,wheat,canal,1.279,0.269,6,4.0,32,92900.0,False,763000.0,False
F02637,3.3,True,wheat,rainfed,0.934,0.314,1,3.5,16,16900.0,False,182000.0,True
F02638,3.5,False,cotton,canal,1.124,0.186,1,3.5,27,33200.0,False,277000.0,False
F02639,6.2,False,cotton,canal,1.023,0.248,2,3.5,21,31700.0,False,458000.0,False
F02640,2.8,False,mango,diesel_tubewell,0.909,0.297,3,1.5,17,25900.0,True,244000.0,True
F02641,5.9,False,rice,diesel_tubewell,1.025,0.176,2,2.0,4,29900.0,True,360000.0,False
F02642,3.8,False,cotton,rainfed,0.972,0.303,1,3.5,36,27000.0,True,262000.0,False
F02643,2.2,False,sugarcane,canal,0.654,0.267,1,3.0,3,13900.0,True,155000.0,True
F02644,2.2,False,cotton,canal,1.212,0.137,3,3.5,8,21400.0,True,255000.0,False
F02645,10.4,True,wheat,canal,1.163,0.188,3,3.5,31,17500.0,True,686000.0,False
F02646,3.7,False,wheat,canal,0.954,0.307,3,3.5,21,16900.0,True,262000.0,False
F02647,11.8,True,wheat,diesel_tubewell,0.951,0.194,8,2.5,11,105600.0,True,722000.0,False
F02648,2.9,False,rice,canal,1.134,0.204,1,4.5,7,17600.0,True,215000.0,False
F02649,4.9,False,wheat,diesel_tubewell,1.051,0.21,5,4.5,5,27500.0,False,442000.0,False
F02650,19.2,True,rice,rainfed,0.75,0.301,7,2.5,9,80800.0,False,924000.0,True
F02651,2.0,True,wheat,canal,0.907,0.255,3,2.0,29,4900.0,False,140000.0,True
F02652,1.2,True,sugarcane,diesel_tubewell,1.087,0.147,5,3.0,30,17000.0,False,242000.0,False
F02653,9.4,False,wheat,canal,0.934,0.266,5,2.5,25,49700.0,False,539000.0,True
F02654,2.4,False,cotton,solar_pump,1.17,0.157,1,2.0,23,19800.0,True,194000.0,False
F02655,4.0,False,wheat,canal,1.047,0.263,1,4.5,10,23900.0,False,245000.0,False
F02656,2.8,False,wheat,diesel_tubewell,1.189,0.168,3,3.0,26,32700.0,False,240000.0,False
F02657,4.8,False,wheat,canal,1.059,0.204,0,,35,16000.0,False,252000.0,False
F02658,2.2,False,cotton,canal,1.06,0.257,1,3.0,13,6200.0,False,172000.0,False
F02659,3.6,False,sugarcane,canal,0.894,0.171,3,2.5,20,26100.0,True,352000.0,False
F02660,5.4,False,wheat,canal,1.038,0.329,5,3.0,34,27000.0,False,403000.0,False
F02661,2.1,False,sugarcane,rainfed,0.777,0.323,2,2.5,5,17400.0,True,189000.0,True
F02662,2.6,False,rice,canal,0.988,0.292,2,4.0,16,15700.0,False,205000.0,False
F02663,3.2,False,cotton,rainfed,0.99,0.361,2,4.0,26,24200.0,True,266000.0,False
F02664,1.6,False,rice,diesel_tubewell,1.072,0.183,0,,12,8300.0,True,93000.0,False
F02665,3.1,False,wheat,canal,0.989,0.223,4,2.5,3,27100.0,True,235000.0,True
F02666,4.4,False,sugarcane,canal,0.957,0.207,1,3.0,6,34500.0,False,404000.0,False
F02667,3.1,False,sugarcane,canal,1.129,0.192,1,4.0,32,32300.0,False,348000.0,False
F02668,3.4,False,sugarcane,rainfed,1.082,0.203,3,3.5,9,60800.0,False,418000.0,False
F02669,4.0,False,wheat,canal,0.9,0.226,2,3.0,32,7100.0,True,228000.0,False
F02670,2.6,False,rice,rainfed,1.037,0.226,2,4.0,29,19500.0,True,212000.0,False
F02671,6.4,False,wheat,canal,1.333,0.065,2,5.0,23,41500.0,False,506000.0,False
F02672,10.3,True,cotton,canal,0.933,0.216,4,2.5,12,60200.0,False,689000.0,False
F02673,3.0,False,wheat,canal,1.061,0.264,5,3.5,15,31900.0,False,303000.0,False
F02674,5.6,False,wheat,diesel_tubewell,1.093,0.163,1,4.0,11,19500.0,False,336000.0,False
F02675,3.5,False,rice,diesel_tubewell,0.864,0.214,1,3.5,14,12900.0,False,192000.0,False
F02676,5.1,True,mango,rainfed,1.016,0.301,6,3.5,14,65600.0,False,595000.0,False
F02677,11.2,False,wheat,canal,0.962,0.19,3,4.0,14,51100.0,False,633000.0,False
F02678,5.6,False,rice,canal,0.99,0.282,3,3.0,12,20200.0,False,374000.0,True
F02679,1.3,False,rice,solar_pump,1.043,0.155,4,3.0,14,19400.0,True,173000.0,False
F02680,5.4,True,banana,diesel_tubewell,0.822,0.28,7,3.0,19,65700.0,True,614000.0,False
F02681,9.0,False,rice,solar_pump,0.714,0.157,3,1.5,19,35000.0,True,385000.0,True
F02682,3.5,False,wheat,canal,1.224,0.167,1,3.5,36,24000.0,False,241000.0,False
F02683,7.7,True,wheat,solar_pump,1.267,0.131,3,3.0,6,58300.0,False,558000.0,False
F02684,2.6,False,rice,canal,0.955,0.212,1,3.5,35,13500.0,True,163000.0,False
F02685,1.5,False,wheat,rainfed,0.941,0.27,3,3.0,31,13900.0,False,145000.0,False
F02686,4.4,False,banana,canal,0.539,0.32,2,2.0,34,12300.0,True,268000.0,False
F02687,1.3,False,banana,solar_pump,0.907,0.228,0,,29,9200.0,True,117000.0,False
F02688,3.5,False,banana,canal,1.057,0.147,0,,22,43100.0,False,366000.0,False
F02689,9.4,True,wheat,solar_pump,0.922,0.226,6,2.5,15,88000.0,True,554000.0,False
F02690,1.2,False,sugarcane,rainfed,0.771,0.402,2,1.5,36,9700.0,True,108000.0,False
F02691,1.8,False,rice,rainfed,0.744,0.34,3,2.0,30,6800.0,False,122000.0,True
F02692,2.1,False,wheat,diesel_tubewell,1.135,0.169,3,2.5,13,13300.0,False,180000.0,False
F02693,3.9,False,wheat,canal,1.059,0.237,0,,10,7600.0,True,204000.0,False
F02694,3.2,False,wheat,rainfed,1.021,0.37,1,3.0,7,20100.0,False,187000.0,True
F02695,10.1,True,cotton,diesel_tubewell,1.251,0.12,5,4.5,25,85600.0,True,983000.0,False
F02696,7.5,False,banana,diesel_tubewell,1.103,0.143,4,3.0,33,49300.0,False,919000.0,False
F02697,5.6,False,mango,canal,0.948,0.195,0,,32,34100.0,True,430000.0,False
F02698,4.5,False,wheat,canal,1.196,0.12,1,3.5,30,32200.0,False,296000.0,False
F02699,5.2,False,cotton,canal,0.771,0.197,1,3.5,31,24600.0,True,282000.0,False
F02700,2.3,False,wheat,diesel_tubewell,0.579,0.244,2,2.0,14,6200.0,True,99000.0,True
F02701,7.1,False,wheat,canal,0.779,0.282,4,2.0,29,40700.0,False,340000.0,False
F02702,2.0,False,wheat,canal,1.064,0.237,2,3.0,8,15100.0,True,155000.0,False
F02703,7.0,True,rice,rainfed,0.918,0.342,4,4.0,20,28900.0,True,480000.0,False
F02704,8.8,False,rice,diesel_tubewell,0.824,0.165,3,1.5,13,37100.0,True,429000.0,False
F02705,4.7,True,mango,rainfed,0.704,0.326,0,,9,4000.0,False,268000.0,True
F02706,3.6,False,mango,canal,0.806,0.243,0,,15,22200.0,True,235000.0,False
F02707,5.3,True,wheat,canal,0.784,0.14,2,2.5,28,44200.0,True,247000.0,False
F02708,0.6,False,sugarcane,diesel_tubewell,1.281,0.114,0,,30,8400.0,True,69000.0,False
F02709,4.9,True,wheat,canal,0.875,0.283,3,3.0,22,22900.0,True,287000.0,True
F02710,3.8,False,cotton,diesel_tubewell,1.224,0.12,3,3.5,14,35700.0,False,381000.0,False
F02711,3.9,False,cotton,canal,1.01,0.214,1,1.5,23,27000.0,True,261000.0,False
F02712,6.4,True,wheat,diesel_tubewell,1.082,0.108,3,4.5,17,48100.0,True,455000.0,True
F02713,3.9,False,wheat,canal,0.857,0.207,2,3.5,12,18200.0,False,224000.0,True
F02714,1.9,False,wheat,diesel_tubewell,1.195,0.198,1,4.0,6,1900.0,True,146000.0,False
F02715,3.7,False,wheat,rainfed,0.878,0.294,0,,16,11900.0,False,161000.0,False
F02716,4.2,False,banana,canal,1.187,0.201,1,3.5,27,34200.0,False,523000.0,False
F02717,4.4,False,wheat,diesel_tubewell,1.094,0.183,3,4.0,21,27700.0,True,338000.0,False
F02718,4.5,False,cotton,diesel_tubewell,0.936,0.233,2,1.0,23,17000.0,False,282000.0,False
F02719,8.0,True,banana,diesel_tubewell,1.115,0.138,2,4.0,27,100200.0,True,949000.0,False
F02720,2.0,False,rice,canal,0.987,0.177,3,3.0,5,27800.0,False,182000.0,False
F02721,4.5,True,cotton,canal,0.945,0.219,1,3.0,30,34500.0,True,293000.0,False
F02722,9.4,True,banana,solar_pump,1.012,0.154,2,4.5,10,84400.0,False,1017000.0,False
F02723,1.3,False,wheat,diesel_tubewell,1.096,0.119,0,,10,9600.0,False,71000.0,False
F02724,4.6,True,wheat,solar_pump,0.961,0.04,4,1.0,11,29400.0,True,252000.0,False
F02725,2.8,False,cotton,canal,0.819,0.257,0,,28,15800.0,True,145000.0,True
F02726,3.2,False,cotton,rainfed,0.63,0.435,2,2.5,22,11200.0,True,169000.0,True
F02727,2.3,False,sugarcane,canal,0.67,0.268,4,3.0,2,19200.0,True,239000.0,False
F02728,3.6,False,wheat,canal,1.065,0.239,2,2.5,0,0.0,False,231000.0,False
F02729,13.4,True,rice,diesel_tubewell,1.155,0.146,2,4.5,25,143100.0,False,911000.0,False
F02730,1.8,False,sugarcane,diesel_tubewell,0.948,0.099,2,1.5,21,23800.0,True,179000.0,False
F02731,1.9,False,banana,diesel_tubewell,1.22,0.234,4,3.5,12,36300.0,True,346000.0,False
F02732,1.7,False,wheat,canal,0.88,0.227,3,3.5,9,14600.0,True,162000.0,False
F02733,12.5,True,wheat,canal,1.055,0.232,5,3.5,27,88400.0,True,798000.0,False
F02734,3.0,False,banana,solar_pump,1.145,0.126,1,1.5,33,36400.0,True,353000.0,False
F02735,4.0,False,rice,canal,1.047,0.174,3,3.0,32,41100.0,False,301000.0,True
F02736,3.1,False,wheat,diesel_tubewell,0.996,0.263,1,2.5,30,8500.0,False,174000.0,False
F02737,2.2,False,wheat,diesel_tubewell,0.979,0.134,4,2.5,1,16400.0,True,190000.0,False
F02738,3.5,False,sugarcane,canal,0.865,0.325,2,3.5,20,36600.0,False,331000.0,False
F02739,20.0,True,rice,diesel_tubewell,0.978,0.268,9,2.5,10,165200.0,False,1244000.0,False
F02740,10.0,True,rice,rainfed,0.966,0.322,7,2.0,11,96000.0,False,638000.0,False
F02741,2.3,True,mango,solar_pump,1.069,0.144,3,3.0,32,10100.0,False,274000.0,False
F02742,6.2,True,wheat,canal,1.135,0.141,5,4.0,9,31600.0,False,515000.0,False
F02743,2.4,False,wheat,diesel_tubewell,1.143,0.234,3,2.5,24,16500.0,True,198000.0,False
F02744,1.3,False,rice,rainfed,0.94,0.313,0,,2,2900.0,False,66000.0,False
F02745,7.9,True,mango,diesel_tubewell,1.061,0.164,0,,26,95600.0,False,679000.0,False
F02746,8.6,True,wheat,canal,1.343,0.117,5,4.5,14,67900.0,False,759000.0,False
F02747,8.0,True,rice,canal,0.882,0.129,8,3.0,4,72400.0,True,581000.0,False
F02748,3.0,False,wheat,diesel_tubewell,0.941,0.219,2,1.5,5,13100.0,True,165000.0,True
F02749,3.6,False,wheat,solar_pump,1.294,0.097,3,2.5,13,29000.0,False,293000.0,False
F02750,6.6,True,mango,rainfed,0.888,0.388,2,3.5,23,21300.0,True,533000.0,False
F02751,5.2,True,wheat,rainfed,1.049,0.338,2,3.0,30,16000.0,False,320000.0,True
F02752,3.1,False,wheat,canal,1.266,0.115,1,3.5,31,11300.0,False,224000.0,False
F02753,1.4,True,sugarcane,diesel_tubewell,0.908,0.235,1,2.5,30,3800.0,True,135000.0,False
F02754,4.4,False,cotton,canal,1.217,0.097,3,4.5,2,53800.0,False,450000.0,False
F02755,8.2,True,cotton,canal,1.113,0.294,6,4.0,29,65800.0,False,775000.0,False
F02756,1.9,False,sugarcane,canal,1.254,0.178,3,3.5,33,36400.0,False,302000.0,False
F02757,6.1,False,wheat,rainfed,1.018,0.299,3,3.5,22,32200.0,False,395000.0,False
F02758,5.0,False,rice,canal,1.125,0.249,2,3.0,14,43500.0,False,354000.0,False
F02759,6.6,False,wheat,diesel_tubewell,1.009,0.179,4,3.0,30,50300.0,True,430000.0,False
F02760,7.1,True,wheat,canal,1.038,0.177,4,2.5,1,36400.0,True,448000.0,False
F02761,2.6,True,rice,canal,0.809,0.39,4,3.5,0,0.0,False,230000.0,True
F02762,1.4,False,wheat,diesel_tubewell,1.145,0.225,1,2.5,3,9700.0,False,100000.0,False
F02763,2.9,False,mango,canal,0.859,0.225,2,2.0,26,28800.0,False,235000.0,False
F02764,7.2,True,mango,canal,1.058,0.268,3,2.5,0,0.0,False,680000.0,False
F02765,2.9,False,mango,diesel_tubewell,0.749,0.243,2,2.5,3,21200.0,True,218000.0,False
F02766,2.6,False,wheat,solar_pump,1.108,0.154,1,2.5,21,5900.0,True,163000.0,False
F02767,1.2,False,wheat,diesel_tubewell,1.314,0.107,1,4.5,21,6500.0,False,116000.0,False
F02768,12.7,True,mango,rainfed,0.893,0.282,3,4.0,9,62000.0,False,1019000.0,False
F02769,6.9,False,cotton,canal,1.022,0.183,6,3.5,31,63500.0,False,619000.0,False
F02770,6.7,False,sugarcane,canal,1.256,0.096,4,4.0,17,55100.0,False,891000.0,False
F02771,7.6,False,mango,canal,0.866,0.281,2,2.5,22,51300.0,True,575000.0,False
F02772,5.9,True,wheat,rainfed,0.782,0.274,1,3.0,26,20200.0,True,253000.0,False
F02773,3.5,True,wheat,canal,0.758,0.344,2,1.5,25,13400.0,True,156000.0,True
F02774,3.6,False,rice,canal,0.931,0.204,4,3.0,15,32100.0,True,281000.0,True
F02775,3.1,False,rice,rainfed,1.225,0.156,3,4.5,20,28800.0,False,318000.0,False
F02776,22.5,True,wheat,rainfed,0.913,0.382,5,2.5,7,86300.0,False,1122000.0,False
F02777,5.8,True,rice,canal,0.755,0.332,1,2.5,24,25400.0,True,257000.0,False
F02778,3.0,False,sugarcane,solar_pump,1.261,0.252,5,3.5,31,67700.0,False,486000.0,False
F02779,5.5,True,cotton,canal,1.176,0.205,4,4.0,24,47100.0,False,541000.0,False
F02780,2.1,False,wheat,diesel_tubewell,1.063,0.191,2,4.5,7,7900.0,True,185000.0,False
F02781,10.8,True,sugarcane,diesel_tubewell,1.114,0.223,10,3.5,36,54300.0,True,1375000.0,False
F02782,2.6,False,sugarcane,rainfed,0.736,0.411,2,2.5,26,15800.0,True,214000.0,True
F02783,5.6,False,banana,canal,0.886,0.287,2,3.5,35,24900.0,True,549000.0,False
F02784,8.1,False,wheat,solar_pump,1.204,0.136,5,3.5,25,5200.0,True,628000.0,False
F02785,5.2,True,mango,canal,0.994,0.217,5,3.0,24,40000.0,True,544000.0,True
F02786,4.3,False,sugarcane,diesel_tubewell,1.001,0.204,1,3.0,29,39600.0,False,412000.0,True
F02787,4.1,False,sugarcane,diesel_tubewell,0.855,0.222,4,3.0,31,53800.0,False,416000.0,False
F02788,3.9,False,wheat,solar_pump,1.282,0.069,2,4.0,16,26000.0,True,314000.0,False
F02789,2.8,False,wheat,rainfed,0.906,0.25,1,2.5,23,13700.0,False,146000.0,False
F02790,3.0,False,cotton,solar_pump,1.103,0.161,0,,34,21000.0,True,208000.0,False
F02791,10.6,True,wheat,solar_pump,1.062,0.162,4,2.5,28,55100.0,False,640000.0,False
F02792,3.8,False,wheat,canal,0.87,0.37,1,3.5,4,11800.0,False,193000.0,False
F02793,2.4,False,banana,rainfed,0.846,0.291,4,3.5,33,49400.0,True,318000.0,False
F02794,2.9,False,wheat,diesel_tubewell,1.249,0.158,3,4.5,19,14700.0,False,292000.0,False
F02795,8.3,False,banana,canal,1.108,0.185,1,3.0,6,90900.0,True,936000.0,False
F02796,6.3,False,cotton,diesel_tubewell,0.766,0.284,3,1.5,26,19600.0,True,342000.0,True
F02797,5.8,True,mango,canal,0.79,0.279,1,3.5,35,34900.0,True,400000.0,True
F02798,3.4,False,wheat,diesel_tubewell,1.02,0.197,6,2.0,31,26300.0,True,272000.0,False
F02799,5.9,False,rice,canal,0.87,0.203,1,3.0,5,23100.0,True,302000.0,False
F02800,2.7,False,rice,canal,0.889,0.24,1,2.0,24,6300.0,False,146000.0,False
F02801,3.4,False,banana,rainfed,0.996,0.227,2,3.5,6,28200.0,False,393000.0,False
F02802,7.6,False,wheat,rainfed,0.962,0.28,2,3.5,24,50800.0,False,420000.0,True
F02803,7.2,False,wheat,diesel_tubewell,1.019,0.216,2,2.0,17,13200.0,True,397000.0,False
F02804,2.1,False,banana,rainfed,0.874,0.263,0,,35,25000.0,True,182000.0,False
F02805,2.3,False,wheat,canal,1.084,0.261,3,2.5,0,0.0,True,186000.0,False
F02806,4.4,True,rice,canal,1.078,0.279,5,2.5,15,38600.0,False,360000.0,False
F02807,12.5,True,wheat,rainfed,1.062,0.256,3,3.0,28,35300.0,False,732000.0,False
F02808,1.2,True,wheat,diesel_tubewell,1.008,0.184,1,1.5,19,5700.0,True,72000.0,False
F02809,4.9,False,rice,solar_pump,1.217,0.134,1,3.0,17,21200.0,True,347000.0,False
F02810,1.7,False,rice,canal,0.91,0.264,2,2.0,24,10900.0,True,117000.0,False
F02811,2.7,False,rice,canal,0.78,0.285,4,3.0,10,10000.0,True,214000.0,False
F02812,3.2,True,cotton,canal,0.79,0.262,1,2.5,9,11300.0,True,180000.0,False
F02813,3.1,True,sugarcane,rainfed,0.778,0.299,1,1.5,13,35000.0,True,230000.0,True
F02814,2.9,False,banana,canal,0.961,0.236,4,2.5,14,37700.0,False,359000.0,True
F02815,4.1,False,wheat,diesel_tubewell,0.947,0.191,0,,9,18500.0,True,192000.0,False
F02816,2.9,False,wheat,canal,0.913,0.224,1,2.5,25,14500.0,True,152000.0,False
F02817,1.6,False,wheat,diesel_tubewell,1.193,0.213,4,3.5,12,27900.0,True,211000.0,False
F02818,6.7,True,sugarcane,canal,1.266,0.132,6,3.5,14,74200.0,False,938000.0,False
F02819,6.6,False,cotton,solar_pump,0.979,0.219,3,2.0,6,52400.0,True,457000.0,True
F02820,7.0,True,rice,diesel_tubewell,0.814,0.194,3,2.0,33,3000.0,True,358000.0,False
F02821,1.5,False,cotton,canal,1.009,0.277,1,3.5,5,9900.0,False,124000.0,True
F02822,4.9,False,rice,canal,0.969,0.183,1,2.0,21,19900.0,True,273000.0,False
F02823,6.3,False,mango,canal,1.084,0.148,2,3.5,34,40300.0,False,611000.0,False
F02824,2.1,False,cotton,diesel_tubewell,0.951,0.152,2,4.0,25,20800.0,True,192000.0,False
F02825,4.1,False,cotton,solar_pump,1.3,0.094,2,3.0,36,30400.0,False,386000.0,False
F02826,3.8,False,wheat,canal,1.081,0.173,3,3.5,5,22700.0,True,291000.0,False
F02827,13.4,True,cotton,diesel_tubewell,0.898,0.111,6,3.5,18,53400.0,False,933000.0,False
F02828,14.2,True,wheat,canal,1.315,0.206,8,3.5,35,81300.0,True,1157000.0,False
F02829,1.4,False,mango,rainfed,0.4,0.503,2,1.0,2,1000.0,True,62000.0,True
F02830,20.5,True,cotton,rainfed,0.958,0.338,7,3.0,36,102800.0,True,1412000.0,False
F02831,2.2,False,wheat,solar_pump,1.137,0.102,2,3.5,3,6600.0,False,182000.0,False
F02832,7.7,False,wheat,canal,1.396,0.058,2,3.5,24,79600.0,False,590000.0,False
F02833,7.6,True,cotton,canal,0.754,0.316,3,2.5,30,45600.0,True,423000.0,False
F02834,2.1,False,mango,rainfed,0.879,0.275,3,2.5,7,24100.0,False,212000.0,False
F02835,5.6,False,wheat,canal,0.905,0.267,0,,30,9900.0,True,251000.0,False
F02836,3.8,False,wheat,diesel_tubewell,0.767,0.205,2,2.0,20,19800.0,True,178000.0,False
F02837,5.8,True,cotton,rainfed,0.856,0.214,6,3.0,23,28300.0,True,463000.0,False
F02838,4.7,True,banana,solar_pump,1.104,0.208,0,,3,47500.0,True,513000.0,False
F02839,8.8,False,mango,diesel_tubewell,1.184,0.09,2,4.0,2,70200.0,True,911000.0,False
F02840,4.3,True,wheat,diesel_tubewell,1.116,0.193,0,,2,8900.0,True,238000.0,False
F02841,3.6,False,rice,rainfed,1.051,0.285,1,3.0,12,11200.0,True,229000.0,False
F02842,8.3,False,sugarcane,canal,0.911,0.188,5,2.5,11,82700.0,True,785000.0,False
F02843,5.9,False,sugarcane,rainfed,1.125,0.302,4,3.0,23,72700.0,True,697000.0,False
F02844,6.5,True,cotton,canal,1.208,0.139,2,3.5,8,20800.0,True,553000.0,False
F02845,2.6,False,sugarcane,solar_pump,1.091,0.206,1,3.0,16,34000.0,False,280000.0,False
F02846,2.1,False,rice,rainfed,1.084,0.298,2,3.5,35,12800.0,True,181000.0,True
F02847,2.8,False,wheat,diesel_tubewell,0.877,0.183,3,2.5,35,7500.0,True,184000.0,False
F02848,2.7,True,wheat,canal,0.926,0.222,3,3.5,27,13700.0,False,211000.0,False
F02849,6.8,True,cotton,canal,1.247,0.128,2,4.5,21,23200.0,False,609000.0,False
F02850,7.6,False,wheat,solar_pump,1.05,0.051,5,3.5,26,32000.0,False,541000.0,False
F02851,3.7,True,cotton,diesel_tubewell,0.909,0.282,4,3.0,26,21000.0,False,312000.0,False
F02852,10.3,True,mango,canal,0.991,0.201,6,3.0,28,98200.0,False,977000.0,False
F02853,9.9,True,mango,rainfed,1.007,0.321,6,3.0,14,105800.0,True,958000.0,False
F02854,4.8,False,wheat,rainfed,0.98,0.311,2,3.5,13,34600.0,False,291000.0,False
F02855,2.4,False,wheat,rainfed,1.009,0.228,4,3.0,21,24100.0,False,220000.0,False
F02856,11.3,True,rice,diesel_tubewell,1.237,0.186,5,3.0,36,17500.0,True,880000.0,False
F02857,3.9,False,cotton,rainfed,0.745,0.362,0,,25,6400.0,False,183000.0,True
F02858,4.4,False,wheat,rainfed,0.889,0.297,7,4.0,21,51200.0,False,427000.0,False
F02859,3.3,False,mango,canal,0.924,0.263,3,3.0,35,21800.0,True,322000.0,True
F02860,2.3,False,wheat,rainfed,1.021,0.342,2,3.0,7,13100.0,False,166000.0,False
F02861,1.6,False,wheat,diesel_tubewell,1.038,0.135,1,3.5,28,11600.0,False,111000.0,True
F02862,6.1,False,sugarcane,rainfed,1.336,0.3,5,5.0,24,119000.0,False,942000.0,False
F02863,2.4,False,rice,solar_pump,1.334,0.145,4,4.5,9,32000.0,True,323000.0,False
F02864,29.6,True,cotton,diesel_tubewell,1.169,0.202,8,3.0,20,130100.0,True,2380000.0,False
F02865,2.0,False,sugarcane,canal,0.999,0.188,0,,19,7700.0,False,180000.0,False
F02866,1.8,False,mango,canal,1.125,0.234,1,2.5,22,8800.0,True,185000.0,True
F02867,5.6,False,wheat,canal,1.046,0.179,4,3.0,35,48400.0,True,390000.0,False
F02868,11.0,True,rice,diesel_tubewell,1.109,0.191,2,1.5,9,76600.0,True,684000.0,False
F02869,4.2,False,wheat,rainfed,0.481,0.444,2,2.0,15,11300.0,True,133000.0,True
F02870,5.9,False,cotton,canal,1.07,0.192,4,3.5,21,18400.0,True,514000.0,False
F02871,1.2,False,cotton,canal,1.023,0.215,1,4.0,3,12500.0,True,111000.0,False
F02872,2.6,True,cotton,diesel_tubewell,1.24,0.17,3,4.0,2,27200.0,False,303000.0,False
F02873,2.0,False,wheat,canal,0.903,0.303,2,2.5,15,7600.0,True,131000.0,False
F02874,1.2,True,mango,canal,1.001,0.245,0,,30,7900.0,True,97000.0,False
F02875,4.4,False,cotton,canal,1.09,0.23,3,3.0,13,37800.0,True,377000.0,False
F02876,0.9,False,mango,diesel_tubewell,0.963,0.268,1,2.0,22,5900.0,True,87000.0,True
F02877,1.7,False,cotton,diesel_tubewell,0.961,0.208,2,3.0,28,7500.0,True,153000.0,False
F02878,2.9,False,mango,rainfed,0.816,0.368,4,1.5,24,21700.0,True,242000.0,True
F02879,2.4,False,rice,canal,0.979,0.32,5,2.5,21,21200.0,False,231000.0,True
F02880,5.2,False,cotton,canal,0.96,0.262,5,2.5,21,8500.0,True,419000.0,False
F02881,4.9,False,sugarcane,solar_pump,1.145,0.086,2,3.0,19,44900.0,False,555000.0,False
F02882,7.2,True,sugarcane,rainfed,0.751,0.312,4,2.5,36,31500.0,True,570000.0,True
F02883,6.6,True,cotton,canal,0.996,0.276,2,2.5,14,45200.0,False,456000.0,False
F02884,8.5,False,cotton,rainfed,0.766,0.315,8,3.5,3,17100.0,True,644000.0,True
F02885,4.1,False,rice,solar_pump,1.136,0.077,3,4.0,32,14400.0,False,351000.0,False
F02886,4.9,False,rice,rainfed,0.987,0.33,5,3.0,17,3200.0,False,386000.0,False
F02887,5.7,False,cotton,canal,1.508,0.117,3,5.0,36,64800.0,False,667000.0,True
F02888,4.4,False,sugarcane,canal,1.088,0.143,2,3.5,24,16300.0,True,489000.0,False
F02889,3.1,False,cotton,canal,0.887,0.257,0,,21,6800.0,False,173000.0,False
F02890,3.3,False,cotton,solar_pump,1.049,0.168,3,3.5,22,24500.0,False,306000.0,False
F02891,2.4,False,rice,rainfed,0.864,0.354,3,2.0,13,12600.0,True,162000.0,False
F02892,5.3,False,banana,diesel_tubewell,1.045,0.245,3,2.0,26,62600.0,True,598000.0,True
F02893,3.8,False,wheat,canal,1.128,0.082,5,4.0,11,40900.0,False,379000.0,False
F02894,2.6,True,wheat,canal,0.749,0.236,2,3.0,36,17700.0,True,146000.0,False
F02895,2.6,False,wheat,diesel_tubewell,0.973,0.177,2,3.5,22,25200.0,True,184000.0,False
F02896,1.8,False,rice,rainfed,1.109,0.308,4,4.0,17,28500.0,True,241000.0,True
F02897,7.7,False,cotton,canal,0.897,0.382,2,4.0,9,47400.0,False,502000.0,True
F02898,4.3,False,cotton,diesel_tubewell,1.072,0.153,3,2.5,29,32000.0,False,353000.0,False
F02899,2.3,False,wheat,diesel_tubewell,0.837,0.248,4,2.0,17,16800.0,True,162000.0,True
F02900,6.9,True,mango,rainfed,0.688,0.23,4,2.5,18,7500.0,True,468000.0,True
F02901,2.8,False,cotton,rainfed,0.781,0.385,1,3.5,5,13100.0,True,167000.0,True
F02902,1.6,False,rice,canal,1.052,0.24,0,,27,2000.0,False,91000.0,False
F02903,7.9,True,wheat,diesel_tubewell,0.888,0.251,2,3.0,2,23400.0,False,397000.0,True
F02904,2.9,False,wheat,rainfed,1.268,0.175,4,4.0,18,10800.0,False,315000.0,False
F02905,3.1,False,wheat,rainfed,0.73,0.46,2,2.0,28,14000.0,True,145000.0,True
F02906,4.2,False,cotton,diesel_tubewell,1.381,0.227,2,4.0,16,44700.0,False,432000.0,False
F02907,8.5,False,cotton,canal,1.082,0.212,3,3.5,5,82600.0,False,667000.0,False
F02908,4.1,False,wheat,diesel_tubewell,1.096,0.239,2,3.5,35,14300.0,False,281000.0,False
F02909,1.9,False,cotton,diesel_tubewell,1.054,0.2,5,3.5,1,16700.0,False,272000.0,False
F02910,5.8,False,wheat,canal,1.273,0.208,3,4.0,25,55600.0,False,465000.0,False
F02911,3.0,False,cotton,rainfed,1.156,0.158,2,5.0,0,0.0,False,302000.0,False
F02912,13.8,True,wheat,canal,0.876,0.118,3,3.0,25,40000.0,True,674000.0,False
F02913,4.1,False,wheat,rainfed,0.926,0.239,2,3.0,35,25500.0,False,238000.0,False
F02914,0.9,True,wheat,canal,0.812,0.189,1,2.0,19,5300.0,False,53000.0,False
F02915,5.1,False,sugarcane,canal,0.802,0.236,2,3.0,0,0.0,True,418000.0,True
F02916,14.4,True,banana,diesel_tubewell,1.044,0.206,3,4.5,2,159200.0,True,1601000.0,False
F02917,11.3,True,rice,diesel_tubewell,1.031,0.187,4,2.0,8,48800.0,True,696000.0,True
F02918,13.3,True,wheat,rainfed,0.749,0.374,6,2.5,13,79800.0,False,618000.0,True
F02919,2.1,False,banana,diesel_tubewell,1.015,0.119,3,3.0,32,32300.0,False,286000.0,False
F02920,7.3,True,banana,canal,1.111,0.151,6,3.0,1,78800.0,False,953000.0,True
F02921,2.5,False,cotton,rainfed,0.764,0.337,1,3.0,18,16400.0,True,145000.0,True
F02922,4.7,False,wheat,diesel_tubewell,0.908,0.187,3,2.5,27,22700.0,True,274000.0,True
F02923,1.8,False,sugarcane,canal,1.106,0.204,0,,24,9400.0,True,179000.0,False
F02924,2.7,False,banana,rainfed,1.111,0.28,1,3.5,29,28400.0,True,326000.0,False
F02925,2.6,False,sugarcane,canal,0.974,0.303,3,4.0,25,48400.0,True,328000.0,False
F02926,7.3,False,rice,canal,1.077,0.202,5,3.5,1,67300.0,False,570000.0,False
F02927,6.8,False,rice,diesel_tubewell,0.783,0.306,2,2.0,32,31200.0,False,321000.0,False
F02928,4.9,False,banana,diesel_tubewell,0.996,0.238,7,3.0,18,35200.0,True,658000.0,False
F02929,1.7,False,wheat,diesel_tubewell,0.854,0.225,3,3.0,18,6500.0,True,147000.0,True
F02930,3.3,False,wheat,rainfed,0.783,0.405,0,,33,9600.0,True,128000.0,False
F02931,2.5,False,mango,canal,1.064,0.267,2,4.0,28,17800.0,False,282000.0,False
F02932,7.1,False,wheat,rainfed,1.098,0.255,3,3.0,3,38700.0,True,461000.0,False
F02933,8.7,False,cotton,canal,1.177,0.273,3,2.0,11,61400.0,True,695000.0,False
F02934,8.1,False,wheat,canal,1.123,0.193,2,3.0,13,18000.0,False,500000.0,False
F02935,2.5,False,wheat,canal,0.915,0.275,4,3.5,35,12700.0,False,230000.0,False
F02936,0.7,False,wheat,canal,1.087,0.251,3,3.0,4,8100.0,True,113000.0,False
F02937,1.3,False,rice,canal,0.751,0.309,2,3.0,17,10100.0,True,103000.0,True
F02938,10.2,True,cotton,rainfed,0.743,0.326,3,2.5,18,53500.0,True,540000.0,True
F02939,3.1,False,rice,solar_pump,1.394,0.06,1,3.5,6,12800.0,False,263000.0,False
F02940,2.5,False,wheat,solar_pump,1.327,0.182,1,4.0,19,8400.0,True,197000.0,False
F02941,11.8,True,banana,canal,0.775,0.3,3,4.0,8,52100.0,True,1005000.0,False
F02942,9.2,True,rice,rainfed,0.713,0.318,2,2.5,14,43500.0,True,396000.0,True
F02943,4.1,False,banana,canal,0.992,0.174,1,3.0,29,28900.0,False,428000.0,True
F02944,3.4,False,cotton,solar_pump,0.96,0.208,1,3.5,30,20400.0,True,235000.0,False
F02945,3.7,True,wheat,diesel_tubewell,1.021,0.131,1,3.0,1,20600.0,True,212000.0,False
F02946,4.7,True,sugarcane,canal,1.306,0.231,1,4.0,15,72800.0,True,586000.0,False
F02947,11.5,True,mango,diesel_tubewell,1.57,0.138,5,3.5,0,0.0,False,1608000.0,False
F02948,5.3,True,wheat,rainfed,0.782,0.316,6,2.5,4,40800.0,False,330000.0,False
F02949,6.5,False,rice,canal,1.058,0.185,2,3.0,0,0.0,False,421000.0,True
F02950,8.7,True,rice,diesel_tubewell,1.21,0.131,5,2.5,29,93400.0,True,673000.0,False
F02951,1.9,False,wheat,rainfed,0.804,0.275,0,,19,9800.0,False,76000.0,True
F02952,6.6,True,rice,canal,0.687,0.261,5,3.0,7,32200.0,False,370000.0,True
F02953,3.3,False,wheat,canal,0.83,0.224,1,3.5,17,9600.0,False,165000.0,False
F02954,0.8,False,wheat,diesel_tubewell,1.389,0.111,2,4.5,26,13700.0,True,130000.0,False
F02955,1.0,False,mango,solar_pump,1.193,0.102,2,3.5,10,7100.0,True,155000.0,True
F02956,2.1,True,cotton,canal,0.883,0.298,1,2.5,16,12500.0,True,138000.0,False
F02957,5.7,True,sugarcane,diesel_tubewell,1.089,0.141,4,2.0,5,36600.0,True,625000.0,True
F02958,4.4,False,sugarcane,canal,0.896,0.317,2,1.5,8,28600.0,True,380000.0,True
F02959,4.6,False,banana,rainfed,1.023,0.228,3,3.5,8,5900.0,False,553000.0,False
F02960,14.4,True,cotton,rainfed,0.961,0.41,5,3.0,3,80300.0,False,997000.0,False
F02961,1.8,False,cotton,diesel_tubewell,0.952,0.198,1,2.5,30,11200.0,True,129000.0,False
F02962,4.0,True,wheat,rainfed,0.402,0.477,2,1.5,30,6900.0,True,105000.0,True
F02963,4.9,False,rice,diesel_tubewell,1.053,0.22,3,2.5,19,27500.0,False,341000.0,False
F02964,2.5,True,cotton,rainfed,0.679,0.285,3,3.0,8,8600.0,True,182000.0,True
F02965,4.1,False,sugarcane,canal,0.997,0.283,1,3.5,1,43400.0,True,397000.0,False
F02966,1.4,False,cotton,canal,0.847,0.235,1,2.5,36,8000.0,False,96000.0,False
F02967,10.1,True,wheat,rainfed,0.923,0.281,2,3.0,16,80800.0,False,512000.0,False
F02968,2.6,False,mango,canal,0.895,0.208,1,2.0,19,19100.0,True,205000.0,False
F02969,15.2,True,mango,canal,1.041,0.261,3,3.5,18,131600.0,False,1369000.0,False
F02970,4.0,False,cotton,solar_pump,1.249,0.04,2,4.0,26,25800.0,False,381000.0,False
F02971,7.9,True,sugarcane,diesel_tubewell,1.039,0.224,2,3.0,16,97100.0,False,789000.0,False
F02972,3.9,False,cotton,canal,0.88,0.202,0,,20,14900.0,True,216000.0,True
F02973,4.0,False,sugarcane,canal,1.105,0.272,3,3.5,28,68400.0,False,485000.0,False
F02974,2.8,True,cotton,canal,0.94,0.354,1,3.0,36,26700.0,False,191000.0,False
F02975,4.4,False,cotton,canal,0.612,0.266,2,2.0,25,13400.0,True,203000.0,False
F02976,5.0,True,wheat,canal,1.392,0.16,4,4.0,8,35400.0,False,478000.0,False
F02977,2.4,False,wheat,diesel_tubewell,1.168,0.139,3,4.0,7,14100.0,True,239000.0,False
F02978,3.7,False,sugarcane,solar_pump,1.089,0.219,1,2.5,14,14900.0,True,383000.0,False
F02979,2.7,False,cotton,canal,0.77,0.301,4,1.5,30,16800.0,True,181000.0,True
F02980,18.1,True,wheat,canal,0.893,0.281,4,3.0,32,75200.0,True,900000.0,True
F02981,3.8,True,wheat,diesel_tubewell,0.878,0.222,2,2.5,16,21800.0,True,207000.0,False
F02982,11.1,True,cotton,canal,1.07,0.342,5,3.5,7,73000.0,True,894000.0,False
F02983,3.6,False,sugarcane,canal,0.822,0.202,1,1.0,24,30900.0,True,275000.0,True
F02984,4.8,False,cotton,canal,0.966,0.236,4,3.0,23,32000.0,False,392000.0,False
F02985,1.7,True,sugarcane,diesel_tubewell,0.947,0.191,3,2.5,5,15900.0,True,207000.0,True
F02986,3.0,False,mango,canal,1.088,0.246,2,2.5,33,26400.0,True,306000.0,False
F02987,4.6,False,cotton,canal,0.918,0.246,2,2.0,35,32500.0,False,299000.0,False
F02988,11.4,True,mango,diesel_tubewell,1.073,0.193,2,3.0,36,73900.0,True,1041000.0,False
F02989,4.7,False,wheat,rainfed,1.085,0.269,6,3.0,19,45700.0,False,402000.0,False
F02990,10.0,True,cotton,diesel_tubewell,0.976,0.239,1,1.0,29,36600.0,False,623000.0,False
F02991,6.2,True,wheat,rainfed,0.676,0.444,4,2.0,1,20000.0,True,274000.0,True
F02992,11.7,False,wheat,diesel_tubewell,0.779,0.098,6,1.5,2,11100.0,False,526000.0,True
F02993,3.9,False,wheat,canal,0.866,0.344,2,3.0,0,0.0,True,217000.0,True
F02994,19.2,True,wheat,canal,0.849,0.404,5,1.5,21,39900.0,True,869000.0,False
F02995,3.0,False,mango,canal,1.113,0.137,7,3.5,16,48300.0,False,475000.0,False
F02996,2.5,False,rice,canal,1.07,0.219,0,,25,14500.0,False,145000.0,False
F02997,1.8,False,banana,canal,1.096,0.238,1,4.0,8,28300.0,True,229000.0,True
F02998,18.5,True,cotton,canal,1.185,0.228,8,4.0,11,228500.0,False,1648000.0,False
F02999,6.9,False,rice,diesel_tubewell,0.946,0.321,4,2.5,12,34000.0,True,436000.0,False
F03000,3.3,False,wheat,diesel_tubewell,1.059,0.221,0,,25,10200.0,True,173000.0,False
F03001,9.1,True,rice,canal,1.084,0.07,4,4.0,12,65900.0,True,666000.0,False
F03002,6.3,False,cotton,diesel_tubewell,1.097,0.246,1,3.0,33,32400.0,True,460000.0,False
F03003,14.6,True,banana,canal,1.008,0.24,6,3.5,9,103100.0,False,1632000.0,False
F03004,1.5,False,banana,diesel_tubewell,1.295,0.199,1,2.5,23,17600.0,False,213000.0,False
F03005,3.4,False,wheat,diesel_tubewell,1.307,0.092,1,3.0,9,15600.0,False,245000.0,False
F03006,3.0,False,rice,canal,0.9,0.107,4,2.5,18,34800.0,True,229000.0,False
F03007,1.1,False,rice,canal,1.179,0.151,2,4.5,21,10800.0,False,145000.0,False
F03008,8.1,False,rice,rainfed,0.92,0.372,1,2.5,28,34900.0,True,423000.0,True
F03009,3.4,False,wheat,diesel_tubewell,1.094,0.27,2,3.0,34,25800.0,False,234000.0,False
F03010,6.6,False,rice,diesel_tubewell,1.1,0.152,5,3.5,10,84100.0,False,538000.0,False
F03011,18.8,True,sugarcane,canal,1.17,0.155,6,2.5,28,159600.0,False,2105000.0,False
F03012,3.2,False,cotton,canal,0.815,0.428,3,2.5,24,4700.0,False,227000.0,True
F03013,3.1,False,cotton,canal,0.641,0.286,2,1.0,28,11500.0,True,142000.0,True
F03014,4.4,True,wheat,rainfed,0.904,0.317,3,3.0,18,7200.0,False,272000.0,False
F03015,7.7,True,banana,canal,0.785,0.245,2,2.0,8,41800.0,True,632000.0,False
F03016,2.8,False,wheat,canal,0.778,0.301,1,3.5,22,18300.0,True,137000.0,False
F03017,2.7,True,wheat,rainfed,1.134,0.205,0,,14,8600.0,True,152000.0,False
F03018,8.1,False,wheat,diesel_tubewell,1.152,0.128,4,3.0,18,27200.0,False,562000.0,False
F03019,5.2,True,mango,canal,0.889,0.227,5,2.5,6,53600.0,True,478000.0,False
F03020,1.1,False,sugarcane,diesel_tubewell,0.486,0.299,4,2.5,15,10000.0,False,131000.0,True
F03021,1.8,False,wheat,diesel_tubewell,1.068,0.151,0,,22,11800.0,True,95000.0,False
F03022,10.8,True,wheat,rainfed,0.919,0.341,7,4.0,1,53600.0,False,725000.0,False
F03023,5.3,False,sugarcane,canal,1.009,0.306,4,3.5,13,62700.0,False,598000.0,False
F03024,2.5,False,cotton,solar_pump,1.182,0.127,4,3.0,23,9100.0,False,286000.0,False
F03025,3.6,False,wheat,canal,1.077,0.188,5,2.5,17,15400.0,True,296000.0,False
F03026,4.1,False,banana,solar_pump,0.944,0.156,5,3.5,36,40800.0,True,529000.0,False
F03027,6.5,True,wheat,rainfed,0.832,0.306,7,3.0,34,30900.0,False,443000.0,False
F03028,1.7,False,cotton,rainfed,0.833,0.272,0,,13,14900.0,True,89000.0,False
F03029,2.3,True,wheat,rainfed,0.967,0.347,4,3.0,36,24600.0,True,210000.0,False
F03030,4.8,False,sugarcane,diesel_tubewell,1.205,0.188,1,4.0,23,64400.0,False,554000.0,False
F03031,3.8,False,sugarcane,canal,1.129,0.182,2,3.5,12,34500.0,False,444000.0,False
F03032,5.9,False,cotton,canal,0.819,0.187,2,2.5,26,12800.0,True,346000.0,True
F03033,1.8,False,rice,canal,0.709,0.307,4,1.5,4,16500.0,False,119000.0,True
F03034,5.1,False,mango,diesel_tubewell,0.998,0.126,3,4.0,22,15000.0,False,512000.0,False
F03035,8.2,False,mango,canal,0.876,0.272,5,3.0,33,45900.0,True,707000.0,False
F03036,5.6,False,cotton,solar_pump,1.114,0.153,2,4.0,33,47100.0,True,460000.0,False
F03037,4.4,True,cotton,diesel_tubewell,0.882,0.249,4,2.5,4,55800.0,True,328000.0,False
F03038,3.8,False,mango,rainfed,0.994,0.256,1,3.5,34,47300.0,False,335000.0,True
F03039,2.4,False,wheat,canal,0.827,0.214,0,,14,10200.0,False,98000.0,False
F03040,3.9,False,wheat,solar_pump,1.282,0.069,3,4.5,32,55800.0,False,360000.0,False
F03041,9.2,True,wheat,solar_pump,1.143,0.141,8,4.0,19,52700.0,True,787000.0,False
F03042,3.8,False,mango,rainfed,0.807,0.337,6,3.0,15,39200.0,True,398000.0,False
F03043,2.3,False,wheat,solar_pump,1.382,0.04,2,5.0,16,31800.0,False,241000.0,False
F03044,2.9,False,wheat,canal,1.075,0.185,1,3.0,5,6600.0,False,179000.0,False
F03045,4.6,False,rice,canal,1.035,0.195,1,2.5,26,26700.0,True,278000.0,False
F03046,3.2,False,wheat,rainfed,0.848,0.297,2,3.0,14,18100.0,False,184000.0,True
F03047,5.6,False,wheat,diesel_tubewell,1.215,0.117,4,3.5,11,44000.0,False,453000.0,False
F03048,5.7,True,cotton,solar_pump,1.22,0.112,2,3.0,19,23700.0,True,488000.0,False
F03049,7.2,True,wheat,solar_pump,0.979,0.228,1,2.5,11,36200.0,False,370000.0,True
F03050,10.2,False,banana,solar_pump,1.054,0.139,6,3.0,1,113100.0,True,1214000.0,False
F03051,7.7,False,wheat,solar_pump,1.114,0.082,2,3.5,28,31400.0,False,483000.0,False
F03052,2.2,False,mango,rainfed,0.865,0.175,2,3.5,31,23200.0,True,212000.0,False
F03053,2.3,False,cotton,rainfed,0.932,0.372,2,3.5,31,24800.0,False,193000.0,True
F03054,3.9,True,wheat,canal,1.066,0.272,4,3.5,32,19300.0,False,322000.0,False
F03055,3.0,False,wheat,canal,0.759,0.288,4,3.0,2,21200.0,True,213000.0,True
F03056,1.9,False,cotton,canal,0.869,0.291,6,2.5,23,29600.0,True,229000.0,False
F03057,3.0,False,cotton,canal,0.792,0.297,3,1.5,7,24300.0,True,187000.0,False
F03058,3.0,False,wheat,rainfed,1.228,0.277,2,2.5,21,17500.0,False,224000.0,True
F03059,2.6,False,banana,rainfed,0.849,0.284,2,3.0,35,32000.0,False,269000.0,False
F03060,3.3,False,cotton,canal,1.027,0.356,2,2.5,14,19200.0,False,255000.0,False
F03061,8.7,False,banana,canal,0.931,0.228,2,3.5,18,95200.0,False,861000.0,False
F03062,4.6,False,wheat,diesel_tubewell,1.048,0.19,3,3.0,36,18400.0,True,314000.0,False
F03063,20.2,True,wheat,rainfed,0.762,0.309,7,3.0,23,30600.0,True,937000.0,False
F03064,4.5,False,rice,diesel_tubewell,0.896,0.214,3,3.0,16,29600.0,True,293000.0,False
F03065,3.4,False,wheat,canal,1.086,0.238,1,4.0,35,24300.0,False,216000.0,False
F03066,4.1,False,wheat,canal,0.821,0.276,4,3.0,7,28500.0,False,267000.0,False
F03067,4.8,False,wheat,diesel_tubewell,1.04,0.181,4,2.5,16,18500.0,True,330000.0,False
F03068,5.4,False,wheat,diesel_tubewell,1.271,0.13,7,4.0,35,4800.0,True,573000.0,True
F03069,15.6,True,sugarcane,rainfed,0.9,0.342,9,3.5,25,171600.0,False,1526000.0,False
F03070,2.3,False,wheat,rainfed,0.779,0.273,5,1.5,30,20000.0,True,151000.0,True
F03071,7.1,False,banana,canal,0.953,0.275,3,2.5,9,14800.0,True,733000.0,True
F03072,4.6,True,wheat,canal,1.25,0.128,2,4.0,12,25700.0,False,351000.0,False
F03073,1.5,False,cotton,canal,0.935,0.312,3,2.5,16,7900.0,True,151000.0,False
F03074,6.7,False,cotton,canal,1.041,0.159,4,3.0,20,49400.0,False,539000.0,False
F03075,9.2,True,cotton,canal,1.063,0.226,5,3.0,21,94800.0,False,741000.0,False
F03076,2.3,False,mango,canal,1.176,0.158,4,3.5,21,25400.0,False,336000.0,True
F03077,4.0,True,mango,canal,1.06,0.218,4,3.0,7,29500.0,False,444000.0,False
F03078,1.3,False,wheat,rainfed,0.783,0.406,2,1.5,32,7300.0,False,75000.0,False
F03079,1.8,False,cotton,canal,0.966,0.218,4,3.5,30,2800.0,False,226000.0,False
F03080,8.0,True,mango,solar_pump,1.13,0.265,1,4.0,20,85200.0,True,766000.0,False
F03081,3.0,False,wheat,canal,1.245,0.179,2,3.5,4,28800.0,False,243000.0,False
F03082,2.0,False,cotton,canal,0.809,0.258,2,1.0,15,9900.0,True,119000.0,False
F03083,4.7,False,wheat,canal,1.25,0.179,3,4.5,12,27700.0,True,403000.0,False
F03084,2.9,False,cotton,canal,0.942,0.21,1,2.0,21,14000.0,False,189000.0,True
F03085,3.0,False,cotton,canal,1.189,0.21,2,3.0,13,20400.0,True,275000.0,False
F03086,6.6,True,cotton,rainfed,0.794,0.327,2,2.5,35,30300.0,True,372000.0,False
F03087,1.9,False,mango,rainfed,0.614,0.394,1,1.5,22,3400.0,True,107000.0,True
F03088,2.3,False,cotton,canal,0.794,0.303,4,2.5,1,19300.0,True,198000.0,False
F03089,4.5,False,mango,canal,0.92,0.227,3,3.0,9,29200.0,True,410000.0,False
F03090,7.6,True,sugarcane,canal,1.041,0.237,5,3.5,23,72100.0,False,858000.0,False
F03091,9.1,False,cotton,solar_pump,1.059,0.087,5,3.0,6,46900.0,True,732000.0,False
F03092,2.6,False,cotton,canal,0.947,0.213,3,2.5,3,20900.0,True,218000.0,False
F03093,7.5,False,cotton,canal,1.097,0.156,5,4.5,19,90100.0,False,706000.0,False
F03094,2.4,False,mango,rainfed,0.989,0.239,2,3.0,9,21900.0,False,242000.0,False
F03095,13.3,True,wheat,rainfed,0.907,0.261,5,2.5,0,0.0,True,701000.0,False
F03096,1.9,False,banana,diesel_tubewell,1.648,0.04,5,5.0,25,43300.0,False,518000.0,False
F03097,9.6,True,rice,canal,1.045,0.217,3,3.0,26,55700.0,True,617000.0,False
F03098,2.6,False,rice,canal,0.813,0.285,2,3.0,26,13400.0,True,164000.0,False
F03099,15.0,True,cotton,canal,1.174,0.225,2,3.0,3,67000.0,True,1160000.0,False
F03100,6.0,True,rice,diesel_tubewell,1.083,0.149,3,3.0,30,34800.0,False,426000.0,False
F03101,2.1,False,rice,solar_pump,1.268,0.237,0,,3,16000.0,True,144000.0,False
F03102,2.9,False,rice,canal,1.024,0.216,0,,20,11800.0,True,160000.0,False
F03103,6.7,False,wheat,rainfed,1.138,0.178,4,2.5,35,59600.0,False,461000.0,False
F03104,8.0,True,rice,diesel_tubewell,1.232,0.131,1,4.0,29,34900.0,False,566000.0,False
F03105,3.9,True,cotton,solar_pump,1.1,0.15,0,,34,13200.0,True,270000.0,False
F03106,4.2,False,rice,canal,0.873,0.098,2,2.5,18,18100.0,True,240000.0,False
F03107,6.6,True,rice,canal,1.007,0.254,4,3.5,15,7400.0,True,476000.0,False
F03108,4.4,False,wheat,canal,0.928,0.248,1,2.5,7,18500.0,False,223000.0,False
F03109,1.7,False,sugarcane,diesel_tubewell,1.245,0.106,1,3.5,36,15900.0,False,220000.0,False
F03110,2.4,False,cotton,canal,0.969,0.16,3,3.5,16,24900.0,False,234000.0,False
F03111,4.7,True,rice,canal,1.548,0.135,1,4.5,22,11300.0,True,430000.0,False
F03112,8.9,False,rice,solar_pump,1.333,0.156,8,4.5,6,102400.0,True,940000.0,False
F03113,11.6,True,rice,solar_pump,0.92,0.136,8,3.0,11,68700.0,True,776000.0,False
F03114,6.7,False,sugarcane,diesel_tubewell,0.938,0.134,3,3.0,20,87200.0,True,640000.0,False
F03115,4.9,True,wheat,diesel_tubewell,0.897,0.278,3,1.0,30,18800.0,True,242000.0,True
F03116,6.6,False,wheat,diesel_tubewell,0.81,0.278,2,2.0,19,28200.0,True,298000.0,False
F03117,2.6,False,rice,diesel_tubewell,1.138,0.224,1,4.0,7,20200.0,False,193000.0,False
F03118,3.7,False,wheat,canal,0.806,0.24,2,3.0,9,3100.0,True,198000.0,False
F03119,2.4,False,wheat,canal,1.281,0.161,1,4.5,21,22800.0,True,190000.0,False
F03120,1.8,True,wheat,canal,1.219,0.165,3,3.0,17,14500.0,True,184000.0,False
F03121,5.0,False,wheat,canal,0.933,0.295,2,3.0,8,11500.0,False,281000.0,False
F03122,4.6,False,banana,diesel_tubewell,0.994,0.275,3,3.0,22,42600.0,False,527000.0,False
F03123,6.3,True,wheat,diesel_tubewell,1.358,0.205,5,4.0,24,72200.0,True,590000.0,False
F03124,5.8,False,wheat,canal,1.404,0.206,4,4.5,16,39800.0,False,553000.0,False
F03125,4.7,True,banana,solar_pump,0.913,0.29,7,2.0,33,47000.0,True,542000.0,False
F03126,5.8,True,banana,diesel_tubewell,0.784,0.277,5,2.0,8,8900.0,False,533000.0,False
F03127,3.9,True,wheat,diesel_tubewell,1.104,0.192,1,2.0,13,12600.0,True,230000.0,False
F03128,5.3,False,mango,rainfed,1.055,0.407,3,3.5,35,57800.0,False,540000.0,False
F03129,2.5,True,wheat,canal,0.942,0.188,3,2.5,2,21200.0,True,179000.0,False
F03130,5.2,False,sugarcane,canal,1.226,0.313,1,3.0,29,54100.0,False,599000.0,False
F03131,6.3,True,wheat,canal,1.319,0.098,3,3.5,6,51300.0,True,499000.0,False
F03132,2.6,False,cotton,diesel_tubewell,0.742,0.304,2,2.0,7,10800.0,True,155000.0,True
F03133,4.2,False,wheat,canal,0.829,0.314,6,3.0,6,27100.0,True,322000.0,False
F03134,2.7,False,sugarcane,rainfed,0.582,0.393,2,3.0,17,9200.0,True,191000.0,False
F03135,2.9,False,wheat,canal,0.886,0.147,5,3.5,7,18300.0,True,273000.0,False
F03136,2.0,False,cotton,diesel_tubewell,0.925,0.184,0,,13,9600.0,True,117000.0,True
F03137,9.2,True,sugarcane,diesel_tubewell,0.878,0.243,5,2.5,6,25900.0,True,831000.0,False
F03138,8.1,False,wheat,canal,1.072,0.234,4,2.5,36,83700.0,False,513000.0,False
F03139,5.8,False,mango,solar_pump,1.155,0.156,3,3.5,23,37700.0,True,630000.0,False
F03140,14.6,True,cotton,diesel_tubewell,1.012,0.207,5,4.0,26,99100.0,True,1097000.0,True
F03141,3.6,True,wheat,solar_pump,0.978,0.094,1,3.0,2,8300.0,True,199000.0,False
F03142,29.1,True,wheat,diesel_tubewell,0.964,0.292,9,3.0,24,13500.0,True,1614000.0,False
F03143,3.5,False,wheat,diesel_tubewell,1.056,0.19,2,2.5,28,31500.0,False,225000.0,True
F03144,4.8,False,wheat,canal,0.947,0.283,3,3.0,5,25600.0,True,300000.0,False
F03145,3.1,False,cotton,diesel_tubewell,1.11,0.257,1,3.5,34,2700.0,False,246000.0,False
F03146,5.2,False,rice,canal,0.829,0.25,1,2.0,7,12300.0,False,249000.0,False
F03147,7.0,True,cotton,canal,1.276,0.215,2,2.5,34,92000.0,True,604000.0,False
F03148,3.8,False,cotton,canal,0.943,0.255,0,,34,22400.0,True,226000.0,False
F03149,12.9,True,sugarcane,diesel_tubewell,0.989,0.229,1,3.0,9,9800.0,True,1173000.0,False
F03150,4.7,False,wheat,canal,0.682,0.324,2,3.0,16,13800.0,False,209000.0,False
F03151,4.8,True,rice,rainfed,0.869,0.298,2,3.5,5,21900.0,True,284000.0,False
F03152,2.2,False,mango,canal,1.056,0.209,1,3.0,0,0.0,True,213000.0,False
F03153,5.3,False,wheat,canal,1.161,0.17,1,2.0,17,26700.0,True,321000.0,False
F03154,3.7,False,rice,canal,0.777,0.4,1,3.0,18,4600.0,False,180000.0,False
F03155,2.7,False,banana,canal,1.094,0.161,2,4.0,6,22300.0,True,359000.0,False
F03156,2.4,False,cotton,canal,1.197,0.235,0,,22,9600.0,False,181000.0,False
F03157,23.0,True,banana,diesel_tubewell,1.115,0.303,11,2.5,33,299700.0,False,2768000.0,False
F03158,3.4,False,wheat,canal,1.121,0.183,3,3.0,10,17200.0,False,264000.0,False
F03159,1.6,False,rice,canal,0.792,0.312,2,2.5,28,7100.0,True,110000.0,True
F03160,2.6,False,wheat,canal,0.906,0.226,4,3.0,15,16200.0,True,217000.0,True
F03161,3.9,False,wheat,canal,1.014,0.107,6,3.0,16,18900.0,True,346000.0,False
F03162,5.8,False,banana,rainfed,1.124,0.214,4,5.0,10,108500.0,False,812000.0,False
F03163,5.8,False,wheat,canal,0.831,0.235,6,2.0,36,40900.0,True,339000.0,True
F03164,6.3,True,banana,solar_pump,1.475,0.04,2,4.0,16,120700.0,False,986000.0,False
F03165,2.7,False,rice,diesel_tubewell,1.239,0.155,1,3.0,34,8700.0,True,206000.0,False
F03166,5.1,False,mango,canal,0.847,0.281,3,2.5,36,39200.0,False,412000.0,False
F03167,2.3,False,banana,solar_pump,1.323,0.04,0,,6,33000.0,True,301000.0,False
F03168,2.7,False,rice,canal,0.833,0.299,1,3.0,16,7200.0,False,146000.0,False
F03169,2.2,False,banana,rainfed,0.935,0.364,2,3.0,2,11200.0,False,254000.0,True
F03170,1.9,False,sugarcane,diesel_tubewell,0.706,0.314,0,,29,6100.0,True,121000.0,False
F03171,8.1,False,cotton,canal,0.697,0.264,5,3.0,13,16600.0,True,481000.0,True
F03172,6.3,False,rice,rainfed,1.089,0.321,3,3.0,4,52700.0,True,445000.0,False
F03173,7.7,True,wheat,canal,0.899,0.192,4,2.5,8,49000.0,True,426000.0,False
F03174,4.2,False,wheat,rainfed,1.134,0.238,3,4.0,29,24400.0,False,336000.0,False
F03175,6.7,True,wheat,rainfed,0.632,0.386,0,,3,17000.0,False,210000.0,False
F03176,1.3,False,cotton,canal,0.717,0.264,1,1.5,18,4300.0,True,71000.0,False
F03177,7.1,True,wheat,canal,0.952,0.16,4,3.5,35,72400.0,False,451000.0,False
F03178,4.6,True,cotton,solar_pump,1.606,0.067,5,5.0,13,46400.0,False,674000.0,False
F03179,6.1,True,rice,canal,1.247,0.123,1,3.5,7,28900.0,True,440000.0,False
F03180,5.2,False,rice,solar_pump,1.122,0.094,3,2.0,21,28900.0,False,365000.0,True
F03181,2.1,False,mango,canal,1.122,0.247,1,3.5,23,8700.0,False,220000.0,False
F03182,1.5,False,banana,canal,0.825,0.261,0,,12,11300.0,True,123000.0,True
F03183,2.6,False,mango,diesel_tubewell,1.475,0.072,0,,26,40700.0,False,311000.0,True
F03184,5.9,False,rice,solar_pump,1.254,0.04,4,3.5,29,40000.0,False,516000.0,False
F03185,6.4,True,wheat,solar_pump,1.118,0.094,3,2.0,23,44500.0,False,404000.0,False
F03186,1.7,False,banana,diesel_tubewell,1.302,0.163,1,3.5,29,4500.0,False,248000.0,False
F03187,2.1,False,wheat,canal,0.881,0.303,3,2.5,12,7900.0,True,154000.0,False
F03188,2.5,False,wheat,canal,0.884,0.276,2,2.5,8,13100.0,True,151000.0,False
F03189,3.2,False,wheat,canal,0.912,0.238,2,2.0,32,3900.0,True,178000.0,True
F03190,1.7,False,rice,canal,1.079,0.183,3,4.0,15,18800.0,True,199000.0,False
F03191,1.6,False,rice,canal,0.682,0.293,3,1.5,3,7000.0,False,96000.0,True
F03192,2.4,True,wheat,diesel_tubewell,0.896,0.157,4,3.0,5,19200.0,True,206000.0,False
F03193,4.3,False,sugarcane,canal,1.042,0.243,2,2.5,36,33600.0,True,445000.0,False
F03194,1.9,False,wheat,canal,0.897,0.208,2,2.5,0,0.0,True,126000.0,False
F03195,3.8,False,wheat,diesel_tubewell,0.862,0.171,4,2.5,31,2000.0,True,245000.0,False
F03196,8.1,False,wheat,canal,1.088,0.211,5,3.5,10,27300.0,False,582000.0,False
F03197,1.7,False,wheat,rainfed,0.528,0.42,1,3.0,36,7000.0,False,69000.0,True
F03198,3.5,False,sugarcane,canal,1.139,0.181,3,4.0,20,16600.0,True,459000.0,False
F03199,7.9,True,wheat,canal,1.1,0.143,3,3.5,27,26200.0,False,518000.0,False
F03200,3.1,True,wheat,rainfed,0.881,0.229,1,3.5,28,11300.0,False,164000.0,False
F03201,2.8,False,wheat,diesel_tubewell,0.87,0.206,2,2.0,16,11100.0,False,154000.0,False
F03202,8.6,True,sugarcane,solar_pump,1.039,0.118,3,2.5,35,92900.0,True,867000.0,False
F03203,3.3,False,banana,canal,0.908,0.291,0,,26,27000.0,True,296000.0,False
F03204,8.3,False,rice,canal,0.969,0.154,4,3.5,15,33800.0,True,551000.0,False
F03205,5.4,True,rice,diesel_tubewell,0.947,0.334,2,2.5,13,8300.0,False,318000.0,False
F03206,3.2,False,mango,canal,1.02,0.171,3,3.5,0,0.0,True,352000.0,True
F03207,5.5,False,wheat,diesel_tubewell,0.94,0.249,5,2.0,8,28700.0,True,339000.0,False
F03208,5.0,False,wheat,canal,1.047,0.165,0,,24,29500.0,False,259000.0,False
F03209,7.9,True,cotton,canal,1.095,0.203,7,3.5,25,6200.0,False,749000.0,False
F03210,2.8,False,wheat,canal,0.82,0.309,2,1.5,7,9800.0,True,139000.0,True
F03211,4.2,False,cotton,solar_pump,0.991,0.191,4,4.0,16,27600.0,True,396000.0,True
F03212,3.9,True,cotton,canal,0.713,0.34,1,1.5,21,12700.0,True,188000.0,True
F03213,6.4,False,wheat,rainfed,0.719,0.395,2,2.0,7,28500.0,True,261000.0,True
F03214,2.1,False,cotton,canal,0.86,0.306,3,3.0,16,14100.0,True,189000.0,True
F03215,7.9,False,cotton,diesel_tubewell,1.453,0.048,4,4.0,29,59100.0,False,857000.0,False
F03216,5.5,False,wheat,canal,1.087,0.219,1,3.5,10,26900.0,False,325000.0,False
F03217,1.7,False,mango,diesel_tubewell,1.236,0.101,2,3.5,28,19200.0,False,228000.0,False
F03218,8.9,True,sugarcane,solar_pump,1.125,0.187,4,2.5,11,42300.0,True,985000.0,False
F03219,17.3,True,wheat,diesel_tubewell,0.989,0.172,8,3.5,3,125600.0,False,1080000.0,True
F03220,7.8,True,wheat,canal,1.168,0.222,8,3.5,12,43800.0,True,684000.0,False
F03221,10.3,True,wheat,solar_pump,1.12,0.153,5,4.0,15,59000.0,True,738000.0,False
F03222,4.3,False,wheat,canal,1.063,0.239,2,4.0,6,39000.0,True,293000.0,False
F03223,1.4,False,wheat,diesel_tubewell,1.266,0.126,2,3.0,26,24800.0,False,138000.0,False
F03224,1.2,False,wheat,solar_pump,1.15,0.046,1,3.5,26,9600.0,True,97000.0,False
F03225,4.8,False,mango,canal,1.166,0.205,4,3.0,20,14000.0,True,553000.0,False
F03226,2.8,False,mango,diesel_tubewell,1.097,0.254,1,3.0,14,20200.0,True,274000.0,False
F03227,2.2,False,sugarcane,solar_pump,1.374,0.077,1,4.5,2,43500.0,False,310000.0,False
F03228,3.9,True,rice,canal,0.972,0.263,5,3.0,26,24900.0,True,330000.0,False
F03229,6.1,True,sugarcane,canal,1.366,0.064,1,4.0,12,87000.0,False,783000.0,False
F03230,1.6,False,sugarcane,canal,0.979,0.174,2,3.5,21,22100.0,True,199000.0,False
F03231,3.0,False,mango,solar_pump,0.989,0.184,0,,11,14400.0,False,240000.0,False
F03232,10.8,True,sugarcane,diesel_tubewell,0.966,0.129,2,2.0,8,142300.0,True,972000.0,False
F03233,2.0,False,sugarcane,canal,0.934,0.199,2,3.5,21,22100.0,True,227000.0,False
F03234,7.1,False,mango,canal,0.926,0.269,5,3.5,11,55900.0,True,678000.0,True
F03235,3.0,False,rice,canal,1.077,0.191,3,3.5,15,20400.0,True,262000.0,False
F03236,5.8,False,wheat,canal,0.779,0.259,4,1.5,34,12100.0,False,274000.0,False
F03237,8.3,True,wheat,canal,1.036,0.172,3,3.0,9,28500.0,True,500000.0,False
F03238,6.6,False,cotton,canal,0.978,0.171,3,3.0,15,23700.0,False,482000.0,False
F03239,7.3,True,wheat,canal,1.071,0.203,5,3.0,12,81500.0,True,512000.0,True
F03240,1.9,False,wheat,diesel_tubewell,0.91,0.253,4,2.0,4,18000.0,True,152000.0,False
F03241,8.4,False,wheat,diesel_tubewell,0.841,0.228,5,1.5,15,20500.0,True,412000.0,False
F03242,2.3,False,wheat,canal,0.596,0.283,2,2.5,23,15900.0,True,110000.0,True
F03243,4.8,False,banana,diesel_tubewell,1.193,0.133,4,4.5,12,92400.0,False,717000.0,False
F03244,4.8,False,cotton,canal,0.755,0.313,7,2.0,12,21400.0,True,345000.0,False
F03245,5.6,False,wheat,canal,0.643,0.277,3,3.0,24,25600.0,True,253000.0,False
F03246,5.0,True,cotton,rainfed,1.06,0.166,2,4.5,17,24800.0,False,409000.0,True
F03247,2.3,False,wheat,diesel_tubewell,1.098,0.119,2,2.0,21,18600.0,True,158000.0,False
F03248,1.7,False,rice,canal,0.99,0.284,1,3.5,7,12000.0,False,120000.0,False
F03249,7.1,True,rice,canal,1.01,0.189,6,3.0,16,37200.0,False,537000.0,False
F03250,4.6,False,wheat,diesel_tubewell,1.118,0.156,0,,0,0.0,True,255000.0,False
F03251,8.6,True,cotton,canal,0.949,0.334,2,3.5,21,46500.0,False,573000.0,False
F03252,3.9,True,wheat,rainfed,0.632,0.398,4,2.5,21,20500.0,True,205000.0,True
F03253,1.6,False,rice,canal,1.161,0.093,1,2.5,6,15300.0,True,121000.0,False
F03254,7.6,False,banana,canal,1.038,0.302,3,3.5,16,90600.0,True,868000.0,True
F03255,3.2,False,mango,diesel_tubewell,1.454,0.164,2,3.5,25,49700.0,False,435000.0,False
F03256,5.1,False,wheat,diesel_tubewell,0.823,0.262,2,2.5,15,14500.0,True,249000.0,True
F03257,2.7,False,sugarcane,diesel_tubewell,0.953,0.246,2,1.5,35,4500.0,True,257000.0,True
F03258,11.8,True,sugarcane,rainfed,0.936,0.339,4,3.0,34,29500.0,False,1094000.0,False
F03259,2.3,False,mango,rainfed,0.737,0.34,3,2.0,5,13800.0,False,187000.0,True
F03260,3.3,False,wheat,canal,0.814,0.209,1,1.5,9,8400.0,True,145000.0,False
F03261,4.3,False,cotton,canal,1.13,0.216,0,,11,24200.0,True,306000.0,False
F03262,2.0,True,wheat,canal,0.965,0.145,3,3.0,21,18400.0,True,171000.0,False
F03263,5.0,False,wheat,diesel_tubewell,0.928,0.296,2,4.0,22,30900.0,True,296000.0,False
F03264,11.6,True,rice,diesel_tubewell,1.102,0.159,6,4.0,30,7400.0,True,890000.0,False
F03265,2.9,False,cotton,canal,1.029,0.198,2,4.0,13,43100.0,False,255000.0,False
F03266,5.2,False,wheat,rainfed,0.76,0.295,2,4.0,16,25300.0,False,262000.0,True
F03267,0.7,False,mango,canal,1.02,0.244,1,2.0,18,6900.0,True,75000.0,False
F03268,4.0,False,cotton,solar_pump,1.118,0.137,3,3.5,27,28900.0,False,369000.0,False
F03269,3.3,False,banana,rainfed,0.75,0.329,3,2.5,16,22800.0,True,308000.0,False
F03270,2.4,False,sugarcane,canal,1.164,0.225,4,3.0,20,42200.0,True,352000.0,False
F03271,8.2,True,mango,canal,0.887,0.28,4,1.5,3,32500.0,False,639000.0,False
F03272,3.3,False,sugarcane,canal,0.848,0.27,0,,12,23600.0,True,252000.0,False
F03273,3.6,False,wheat,rainfed,1.212,0.215,6,4.0,16,55700.0,True,416000.0,False
F03274,3.2,True,wheat,canal,0.853,0.382,0,,33,12100.0,True,135000.0,False
F03275,1.2,False,mango,rainfed,0.901,0.406,3,3.5,4,17600.0,True,175000.0,True
F03276,1.9,False,wheat,diesel_tubewell,1.331,0.137,1,4.5,13,5900.0,False,163000.0,False
F03277,7.6,False,cotton,diesel_tubewell,1.283,0.234,5,4.0,23,86600.0,True,781000.0,False
F03278,1.0,False,rice,rainfed,0.808,0.339,1,2.0,16,5800.0,True,60000.0,False
F03279,2.5,False,wheat,canal,1.07,0.206,6,3.0,11,22600.0,False,282000.0,False
F03280,3.1,False,wheat,solar_pump,1.17,0.04,0,,23,19300.0,True,179000.0,False
F03281,12.6,True,cotton,canal,1.202,0.124,4,3.5,1,48400.0,False,1071000.0,False
F03282,6.7,False,cotton,canal,0.871,0.383,7,1.0,21,61000.0,True,426000.0,True
F03283,2.8,False,rice,canal,0.818,0.332,1,2.5,32,26000.0,True,145000.0,False
F03284,9.5,False,wheat,canal,1.04,0.208,3,3.5,18,36500.0,False,576000.0,False
F03285,2.5,False,cotton,diesel_tubewell,0.854,0.163,2,1.5,29,19600.0,False,160000.0,False
F03286,7.8,True,wheat,canal,0.924,0.279,5,3.0,25,37800.0,True,482000.0,True
F03287,1.7,False,rice,diesel_tubewell,0.91,0.17,3,3.0,23,6700.0,False,159000.0,False
F03288,8.1,False,wheat,canal,0.991,0.259,3,3.0,25,59800.0,True,472000.0,False
F03289,3.1,False,wheat,diesel_tubewell,0.88,0.211,3,2.0,36,13700.0,True,185000.0,False
F03290,2.1,False,mango,solar_pump,1.244,0.123,2,2.0,19,25400.0,True,245000.0,False
F03291,3.5,False,wheat,diesel_tubewell,1.177,0.216,5,2.5,10,45300.0,False,308000.0,False
F03292,4.9,False,sugarcane,rainfed,0.653,0.456,2,3.0,18,34100.0,True,338000.0,False
F03293,2.9,False,wheat,canal,1.17,0.121,4,3.0,17,24200.0,False,268000.0,False
F03294,5.8,True,wheat,canal,1.037,0.149,1,2.5,6,16400.0,True,319000.0,False
F03295,2.8,False,wheat,diesel_tubewell,1.006,0.278,2,3.0,35,9700.0,True,189000.0,False
F03296,6.1,False,mango,canal,1.203,0.09,0,,26,46800.0,False,595000.0,False
F03297,5.4,False,cotton,diesel_tubewell,1.009,0.185,4,2.0,13,29000.0,True,410000.0,False
F03298,3.9,False,wheat,solar_pump,1.088,0.136,0,,36,22300.0,True,210000.0,False
F03299,3.0,True,cotton,canal,0.942,0.372,1,3.0,11,9600.0,False,203000.0,False
F03300,4.5,False,cotton,rainfed,0.911,0.25,0,,10,14800.0,True,258000.0,False
F03301,5.8,False,sugarcane,canal,0.923,0.216,5,2.5,7,45900.0,True,586000.0,False
F03302,15.5,True,banana,diesel_tubewell,0.888,0.212,6,3.0,7,130900.0,False,1512000.0,False
F03303,7.5,False,cotton,canal,1.069,0.227,0,,22,43100.0,False,505000.0,False
F03304,7.6,True,cotton,diesel_tubewell,0.885,0.143,4,2.0,34,37700.0,True,490000.0,False
F03305,30.2,True,cotton,canal,1.042,0.218,10,2.5,20,125300.0,False,2191000.0,False
F03306,5.7,False,banana,rainfed,0.585,0.367,5,3.0,15,46700.0,False,455000.0,False
F03307,5.6,True,cotton,rainfed,0.863,0.351,1,3.5,30,41000.0,True,334000.0,False
F03308,6.4,False,wheat,diesel_tubewell,1.019,0.178,3,3.5,25,38400.0,False,410000.0,False
F03309,2.1,False,banana,diesel_tubewell,1.042,0.298,3,3.5,5,19500.0,True,304000.0,False
F03310,3.0,True,banana,diesel_tubewell,1.172,0.122,3,4.5,17,9000.0,False,461000.0,False
F03311,2.9,True,cotton,diesel_tubewell,0.887,0.215,0,,23,22500.0,True,162000.0,False
F03312,6.2,False,cotton,diesel_tubewell,1.091,0.254,2,4.0,20,38200.0,True,493000.0,False
F03313,3.6,False,rice,diesel_tubewell,0.929,0.136,4,2.5,0,0.0,True,264000.0,False
F03314,4.4,False,mango,rainfed,0.763,0.31,2,4.0,12,46700.0,True,339000.0,False
F03315,8.2,False,cotton,diesel_tubewell,0.717,0.242,5,4.5,36,61400.0,True,558000.0,False
F03316,7.1,True,wheat,canal,0.874,0.242,1,2.5,28,37800.0,False,328000.0,True
F03317,3.7,False,wheat,rainfed,0.724,0.255,5,2.5,27,26600.0,True,237000.0,False
F03318,2.6,False,wheat,canal,1.184,0.068,0,,18,11600.0,True,152000.0,False
F03319,8.5,True,wheat,canal,1.082,0.252,3,3.0,20,23900.0,False,530000.0,False
F03320,6.7,False,sugarcane,rainfed,0.939,0.368,2,3.5,17,68600.0,False,624000.0,True
F03321,1.4,False,wheat,canal,0.831,0.261,2,4.0,8,4000.0,True,124000.0,False
F03322,3.3,False,cotton,canal,1.142,0.158,2,3.5,20,20800.0,True,296000.0,False
F03323,4.5,False,mango,diesel_tubewell,1.158,0.04,3,3.5,31,31600.0,False,510000.0,False
F03324,6.7,False,cotton,solar_pump,1.248,0.176,2,3.5,34,59900.0,True,585000.0,False
F03325,7.3,True,wheat,canal,0.707,0.327,0,,12,23300.0,True,255000.0,False
F03326,4.9,False,banana,diesel_tubewell,0.944,0.051,1,2.0,30,29400.0,False,475000.0,True
F03327,5.9,False,wheat,canal,0.868,0.097,1,3.0,11,19300.0,True,278000.0,False
F03328,4.2,True,mango,canal,0.947,0.271,1,4.0,2,52800.0,False,355000.0,False
F03329,2.6,False,wheat,canal,1.283,0.104,2,5.0,11,14200.0,False,248000.0,False
F03330,3.4,False,cotton,canal,0.862,0.194,1,2.5,13,15900.0,False,206000.0,False
F03331,4.1,True,rice,rainfed,0.807,0.308,4,3.0,36,28600.0,True,279000.0,True
F03332,4.0,True,cotton,diesel_tubewell,0.957,0.188,3,4.0,5,29200.0,False,341000.0,False
F03333,1.2,False,cotton,rainfed,0.912,0.311,0,,16,7100.0,False,69000.0,False
F03334,3.1,False,wheat,rainfed,1.18,0.204,2,3.0,33,27700.0,True,231000.0,False
F03335,4.2,True,rice,rainfed,0.896,0.316,1,3.0,8,30000.0,True,228000.0,False
F03336,3.4,False,wheat,solar_pump,1.108,0.145,3,3.5,9,23200.0,True,274000.0,False
F03337,3.5,False,sugarcane,canal,0.915,0.191,4,2.5,22,36000.0,False,371000.0,False
F03338,5.6,False,rice,solar_pump,1.169,0.04,2,4.5,28,38700.0,False,428000.0,False
F03339,2.0,False,cotton,diesel_tubewell,0.965,0.188,3,3.0,9,10500.0,False,197000.0,False
F03340,1.4,False,wheat,canal,1.098,0.268,2,1.5,22,9100.0,True,101000.0,True
F03341,3.2,False,cotton,canal,0.756,0.295,4,2.0,23,6200.0,True,219000.0,False
F03342,6.7,False,rice,canal,1.045,0.214,2,3.0,28,41000.0,True,428000.0,False
F03343,12.1,True,wheat,diesel_tubewell,1.05,0.275,3,3.0,21,8600.0,True,704000.0,False
F03344,6.7,False,rice,solar_pump,0.853,0.272,2,1.5,24,16800.0,True,334000.0,True
F03345,1.6,False,wheat,diesel_tubewell,1.219,0.235,2,4.5,13,19200.0,True,172000.0,False
F03346,3.5,False,wheat,canal,0.924,0.359,4,2.0,10,22400.0,True,227000.0,True
F03347,4.8,False,sugarcane,canal,1.419,0.153,2,3.5,15,55600.0,True,671000.0,False
F03348,4.6,False,wheat,rainfed,1.047,0.22,5,3.5,18,26200.0,False,384000.0,False
F03349,5.8,True,wheat,canal,0.946,0.198,3,3.5,20,19600.0,False,359000.0,False
F03350,2.2,False,rice,canal,1.078,0.191,0,,6,8200.0,False,128000.0,False
F03351,4.2,False,sugarcane,solar_pump,1.218,0.154,3,4.0,30,59500.0,True,561000.0,False
F03352,5.3,False,wheat,rainfed,0.945,0.294,2,3.5,8,22900.0,False,306000.0,False
F03353,6.9,True,wheat,diesel_tubewell,0.912,0.264,4,1.5,9,5000.0,True,361000.0,False
F03354,2.4,False,cotton,diesel_tubewell,0.71,0.229,0,,4,4500.0,False,107000.0,True
F03355,3.2,False,rice,canal,1.061,0.205,1,3.0,9,11700.0,False,208000.0,False
F03356,0.7,False,cotton,rainfed,0.651,0.337,3,3.0,32,7700.0,True,104000.0,False
F03357,2.7,False,rice,diesel_tubewell,1.039,0.218,1,4.0,32,13600.0,True,185000.0,False
F03358,2.9,False,sugarcane,diesel_tubewell,0.86,0.296,5,2.0,10,14800.0,True,308000.0,False
F03359,2.1,False,banana,canal,0.875,0.266,1,2.0,9,20600.0,False,199000.0,False
F03360,4.5,True,cotton,diesel_tubewell,1.004,0.197,1,3.5,4,5400.0,True,314000.0,False
F03361,3.9,True,wheat,canal,0.849,0.24,1,2.5,12,10800.0,True,185000.0,True
F03362,0.9,False,wheat,diesel_tubewell,1.091,0.197,1,1.5,8,6700.0,True,61000.0,False
F03363,4.7,False,wheat,diesel_tubewell,0.925,0.201,4,2.0,2,28600.0,False,282000.0,False
F03364,2.2,False,cotton,solar_pump,0.916,0.132,3,3.5,9,15900.0,False,215000.0,False
F03365,5.6,False,mango,canal,1.18,0.093,4,2.5,8,70900.0,False,619000.0,False
F03366,1.8,False,cotton,rainfed,0.655,0.358,2,2.0,4,9900.0,False,108000.0,False
F03367,4.1,True,wheat,canal,1.159,0.191,2,3.0,12,24400.0,False,285000.0,False
F03368,3.4,False,cotton,diesel_tubewell,1.036,0.129,1,3.5,25,26000.0,True,251000.0,False
F03369,4.9,False,banana,canal,1.248,0.143,6,3.5,36,75600.0,False,781000.0,False
F03370,4.4,True,wheat,canal,1.048,0.264,4,4.0,24,46200.0,True,362000.0,False
F03371,3.4,False,sugarcane,rainfed,0.911,0.371,2,3.0,27,24400.0,True,329000.0,False
F03372,1.5,False,mango,canal,0.803,0.233,3,2.5,21,12000.0,True,160000.0,False
F03373,1.6,False,cotton,rainfed,1.203,0.309,4,3.5,22,21400.0,False,238000.0,False
F03374,2.8,False,rice,canal,1.054,0.152,4,2.5,32,20400.0,True,243000.0,False
F03375,4.0,False,cotton,diesel_tubewell,1.168,0.146,5,2.5,33,57900.0,False,398000.0,False
F03376,2.7,False,wheat,canal,1.43,0.137,1,3.5,1,22200.0,False,220000.0,False
F03377,6.1,False,cotton,diesel_tubewell,0.855,0.287,4,2.0,18,23400.0,False,395000.0,False
F03378,3.4,False,wheat,rainfed,1.073,0.336,4,3.0,22,9400.0,True,281000.0,True
F03379,2.2,True,sugarcane,diesel_tubewell,1.126,0.141,2,3.0,36,37000.0,False,273000.0,False
F03380,3.4,True,mango,canal,1.108,0.155,1,3.5,21,23700.0,True,334000.0,False
F03381,4.7,False,wheat,solar_pump,1.059,0.233,2,2.5,9,27200.0,True,288000.0,False
F03382,5.0,True,rice,diesel_tubewell,0.774,0.205,7,2.0,26,26900.0,False,326000.0,False
F03383,13.7,True,wheat,canal,0.79,0.278,5,2.5,36,70500.0,True,640000.0,False
F03384,2.6,False,wheat,diesel_tubewell,1.036,0.244,1,2.0,12,9700.0,False,150000.0,False
F03385,3.9,False,rice,diesel_tubewell,0.903,0.316,3,3.5,11,24200.0,False,278000.0,False
F03386,5.3,False,wheat,solar_pump,1.21,0.143,4,3.0,15,27200.0,True,417000.0,False
F03387,4.0,False,sugarcane,canal,1.007,0.288,5,3.0,22,85800.0,True,487000.0,True
F03388,2.9,False,wheat,canal,1.047,0.204,2,3.0,12,11700.0,False,200000.0,False
F03389,1.5,False,mango,rainfed,0.881,0.339,0,,25,10900.0,False,107000.0,False
F03390,2.9,False,cotton,diesel_tubewell,1.192,0.27,0,,14,38800.0,True,218000.0,False
F03391,2.0,False,cotton,diesel_tubewell,1.186,0.085,3,2.5,18,25400.0,True,212000.0,True
F03392,1.3,False,sugarcane,rainfed,0.904,0.291,3,3.5,23,16000.0,True,193000.0,False
F03393,2.4,False,cotton,canal,1.085,0.191,1,2.5,8,16400.0,False,185000.0,False
F03394,2.1,False,wheat,canal,1.184,0.23,1,3.0,9,8300.0,False,148000.0,False
F03395,5.9,False,mango,solar_pump,1.134,0.188,4,2.5,10,87100.0,True,625000.0,True
F03396,6.0,False,cotton,diesel_tubewell,1.082,0.171,4,4.5,32,42400.0,True,559000.0,True
F03397,2.3,False,wheat,rainfed,0.618,0.364,2,3.5,22,10400.0,True,129000.0,False
F03398,3.4,False,cotton,diesel_tubewell,1.066,0.169,2,3.5,36,15500.0,False,287000.0,False
F03399,1.2,False,rice,canal,0.833,0.165,2,3.0,10,7600.0,True,104000.0,False
F03400,2.9,False,rice,canal,1.009,0.284,1,3.0,15,15600.0,False,183000.0,False
F03401,5.3,False,mango,canal,0.837,0.224,0,,15,43000.0,False,359000.0,True
F03402,6.9,False,rice,rainfed,0.613,0.407,7,2.5,36,34500.0,True,374000.0,True
F03403,2.6,False,wheat,canal,1.021,0.168,1,2.5,24,18200.0,False,152000.0,False
F03404,8.0,True,wheat,diesel_tubewell,1.241,0.09,6,3.5,17,5600.0,True,666000.0,False
F03405,1.5,False,wheat,canal,0.847,0.217,1,3.0,20,11400.0,True,88000.0,True
F03406,1.8,False,sugarcane,canal,0.816,0.314,1,2.0,0,0.0,True,149000.0,True
F03407,6.4,False,wheat,canal,0.923,0.301,5,4.0,13,50000.0,False,459000.0,False
F03408,12.0,True,rice,diesel_tubewell,0.903,0.268,1,2.5,33,5000.0,False,606000.0,False
F03409,5.6,True,rice,canal,1.055,0.185,3,3.0,10,33700.0,True,394000.0,False
F03410,4.0,False,sugarcane,rainfed,0.778,0.302,5,2.0,12,41800.0,True,364000.0,False
F03411,1.0,True,wheat,rainfed,0.75,0.359,0,,14,2100.0,False,37000.0,True
F03412,1.1,False,wheat,canal,1.176,0.126,1,2.5,2,7200.0,False,85000.0,False
F03413,4.4,False,mango,rainfed,0.915,0.294,1,4.0,18,41000.0,True,359000.0,True
F03414,3.2,False,rice,canal,0.878,0.23,3,2.0,6,21700.0,True,202000.0,False
F03415,2.0,False,cotton,canal,0.817,0.273,1,2.0,25,3800.0,True,120000.0,False
F03416,4.2,True,sugarcane,canal,0.692,0.35,2,2.5,26,35300.0,True,303000.0,False
F03417,4.4,False,mango,solar_pump,1.404,0.04,0,,15,70200.0,False,501000.0,False
F03418,7.5,True,wheat,diesel_tubewell,1.042,0.259,4,2.5,8,58200.0,True,470000.0,True
F03419,4.4,True,mango,canal,1.263,0.264,1,3.0,27,20100.0,True,475000.0,False
F03420,9.0,True,wheat,diesel_tubewell,0.899,0.248,2,2.5,27,20800.0,True,442000.0,False
F03421,4.1,True,banana,diesel_tubewell,0.752,0.245,2,1.5,11,28400.0,True,330000.0,True
F03422,3.8,False,wheat,solar_pump,0.958,0.191,1,3.5,30,21500.0,True,209000.0,True
F03423,8.1,False,wheat,diesel_tubewell,1.048,0.178,1,3.0,19,50000.0,False,445000.0,False
F03424,2.1,False,wheat,solar_pump,1.285,0.19,1,3.0,33,9000.0,False,159000.0,False
F03425,25.3,True,mango,diesel_tubewell,1.24,0.125,8,2.5,25,219000.0,False,2708000.0,False
F03426,5.2,False,banana,canal,0.924,0.338,2,4.0,33,30400.0,False,543000.0,True
F03427,5.2,False,wheat,solar_pump,0.96,0.151,0,,10,12300.0,False,247000.0,False
F03428,5.7,False,wheat,canal,0.886,0.32,2,2.0,6,27500.0,False,283000.0,False
F03429,13.7,True,wheat,diesel_tubewell,0.69,0.206,6,2.0,28,45900.0,False,568000.0,False
F03430,6.8,False,wheat,diesel_tubewell,0.955,0.204,6,3.5,20,48900.0,True,497000.0,False
F03431,1.4,False,sugarcane,canal,0.915,0.176,2,3.0,28,10600.0,False,165000.0,False
F03432,10.1,False,wheat,canal,0.873,0.189,1,2.5,32,48300.0,False,458000.0,False
F03433,3.2,False,banana,diesel_tubewell,0.884,0.311,2,2.5,13,14700.0,True,322000.0,False
F03434,4.3,False,banana,rainfed,0.863,0.251,4,5.0,8,36400.0,True,534000.0,False
F03435,1.8,False,wheat,rainfed,0.794,0.289,4,2.5,6,7200.0,True,154000.0,False
F03436,5.7,False,cotton,diesel_tubewell,1.012,0.138,2,2.5,36,37600.0,True,405000.0,False
F03437,2.7,False,banana,canal,1.013,0.292,1,3.0,20,42500.0,True,296000.0,True
F03438,4.3,False,mango,canal,0.929,0.264,2,3.5,27,36500.0,True,382000.0,False
F03439,3.4,False,sugarcane,solar_pump,0.895,0.253,1,4.0,35,24600.0,True,307000.0,False
F03440,14.2,True,wheat,canal,0.868,0.181,5,2.5,34,54800.0,True,714000.0,False
F03441,14.7,True,wheat,solar_pump,0.802,0.285,5,2.5,36,44000.0,False,688000.0,True
F03442,4.2,False,sugarcane,canal,1.02,0.185,2,1.5,11,49300.0,True,411000.0,False
F03443,4.2,False,cotton,canal,0.929,0.182,2,3.0,25,28700.0,True,296000.0,False
F03444,3.2,False,rice,diesel_tubewell,1.087,0.162,1,3.0,7,5900.0,True,213000.0,False
F03445,8.3,True,sugarcane,diesel_tubewell,1.452,0.074,5,4.5,17,152200.0,False,1272000.0,False
F03446,3.3,False,cotton,diesel_tubewell,1.108,0.171,1,3.0,35,13900.0,True,255000.0,False
F03447,3.1,False,wheat,canal,1.095,0.165,1,2.0,10,11300.0,False,185000.0,False
F03448,7.7,False,cotton,solar_pump,1.093,0.138,2,3.5,10,57000.0,False,589000.0,False
F03449,2.9,False,mango,diesel_tubewell,1.311,0.04,2,3.0,21,22700.0,True,358000.0,False
F03450,4.0,False,wheat,solar_pump,1.185,0.135,1,2.5,33,40400.0,False,255000.0,False
F03451,1.5,False,wheat,diesel_tubewell,0.697,0.23,0,,23,3900.0,True,52000.0,False
F03452,6.4,False,banana,canal,0.964,0.199,0,,6,63800.0,True,611000.0,False
F03453,14.3,True,rice,diesel_tubewell,1.019,0.197,5,2.5,35,28400.0,True,891000.0,False
F03454,6.5,False,rice,diesel_tubewell,0.798,0.296,1,3.0,13,19200.0,True,305000.0,False
F03455,10.5,True,mango,diesel_tubewell,1.332,0.164,3,3.0,16,95400.0,False,1208000.0,False
F03456,2.3,True,cotton,diesel_tubewell,1.205,0.126,1,3.5,23,23700.0,False,204000.0,False
F03457,4.7,True,banana,canal,1.002,0.223,2,3.0,25,24500.0,True,516000.0,False
F03458,2.2,False,mango,rainfed,0.764,0.376,0,,33,16800.0,True,136000.0,True
F03459,3.5,True,wheat,canal,1.099,0.314,5,3.0,8,27600.0,True,315000.0,False
F03460,6.7,False,cotton,canal,0.805,0.272,6,2.5,17,43800.0,False,465000.0,True
F03461,4.3,False,wheat,solar_pump,1.091,0.067,3,4.0,11,19400.0,False,332000.0,False
F03462,1.6,False,rice,canal,0.925,0.23,3,3.0,22,7900.0,True,155000.0,False
F03463,1.7,True,rice,rainfed,0.962,0.387,1,2.0,10,1100.0,True,105000.0,False
F03464,1.7,False,cotton,canal,0.786,0.231,0,,12,7900.0,True,84000.0,False
F03465,5.6,True,banana,canal,1.156,0.135,3,3.5,24,76000.0,False,729000.0,False
F03466,15.5,True,cotton,canal,1.261,0.103,4,3.5,7,96100.0,False,1348000.0,False
F03467,9.8,True,sugarcane,canal,0.887,0.22,5,2.0,16,26400.0,True,866000.0,True
F03468,1.2,False,rice,canal,0.833,0.14,2,3.0,27,6700.0,True,104000.0,True
F03469,10.2,True,cotton,canal,1.021,0.193,3,3.5,17,71200.0,False,744000.0,False
F03470,7.5,True,wheat,canal,1.074,0.232,4,3.5,27,46100.0,False,516000.0,True
F03471,1.5,True,rice,canal,1.406,0.126,1,4.0,16,15600.0,True,147000.0,False
F03472,3.3,False,rice,canal,0.719,0.234,0,,31,3800.0,True,128000.0,False
F03473,8.3,True,wheat,canal,1.013,0.258,4,3.0,31,36000.0,True,516000.0,False
F03474,5.8,True,sugarcane,canal,1.1,0.168,0,,5,45900.0,True,574000.0,False
F03475,1.7,False,cotton,canal,0.809,0.259,2,1.5,32,11700.0,True,112000.0,False
F03476,6.0,False,wheat,canal,1.286,0.19,1,4.0,2,26200.0,True,415000.0,False
F03477,1.0,False,mango,canal,1.453,0.156,1,3.5,33,14900.0,False,147000.0,False
F03478,3.5,False,cotton,canal,1.083,0.286,1,3.0,23,13600.0,False,264000.0,False
F03479,8.5,True,rice,canal,1.134,0.157,4,4.0,5,59200.0,True,654000.0,False
F03480,4.1,False,rice,rainfed,0.696,0.287,3,2.0,18,15000.0,False,204000.0,False
F03481,2.9,True,wheat,canal,0.87,0.2,2,3.0,35,12500.0,True,175000.0,False
F03482,7.2,True,cotton,canal,0.928,0.428,4,2.5,23,82600.0,True,504000.0,True
F03483,7.6,False,wheat,diesel_tubewell,0.857,0.281,4,2.0,19,28100.0,False,389000.0,False
F03484,9.5,True,wheat,diesel_tubewell,1.272,0.137,1,4.0,8,43700.0,False,631000.0,False
F03485,7.2,True,rice,canal,0.98,0.248,5,2.5,13,17400.0,True,485000.0,False
F03486,8.2,True,wheat,solar_pump,1.184,0.152,3,3.0,30,64700.0,False,556000.0,False
F03487,6.5,False,banana,diesel_tubewell,1.035,0.28,3,2.5,31,47500.0,True,729000.0,False
F03488,4.8,True,cotton,rainfed,0.93,0.208,4,4.0,16,34100.0,False,414000.0,False
F03489,4.3,True,wheat,rainfed,0.609,0.394,3,2.0,20,9900.0,True,180000.0,False
F03490,3.5,True,mango,diesel_tubewell,0.868,0.272,3,2.5,25,30000.0,True,309000.0,True
F03491,1.8,False,cotton,diesel_tubewell,0.976,0.283,2,2.0,36,16500.0,False,144000.0,False
F03492,2.2,False,rice,canal,1.312,0.105,1,4.5,7,24500.0,False,193000.0,False
F03493,3.4,True,sugarcane,rainfed,0.622,0.361,2,2.0,2,17800.0,True,224000.0,True
F03494,4.7,True,mango,diesel_tubewell,0.825,0.184,2,2.0,1,22100.0,True,347000.0,True
F03495,10.3,True,wheat,canal,0.81,0.307,4,1.5,20,28400.0,True,463000.0,True
F03496,3.9,False,wheat,canal,0.977,0.304,3,2.0,13,20000.0,False,239000.0,False
F03497,7.8,False,banana,diesel_tubewell,0.849,0.167,4,2.5,3,67800.0,True,739000.0,True
F03498,8.2,True,wheat,diesel_tubewell,1.16,0.254,2,3.0,15,52800.0,False,521000.0,False
F03499,3.5,False,sugarcane,solar_pump,1.176,0.148,4,3.0,22,25900.0,True,470000.0,False
F03500,6.0,False,rice,canal,0.964,0.231,3,2.0,15,31800.0,True,362000.0,False
F03501,3.5,False,rice,solar_pump,1.078,0.141,5,3.5,25,17300.0,False,350000.0,False
F03502,9.6,True,sugarcane,canal,0.954,0.284,9,3.0,8,82900.0,False,1050000.0,False
F03503,6.1,False,banana,diesel_tubewell,1.466,0.084,3,5.0,36,131200.0,False,1011000.0,False
F03504,1.9,False,wheat,canal,0.81,0.353,3,3.0,17,11500.0,False,151000.0,False
F03505,4.5,True,rice,canal,1.069,0.148,4,3.5,18,20300.0,True,376000.0,False
F03506,11.8,True,sugarcane,canal,1.162,0.107,3,4.5,18,128000.0,True,1347000.0,False
F03507,3.6,False,wheat,canal,0.857,0.222,5,3.0,34,31400.0,False,278000.0,False
F03508,5.4,False,mango,canal,0.993,0.22,5,3.0,10,32300.0,False,559000.0,False
F03509,5.8,False,cotton,solar_pump,0.961,0.156,2,2.0,18,14700.0,True,385000.0,False
F03510,2.1,False,wheat,canal,0.939,0.298,1,4.0,12,7400.0,False,131000.0,False
F03511,5.7,False,mango,solar_pump,1.162,0.134,1,2.5,22,38300.0,False,557000.0,False
F03512,1.6,True,banana,diesel_tubewell,0.947,0.245,3,2.0,20,26800.0,False,200000.0,False
F03513,2.7,False,wheat,canal,0.828,0.242,6,1.5,34,6800.0,True,186000.0,False
F03514,8.2,True,sugarcane,rainfed,1.15,0.295,5,3.5,1,26700.0,True,994000.0,False
F03515,5.1,False,wheat,solar_pump,1.129,0.187,3,3.5,27,34400.0,False,372000.0,False
F03516,3.3,False,wheat,solar_pump,0.938,0.203,1,2.0,1,10100.0,False,170000.0,False
F03517,5.4,False,wheat,solar_pump,1.004,0.2,4,3.0,20,18500.0,True,368000.0,False
F03518,3.9,False,mango,diesel_tubewell,0.752,0.266,4,1.5,16,30200.0,True,288000.0,True
F03519,4.1,True,wheat,rainfed,0.96,0.3,3,3.0,3,23300.0,False,270000.0,True
F03520,6.2,True,wheat,canal,1.014,0.298,0,,2,36400.0,False,311000.0,False
F03521,2.5,False,sugarcane,canal,1.069,0.271,3,2.5,29,32700.0,True,303000.0,False
F03522,4.2,True,cotton,diesel_tubewell,1.005,0.259,1,2.0,27,12200.0,True,283000.0,True
F03523,3.3,False,wheat,canal,0.952,0.26,2,2.0,21,5200.0,False,189000.0,False
F03524,1.4,False,wheat,diesel_tubewell,1.144,0.092,1,3.5,21,13100.0,False,108000.0,False
F03525,2.2,False,sugarcane,canal,1.162,0.186,1,3.5,3,20500.0,False,259000.0,False
F03526,11.2,True,rice,canal,1.149,0.129,4,3.5,0,0.0,False,811000.0,False
F03527,5.2,True,sugarcane,rainfed,0.593,0.382,4,3.0,30,43600.0,True,378000.0,False
F03528,1.7,False,wheat,canal,1.097,0.281,4,3.0,12,24800.0,False,192000.0,False
F03529,1.5,False,cotton,canal,1.048,0.207,1,3.0,29,6400.0,True,124000.0,False
F03530,3.8,False,sugarcane,diesel_tubewell,1.009,0.064,4,3.5,3,37200.0,True,462000.0,False
F03531,11.2,False,wheat,solar_pump,0.867,0.169,2,3.0,24,58500.0,False,531000.0,False
F03532,3.6,False,wheat,rainfed,0.732,0.398,3,2.0,33,14500.0,True,180000.0,True
F03533,9.5,True,cotton,canal,1.133,0.148,5,4.5,13,73800.0,False,866000.0,False
F03534,5.1,False,wheat,rainfed,0.698,0.417,0,,11,16100.0,True,176000.0,True
F03535,5.5,True,wheat,diesel_tubewell,1.217,0.14,3,4.0,27,25500.0,False,431000.0,False
F03536,1.7,False,banana,solar_pump,1.203,0.165,2,3.5,14,14000.0,True,261000.0,False
F03537,7.5,True,cotton,canal,1.002,0.242,2,3.0,12,40400.0,False,524000.0,False
F03538,3.3,False,rice,canal,0.928,0.273,2,3.0,29,15000.0,True,215000.0,False
F03539,7.1,True,wheat,diesel_tubewell,0.971,0.135,2,4.5,25,22500.0,True,416000.0,False
F03540,2.4,False,rice,diesel_tubewell,0.992,0.24,3,2.0,8,14100.0,True,179000.0,False
F03541,4.5,False,rice,canal,0.884,0.339,2,3.5,16,10900.0,False,273000.0,False
F03542,5.1,False,banana,diesel_tubewell,1.008,0.088,6,3.0,7,71600.0,True,659000.0,False
F03543,3.7,False,cotton,diesel_tubewell,0.801,0.268,5,2.0,18,27800.0,True,270000.0,True
F03544,5.3,True,sugarcane,canal,1.145,0.095,0,,29,58000.0,True,546000.0,False
F03545,3.4,False,wheat,diesel_tubewell,0.885,0.152,1,1.5,24,8900.0,True,161000.0,False
F03546,2.7,False,rice,canal,0.894,0.24,1,3.0,19,7900.0,True,155000.0,False
F03547,11.5,True,banana,rainfed,0.968,0.287,5,4.5,11,164300.0,False,1290000.0,False
F03548,8.0,True,rice,diesel_tubewell,0.908,0.226,3,2.5,9,34900.0,True,455000.0,False
F03549,2.5,False,sugarcane,diesel_tubewell,1.12,0.251,4,2.5,23,34300.0,False,335000.0,False
F03550,5.9,True,mango,rainfed,1.12,0.29,3,4.5,5,29100.0,True,648000.0,False
F03551,2.5,False,banana,diesel_tubewell,0.844,0.252,2,2.5,32,18500.0,True,251000.0,False
F03552,1.9,False,wheat,canal,1.123,0.145,1,4.0,29,17100.0,True,139000.0,False
F03553,7.9,True,wheat,diesel_tubewell,1.084,0.194,6,3.0,28,50400.0,False,574000.0,False
F03554,1.3,False,rice,rainfed,1.004,0.115,1,4.0,7,7800.0,False,104000.0,False
F03555,7.4,False,banana,canal,1.408,0.235,2,5.0,12,114000.0,True,1115000.0,False
F03556,3.4,False,cotton,diesel_tubewell,0.974,0.282,1,2.0,18,21200.0,True,225000.0,False
F03557,3.5,False,wheat,canal,0.875,0.312,1,2.5,30,26300.0,False,172000.0,False
F03558,5.3,False,cotton,solar_pump,1.307,0.213,3,3.0,7,43300.0,True,512000.0,False
F03559,5.9,False,wheat,diesel_tubewell,1.188,0.099,5,4.0,30,53900.0,True,514000.0,False
F03560,2.4,True,wheat,rainfed,0.747,0.393,0,,13,7000.0,True,89000.0,True
F03561,6.5,False,wheat,diesel_tubewell,1.172,0.192,0,,32,19000.0,True,377000.0,False
F03562,4.4,False,wheat,canal,1.268,0.133,1,5.0,3,30900.0,False,318000.0,False
F03563,1.8,False,sugarcane,diesel_tubewell,1.002,0.129,0,,27,5600.0,False,162000.0,False
F03564,3.6,False,wheat,rainfed,1.033,0.292,1,3.0,0,0.0,False,209000.0,False
F03565,10.0,True,wheat,canal,1.292,0.17,7,4.5,12,35600.0,False,902000.0,False
F03566,12.1,True,cotton,canal,1.363,0.079,8,4.5,21,72100.0,False,1339000.0,False
F03567,6.5,True,wheat,diesel_tubewell,0.926,0.184,3,3.0,27,19000.0,False,373000.0,False
F03568,1.9,True,cotton,diesel_tubewell,1.106,0.048,3,3.5,21,22900.0,True,220000.0,True
F03569,5.6,False,wheat,canal,0.901,0.216,1,4.0,13,13000.0,False,283000.0,False
F03570,7.1,True,wheat,canal,0.96,0.277,4,2.5,7,42200.0,False,421000.0,True
F03571,6.5,True,rice,canal,0.858,0.294,3,3.5,13,23700.0,True,389000.0,False
F03572,6.8,True,wheat,diesel_tubewell,0.66,0.314,8,1.5,7,25600.0,True,322000.0,False
F03573,5.1,True,wheat,diesel_tubewell,0.812,0.302,3,2.0,1,16700.0,True,255000.0,True
F03574,3.9,False,wheat,diesel_tubewell,1.187,0.241,1,3.0,28,40900.0,True,254000.0,False
F03575,2.7,False,wheat,solar_pump,1.152,0.112,2,3.5,36,5900.0,False,212000.0,False
F03576,1.2,False,wheat,canal,0.911,0.316,0,,16,5400.0,True,54000.0,False
F03577,5.1,False,cotton,diesel_tubewell,1.232,0.193,5,3.5,12,45000.0,False,542000.0,False
F03578,4.6,True,wheat,canal,0.888,0.184,4,3.0,22,17300.0,True,302000.0,False
F03579,5.8,True,wheat,canal,1.144,0.148,1,3.5,0,0.0,True,358000.0,True
F03580,1.7,False,mango,diesel_tubewell,0.958,0.141,1,2.5,10,7800.0,False,153000.0,False
F03581,6.2,False,wheat,diesel_tubewell,1.058,0.097,1,2.5,16,16400.0,True,346000.0,False
F03582,15.4,True,wheat,rainfed,0.982,0.242,7,3.5,21,43000.0,False,953000.0,False
F03583,4.3,False,cotton,canal,1.161,0.168,8,4.0,10,50000.0,False,581000.0,False
F03584,3.9,False,wheat,canal,1.194,0.259,4,3.5,15,22000.0,False,347000.0,False
F03585,5.0,False,sugarcane,canal,1.12,0.175,4,4.0,8,34700.0,True,638000.0,False
F03586,15.2,True,wheat,diesel_tubewell,0.843,0.155,5,2.0,10,68000.0,True,717000.0,False
F03587,2.1,True,cotton,canal,1.072,0.169,1,3.0,12,19900.0,True,167000.0,True
F03588,4.6,True,banana,rainfed,0.744,0.338,0,,20,12200.0,True,339000.0,True
F03589,2.4,False,wheat,solar_pump,1.044,0.126,2,3.0,33,16400.0,False,174000.0,False
F03590,2.8,False,wheat,diesel_tubewell,0.995,0.185,2,2.5,2,18100.0,True,180000.0,False
F03591,3.9,True,rice,diesel_tubewell,1.131,0.205,1,3.0,7,33100.0,True,263000.0,False
F03592,9.7,False,banana,canal,1.059,0.169,3,3.5,4,81400.0,False,1104000.0,False
F03593,13.1,True,cotton,diesel_tubewell,0.959,0.115,4,2.5,6,117900.0,True,875000.0,False
F03594,5.4,True,rice,diesel_tubewell,1.137,0.166,2,3.0,16,39200.0,False,381000.0,False
F03595,3.2,True,wheat,rainfed,0.608,0.337,5,3.0,35,4600.0,True,221000.0,True
F03596,20.5,True,rice,diesel_tubewell,0.996,0.262,3,3.5,11,111100.0,True,1191000.0,False
F03597,3.1,True,wheat,canal,0.92,0.262,3,2.0,26,15800.0,True,191000.0,False
F03598,2.8,False,rice,canal,0.988,0.201,1,4.0,29,21200.0,True,183000.0,False
F03599,1.3,True,wheat,canal,0.793,0.298,2,2.0,7,10300.0,True,84000.0,False
F03600,10.0,False,cotton,rainfed,0.955,0.212,6,2.5,7,37000.0,True,726000.0,False
F03601,7.6,True,wheat,solar_pump,0.968,0.21,2,1.5,26,44200.0,True,389000.0,False
F03602,19.5,True,rice,solar_pump,1.167,0.072,4,3.5,4,106300.0,False,1345000.0,False
F03603,1.6,False,sugarcane,rainfed,0.772,0.357,2,3.5,30,10100.0,True,169000.0,True
F03604,10.5,True,mango,canal,0.937,0.205,7,3.0,2,127900.0,True,972000.0,False
F03605,4.2,False,banana,diesel_tubewell,1.217,0.167,3,3.0,21,39200.0,False,581000.0,False
F03606,6.8,False,cotton,diesel_tubewell,0.877,0.211,7,2.5,30,44000.0,True,522000.0,False
F03607,1.4,False,rice,canal,0.843,0.274,3,3.0,34,11200.0,True,139000.0,True
F03608,10.5,True,wheat,diesel_tubewell,1.137,0.161,3,3.5,31,68200.0,True,678000.0,False
F03609,6.8,True,mango,diesel_tubewell,0.79,0.27,2,2.5,23,60700.0,False,477000.0,True
F03610,4.0,True,rice,rainfed,0.653,0.456,2,2.5,33,25000.0,True,183000.0,True
F03611,6.2,False,cotton,canal,0.749,0.243,2,2.5,18,37900.0,True,334000.0,False
F03612,2.5,False,cotton,rainfed,0.678,0.367,4,2.0,32,4700.0,True,173000.0,False
F03613,2.8,False,sugarcane,rainfed,0.974,0.465,4,3.0,36,45600.0,True,346000.0,True
F03614,3.0,False,mango,rainfed,0.947,0.313,2,4.0,32,30700.0,True,297000.0,False
F03615,1.2,False,mango,canal,1.048,0.063,1,4.0,25,16200.0,False,135000.0,False
F03616,7.1,False,cotton,canal,1.246,0.115,5,2.5,36,48500.0,False,662000.0,False
F03617,8.8,True,cotton,diesel_tubewell,1.06,0.119,3,3.5,36,56000.0,False,675000.0,False
F03618,2.6,False,banana,canal,1.091,0.267,3,3.0,14,40900.0,True,356000.0,False
F03619,5.1,False,rice,canal,1.036,0.23,2,3.0,11,50400.0,True,335000.0,True
F03620,3.4,True,rice,solar_pump,1.053,0.215,3,2.5,24,23000.0,True,256000.0,False
F03621,5.0,False,rice,canal,1.157,0.244,8,3.0,17,21400.0,False,512000.0,False
F03622,2.7,False,rice,canal,1.213,0.211,1,2.5,1,20400.0,True,198000.0,False
F03623,2.3,False,sugarcane,rainfed,1.01,0.206,1,3.0,11,18100.0,False,234000.0,True
F03624,8.0,True,rice,canal,1.043,0.25,3,3.5,32,25900.0,False,538000.0,False
F03625,3.9,False,mango,rainfed,1.19,0.305,1,4.0,33,32300.0,True,409000.0,False
F03626,15.1,True,mango,canal,1.073,0.166,3,4.5,5,141400.0,False,1425000.0,False
F03627,4.2,False,cotton,canal,0.785,0.235,1,2.5,25,27100.0,False,228000.0,False
F03628,2.2,False,wheat,canal,0.928,0.269,3,2.0,25,10200.0,True,151000.0,False
F03629,9.0,True,rice,canal,0.989,0.228,2,4.0,29,37600.0,False,547000.0,False
F03630,6.1,False,rice,canal,0.793,0.339,4,1.5,12,24900.0,True,311000.0,False
F03631,6.5,True,cotton,rainfed,0.769,0.366,4,3.0,28,58800.0,True,415000.0,True
F03632,8.8,False,mango,rainfed,0.841,0.353,2,2.5,21,82100.0,True,641000.0,False
F03633,2.7,False,wheat,canal,1.101,0.246,1,2.0,6,16700.0,False,164000.0,False
F03634,3.7,True,wheat,canal,1.212,0.258,3,2.5,29,28700.0,False,284000.0,False
F03635,3.6,False,mango,diesel_tubewell,0.732,0.261,1,1.5,35,16500.0,True,226000.0,False
F03636,1.8,False,banana,diesel_tubewell,0.982,0.174,2,3.0,18,24500.0,False,225000.0,False
F03637,3.4,True,cotton,canal,1.31,0.192,2,3.5,4,17000.0,False,339000.0,True
F03638,9.7,True,wheat,canal,1.183,0.148,6,3.0,35,71300.0,False,718000.0,False
F03639,4.7,True,cotton,canal,1.149,0.227,0,,5,5300.0,True,340000.0,False
F03640,1.7,False,cotton,diesel_tubewell,0.95,0.158,1,2.0,11,3400.0,False,118000.0,False
F03641,1.5,False,cotton,canal,0.951,0.254,3,2.5,10,2900.0,False,152000.0,True
F03642,12.0,True,wheat,solar_pump,1.017,0.222,2,3.0,20,95500.0,False,654000.0,False
F03643,3.8,False,wheat,canal,0.892,0.21,2,2.5,9,16300.0,True,209000.0,False
F03644,2.7,False,rice,canal,1.018,0.235,1,3.5,31,6800.0,True,178000.0,False
F03645,3.4,False,rice,diesel_tubewell,0.838,0.199,1,3.0,12,29400.0,True,179000.0,False
F03646,1.6,False,rice,canal,0.686,0.335,1,1.0,20,3900.0,True,68000.0,False
F03647,10.2,False,cotton,rainfed,0.754,0.441,5,3.0,5,61500.0,True,610000.0,False
F03648,3.1,False,wheat,diesel_tubewell,0.914,0.168,2,3.5,19,11400.0,True,199000.0,False
F03649,9.9,True,cotton,rainfed,0.682,0.191,2,2.5,8,51300.0,False,467000.0,False
F03650,4.2,True,banana,diesel_tubewell,1.087,0.259,0,,14,37500.0,True,452000.0,True
F03651,10.3,False,cotton,canal,0.759,0.277,6,3.0,18,37500.0,True,642000.0,True
F03652,4.8,False,rice,canal,1.106,0.187,2,3.0,28,13100.0,False,337000.0,False
F03653,7.1,False,cotton,diesel_tubewell,1.456,0.16,2,3.5,30,42400.0,True,710000.0,False
F03654,6.5,False,mango,diesel_tubewell,1.068,0.167,2,4.0,13,31300.0,True,629000.0,False
F03655,6.1,True,cotton,canal,1.077,0.141,1,3.0,12,10800.0,True,439000.0,False
F03656,5.1,False,cotton,canal,1.208,0.196,5,3.5,9,57600.0,False,534000.0,False
F03657,3.5,False,mango,canal,1.057,0.24,2,2.5,33,41100.0,True,341000.0,False
F03658,14.1,True,wheat,canal,1.074,0.26,5,3.5,4,54300.0,False,895000.0,False
F03659,2.2,False,rice,canal,0.861,0.323,0,,3,1400.0,True,102000.0,True
F03660,4.1,False,cotton,diesel_tubewell,1.162,0.16,3,3.0,15,35800.0,True,375000.0,False
F03661,4.1,True,banana,rainfed,0.917,0.296,1,3.0,14,35200.0,False,397000.0,False
F03662,5.3,False,sugarcane,canal,0.933,0.308,0,,10,22200.0,False,445000.0,False
F03663,3.1,False,wheat,canal,1.151,0.151,1,4.0,16,17100.0,False,210000.0,False
F03664,5.0,False,mango,canal,0.916,0.32,3,3.5,36,3800.0,True,458000.0,True
F03665,3.6,False,sugarcane,canal,0.969,0.279,1,2.5,9,28000.0,False,335000.0,True
F03666,1.5,False,rice,diesel_tubewell,1.204,0.153,1,3.0,22,9600.0,True,123000.0,False
F03667,4.1,False,wheat,canal,0.991,0.15,2,3.0,26,32100.0,True,251000.0,False
F03668,2.0,False,wheat,rainfed,0.827,0.374,1,2.5,36,9400.0,True,103000.0,False
F03669,1.3,False,rice,rainfed,0.79,0.33,3,3.0,31,11300.0,False,130000.0,True
F03670,4.4,False,cotton,diesel_tubewell,1.11,0.193,6,3.0,25,68100.0,True,458000.0,False
F03671,5.6,False,mango,rainfed,0.653,0.308,3,1.5,30,19000.0,True,334000.0,True
F03672,5.7,True,wheat,diesel_tubewell,0.944,0.193,4,3.5,31,12800.0,True,383000.0,False
F03673,5.9,False,rice,rainfed,0.781,0.342,3,2.0,29,34000.0,True,299000.0,False
F03674,1.2,False,wheat,canal,0.853,0.245,2,4.0,4,13900.0,False,117000.0,False
F03675,1.7,False,rice,rainfed,1.049,0.224,2,3.5,12,18400.0,False,155000.0,False
F03676,14.6,True,wheat,canal,1.013,0.088,3,3.0,25,61000.0,False,807000.0,False
F03677,2.1,False,cotton,canal,0.932,0.235,2,2.5,32,9800.0,True,165000.0,True
F03678,6.0,True,wheat,rainfed,0.845,0.26,2,2.5,4,12300.0,True,293000.0,False
F03679,2.6,False,rice,canal,0.904,0.188,3,2.5,36,10200.0,True,189000.0,False
F03680,4.3,True,wheat,canal,1.202,0.189,2,4.0,5,10700.0,False,323000.0,False
F03681,2.7,False,sugarcane,canal,1.074,0.111,2,2.5,7,20800.0,True,303000.0,False
F03682,5.8,True,wheat,canal,1.046,0.227,4,2.5,2,53200.0,False,384000.0,False
F03683,4.4,True,rice,canal,0.531,0.314,1,2.5,23,9600.0,True,147000.0,True
F03684,3.0,False,rice,canal,0.801,0.236,0,,23,11400.0,True,130000.0,False
F03685,2.0,False,wheat,diesel_tubewell,1.048,0.156,4,2.0,32,17300.0,False,170000.0,False
F03686,4.8,True,wheat,solar_pump,1.169,0.165,3,3.0,24,25200.0,True,353000.0,True
F03687,1.8,False,wheat,canal,0.95,0.227,1,3.5,3,8100.0,False,114000.0,False
F03688,5.4,False,rice,rainfed,0.948,0.248,4,3.0,10,47500.0,False,377000.0,False
F03689,22.4,True,banana,diesel_tubewell,1.063,0.208,6,2.5,12,222200.0,True,2481000.0,True
F03690,9.8,False,wheat,solar_pump,0.722,0.151,5,1.5,33,49900.0,True,413000.0,False
F03691,6.5,False,sugarcane,solar_pump,0.819,0.219,3,2.5,26,88300.0,True,542000.0,True
F03692,3.8,False,sugarcane,rainfed,0.927,0.261,2,4.0,34,20900.0,True,384000.0,True
F03693,1.2,False,rice,canal,0.938,0.207,2,2.5,30,8000.0,True,102000.0,False
F03694,1.7,False,cotton,diesel_tubewell,0.929,0.173,4,3.0,29,15500.0,True,199000.0,True
F03695,9.3,True,banana,rainfed,0.956,0.278,1,2.5,16,60200.0,False,901000.0,False
F03696,2.4,False,cotton,diesel_tubewell,0.946,0.198,4,3.5,23,17900.0,True,260000.0,False
F03697,2.6,False,mango,canal,1.036,0.161,2,3.0,28,34900.0,False,268000.0,False
F03698,3.6,False,wheat,diesel_tubewell,1.104,0.179,1,2.5,22,18800.0,True,218000.0,False
F03699,2.0,False,mango,solar_pump,1.017,0.168,1,2.5,15,30900.0,False,186000.0,False
F03700,1.8,False,banana,canal,1.23,0.343,5,3.0,14,24000.0,True,344000.0,False
F03701,3.9,False,mango,diesel_tubewell,0.807,0.34,1,2.0,33,36300.0,True,272000.0,False
F03702,2.3,False,wheat,rainfed,0.947,0.387,5,2.5,16,30100.0,True,212000.0,False
F03703,2.5,False,mango,diesel_tubewell,1.115,0.08,2,3.0,14,22200.0,True,276000.0,False
F03704,2.4,False,wheat,canal,0.789,0.185,1,3.5,5,12100.0,True,123000.0,True
F03705,5.7,False,rice,diesel_tubewell,0.854,0.218,5,2.0,21,39000.0,False,346000.0,False
F03706,3.5,False,cotton,diesel_tubewell,1.093,0.297,1,3.0,35,17200.0,False,266000.0,False
F03707,3.6,False,rice,canal,0.976,0.367,2,3.0,28,33300.0,True,240000.0,False
F03708,6.0,True,cotton,diesel_tubewell,0.913,0.181,2,2.5,21,21800.0,False,387000.0,False
F03709,3.7,False,wheat,canal,1.319,0.11,2,4.5,12,20900.0,False,317000.0,False
F03710,3.4,True,wheat,rainfed,0.879,0.33,1,2.0,14,10900.0,True,165000.0,False
F03711,5.5,False,wheat,solar_pump,0.825,0.192,1,2.5,16,22300.0,True,245000.0,True
F03712,6.3,True,cotton,solar_pump,0.89,0.192,0,,7,33300.0,True,353000.0,False
F03713,3.7,False,mango,diesel_tubewell,1.073,0.195,1,3.5,27,21800.0,True,351000.0,False
F03714,4.3,False,sugarcane,canal,0.899,0.365,1,2.5,15,29300.0,True,369000.0,False
F03715,2.4,True,sugarcane,diesel_tubewell,1.168,0.152,4,4.0,30,17800.0,False,386000.0,False
F03716,2.3,False,mango,canal,0.975,0.316,3,3.5,6,32900.0,False,269000.0,True
F03717,6.7,False,cotton,diesel_tubewell,1.13,0.068,4,3.0,1,61500.0,False,577000.0,False
F03718,5.4,True,cotton,canal,0.92,0.265,1,4.5,29,25200.0,False,351000.0,True
F03719,5.5,False,cotton,diesel_tubewell,1.064,0.12,3,3.0,2,34100.0,False,444000.0,False
F03720,4.9,True,wheat,diesel_tubewell,0.684,0.37,1,2.5,26,11400.0,True,187000.0,True
F03721,4.2,True,rice,canal,0.909,0.312,2,1.5,11,12100.0,False,231000.0,True
F03722,6.4,True,sugarcane,canal,1.105,0.196,3,3.5,27,34200.0,False,724000.0,True
F03723,7.4,False,rice,canal,1.186,0.143,1,4.0,28,26600.0,True,507000.0,False
F03724,7.3,False,sugarcane,canal,0.796,0.25,6,2.0,25,71800.0,True,623000.0,False
F03725,3.8,False,wheat,canal,0.611,0.27,2,1.5,14,16500.0,True,140000.0,True
F03726,10.0,False,sugarcane,rainfed,0.985,0.372,6,3.0,33,39000.0,False,1036000.0,True
F03727,4.7,False,wheat,rainfed,0.924,0.341,1,4.0,17,26500.0,True,248000.0,False
F03728,6.1,False,mango,rainfed,0.906,0.378,4,3.0,6,23300.0,True,548000.0,False
F03729,4.9,False,wheat,canal,1.024,0.305,1,4.0,23,30600.0,False,282000.0,False
F03730,4.8,False,cotton,canal,0.565,0.284,5,2.5,19,23700.0,True,275000.0,True
F03731,2.5,False,cotton,diesel_tubewell,1.059,0.228,2,2.5,0,0.0,False,208000.0,False
F03732,6.4,True,wheat,diesel_tubewell,1.104,0.211,2,1.5,22,36800.0,False,375000.0,False
F03733,25.8,True,cotton,diesel_tubewell,0.96,0.215,4,2.0,3,208800.0,False,1627000.0,False
F03734,3.2,False,wheat,solar_pump,0.838,0.273,2,2.0,36,3500.0,True,166000.0,False
F03735,4.2,True,rice,diesel_tubewell,1.107,0.188,2,2.5,3,35500.0,False,293000.0,False
F03736,3.0,False,mango,diesel_tubewell,1.242,0.125,0,,13,17100.0,False,302000.0,False
F03737,3.0,False,wheat,rainfed,0.681,0.365,1,2.5,14,15900.0,True,122000.0,True
F03738,11.1,True,cotton,canal,0.954,0.229,2,2.5,10,79500.0,False,709000.0,False
F03739,2.6,False,mango,solar_pump,1.008,0.139,3,2.5,16,12600.0,True,275000.0,False
F03740,3.0,False,cotton,diesel_tubewell,0.944,0.223,3,4.0,2,17800.0,False,278000.0,False
F03741,1.4,False,mango,canal,1.185,0.118,3,3.5,35,22000.0,False,222000.0,False
F03742,2.5,False,cotton,rainfed,1.159,0.308,4,3.0,35,32500.0,False,283000.0,False
F03743,1.3,False,cotton,rainfed,1.028,0.359,5,3.0,4,20800.0,False,209000.0,True
F03744,6.1,True,wheat,solar_pump,1.279,0.114,2,3.5,9,42800.0,False,445000.0,False
F03745,25.0,True,wheat,canal,0.93,0.262,7,2.5,17,80400.0,False,1296000.0,False
F03746,3.2,True,rice,canal,1.498,0.129,1,5.0,4,25400.0,False,300000.0,False
F03747,1.4,False,mango,diesel_tubewell,1.241,0.069,0,,10,11400.0,False,141000.0,False
F03748,7.3,True,wheat,canal,1.177,0.331,5,3.5,33,19000.0,False,571000.0,False
F03749,2.5,False,mango,canal,0.907,0.081,1,3.0,21,19700.0,False,209000.0,False
F03750,9.4,True,cotton,canal,0.877,0.302,2,3.0,34,40500.0,True,569000.0,True
F03751,3.4,False,cotton,canal,1.105,0.167,5,2.5,9,44000.0,False,341000.0,False
F03752,2.7,True,mango,diesel_tubewell,1.187,0.215,5,4.0,20,52100.0,True,426000.0,False
F03753,3.6,False,mango,diesel_tubewell,1.681,0.057,4,4.0,36,55800.0,True,624000.0,False
F03754,6.6,True,cotton,canal,0.912,0.354,2,2.5,10,50600.0,False,421000.0,False
F03755,3.5,False,wheat,diesel_tubewell,1.08,0.166,4,3.0,27,29800.0,False,287000.0,False
F03756,2.9,False,wheat,canal,0.981,0.168,1,2.5,18,13300.0,False,162000.0,False
F03757,3.6,False,wheat,canal,1.294,0.053,3,3.0,11,11000.0,False,306000.0,False
F03758,1.8,False,sugarcane,diesel_tubewell,0.893,0.281,2,3.0,4,15200.0,True,195000.0,True
F03759,5.2,False,wheat,diesel_tubewell,1.483,0.061,3,3.5,35,33900.0,False,469000.0,False
F03760,1.3,False,sugarcane,canal,1.131,0.231,5,4.0,4,23800.0,True,299000.0,False
F03761,3.0,False,wheat,diesel_tubewell,0.815,0.306,4,2.0,4,14200.0,True,188000.0,False
F03762,6.6,False,cotton,canal,0.752,0.274,3,3.0,17,46600.0,True,388000.0,False
F03763,4.9,True,cotton,diesel_tubewell,0.933,0.224,2,3.0,3,41900.0,True,338000.0,True
F03764,6.0,False,cotton,canal,1.013,0.191,1,2.5,31,27100.0,True,404000.0,False
F03765,3.9,True,rice,diesel_tubewell,0.956,0.154,4,2.5,27,11200.0,True,285000.0,False
F03766,8.7,True,banana,diesel_tubewell,1.032,0.105,5,3.0,5,51700.0,True,1014000.0,False
F03767,7.4,False,mango,canal,1.061,0.218,5,3.5,33,97500.0,False,782000.0,False
F03768,5.4,False,sugarcane,diesel_tubewell,1.157,0.196,1,4.5,23,69100.0,False,600000.0,False
F03769,7.4,True,wheat,solar_pump,1.223,0.154,4,4.0,25,26400.0,False,581000.0,False
F03770,6.6,False,mango,canal,1.189,0.18,4,3.0,12,25300.0,False,735000.0,False
F03771,3.0,False,mango,diesel_tubewell,1.094,0.156,4,2.5,31,22200.0,False,349000.0,False
F03772,1.7,False,mango,solar_pump,1.119,0.217,3,2.5,2,31000.0,True,217000.0,False
F03773,5.3,True,cotton,canal,0.748,0.251,3,1.5,36,28000.0,True,287000.0,False
F03774,5.8,False,wheat,rainfed,0.743,0.317,6,3.0,9,27400.0,False,363000.0,False
F03775,8.2,True,sugarcane,canal,0.935,0.204,3,3.5,5,61600.0,False,778000.0,False
F03776,2.2,False,cotton,solar_pump,1.202,0.151,1,3.5,2,4000.0,False,196000.0,False
F03777,2.2,False,cotton,rainfed,0.643,0.36,2,2.5,3,9600.0,True,131000.0,False
F03778,5.5,True,cotton,rainfed,0.817,0.304,4,3.0,6,47700.0,True,383000.0,False
F03779,3.9,True,rice,diesel_tubewell,0.916,0.233,4,2.5,19,19400.0,True,276000.0,False
F03780,1.2,False,wheat,diesel_tubewell,0.889,0.147,1,3.5,11,6200.0,True,82000.0,False
F03781,5.2,False,rice,canal,1.146,0.201,4,4.0,19,42900.0,True,455000.0,False
F03782,1.2,False,rice,canal,0.968,0.253,3,3.0,6,6300.0,True,138000.0,False
F03783,2.2,False,cotton,rainfed,0.804,0.312,3,3.5,30,18800.0,False,199000.0,False
F03784,9.8,False,wheat,canal,1.013,0.225,4,2.5,14,32000.0,True,575000.0,True
F03785,13.3,True,banana,solar_pump,1.323,0.134,3,3.5,21,122000.0,True,1830000.0,False
F03786,1.8,False,cotton,canal,1.17,0.085,0,,0,0.0,False,133000.0,False
F03787,3.3,False,cotton,canal,1.016,0.169,2,2.0,12,17300.0,False,245000.0,False
F03788,4.2,False,cotton,canal,1.338,0.126,4,5.0,1,45200.0,True,521000.0,False
F03789,12.9,True,cotton,diesel_tubewell,0.96,0.201,6,2.5,12,73200.0,True,905000.0,False
F03790,2.9,False,rice,canal,1.216,0.113,4,3.0,28,22400.0,True,290000.0,False
F03791,3.0,False,wheat,canal,0.794,0.292,0,,16,10300.0,False,118000.0,True
F03792,11.1,True,mango,rainfed,1.161,0.247,3,4.0,28,60700.0,True,1144000.0,False
F03793,3.2,False,wheat,solar_pump,1.203,0.04,3,4.0,2,3300.0,False,290000.0,False
F03794,6.5,True,banana,solar_pump,0.862,0.296,6,3.5,14,60600.0,True,730000.0,False
F03795,1.6,False,rice,canal,0.979,0.293,3,3.0,0,0.0,False,160000.0,False
F03796,3.6,False,wheat,canal,1.243,0.182,3,4.0,36,31700.0,False,321000.0,False
F03797,1.4,False,rice,diesel_tubewell,0.826,0.166,4,1.5,35,7300.0,False,112000.0,False
F03798,2.0,False,wheat,canal,1.04,0.192,3,2.5,10,3300.0,True,165000.0,False
F03799,7.0,False,banana,canal,1.004,0.162,6,3.0,27,67100.0,False,846000.0,False
F03800,3.9,False,sugarcane,rainfed,0.821,0.317,2,3.0,27,40000.0,True,338000.0,False
F03801,3.3,False,cotton,canal,0.844,0.274,4,2.0,14,22700.0,True,242000.0,True
F03802,2.5,True,cotton,rainfed,0.945,0.239,2,3.5,16,7500.0,False,207000.0,True
F03803,3.5,False,banana,canal,0.934,0.244,1,3.0,36,21800.0,True,349000.0,False
F03804,4.9,False,rice,canal,1.081,0.159,7,3.5,12,32700.0,True,490000.0,False
F03805,7.7,True,cotton,canal,0.942,0.294,3,4.5,16,44000.0,True,569000.0,False
F03806,0.7,False,cotton,rainfed,0.984,0.319,2,3.0,10,6000.0,True,93000.0,False
F03807,2.4,False,wheat,diesel_tubewell,1.131,0.04,0,,15,3300.0,False,134000.0,False
F03808,4.5,False,sugarcane,solar_pump,0.99,0.103,2,1.5,8,33500.0,True,426000.0,False
F03809,3.8,False,rice,canal,1.309,0.273,2,4.0,1,43900.0,False,335000.0,False
F03810,5.3,False,mango,rainfed,0.837,0.29,0,,24,22100.0,True,359000.0,True
F03811,4.8,True,rice,diesel_tubewell,1.079,0.238,2,4.0,10,14500.0,False,346000.0,False
F03812,3.3,True,rice,diesel_tubewell,1.149,0.169,1,3.5,1,30600.0,False,234000.0,False
F03813,2.9,False,cotton,solar_pump,1.022,0.224,0,,3,27500.0,False,187000.0,False
F03814,3.5,False,sugarcane,solar_pump,1.089,0.058,4,2.5,33,29700.0,False,426000.0,False
F03815,8.6,False,cotton,diesel_tubewell,1.131,0.226,5,2.5,16,65400.0,True,717000.0,False
F03816,2.5,False,mango,canal,1.094,0.273,2,3.5,9,25400.0,True,280000.0,False
F03817,3.9,True,wheat,rainfed,0.99,0.293,2,3.0,11,27200.0,True,241000.0,False
F03818,4.6,False,sugarcane,canal,1.147,0.208,2,4.0,17,25000.0,False,542000.0,False
F03819,11.2,False,mango,rainfed,0.727,0.349,2,2.0,11,57100.0,False,693000.0,False
F03820,3.3,True,sugarcane,canal,1.133,0.143,3,3.0,14,19300.0,True,412000.0,False
F03821,7.6,True,cotton,canal,1.176,0.193,6,4.0,15,72400.0,True,763000.0,True
F03822,9.0,True,sugarcane,canal,1.13,0.215,6,4.5,35,152600.0,True,1140000.0,False
F03823,3.9,False,wheat,diesel_tubewell,0.562,0.318,1,2.0,12,11800.0,True,125000.0,True
F03824,3.5,False,wheat,canal,1.322,0.217,2,3.0,6,15300.0,True,279000.0,True
F03825,3.3,False,sugarcane,solar_pump,0.785,0.162,1,3.5,17,30600.0,True,262000.0,False
F03826,3.4,True,mango,diesel_tubewell,1.199,0.206,2,5.0,13,26000.0,False,413000.0,False
F03827,7.1,False,wheat,canal,0.925,0.216,5,3.0,23,44600.0,True,450000.0,False
F03828,4.7,False,banana,diesel_tubewell,1.391,0.166,4,4.0,24,44800.0,False,780000.0,False
F03829,4.7,True,cotton,solar_pump,0.874,0.17,4,2.5,16,13400.0,True,342000.0,False
F03830,2.0,False,mango,rainfed,0.99,0.351,2,2.5,10,11700.0,False,202000.0,False
F03831,2.2,False,sugarcane,canal,0.969,0.219,0,,26,1600.0,True,192000.0,False
F03832,16.3,True,mango,rainfed,1.226,0.201,5,5.0,20,86200.0,False,1827000.0,False
F03833,3.6,False,mango,canal,1.222,0.239,1,3.0,11,59000.0,True,381000.0,True
F03834,2.5,False,banana,diesel_tubewell,1.147,0.063,1,2.5,0,0.0,False,305000.0,False
F03835,10.3,True,rice,solar_pump,1.401,0.061,3,4.5,1,27600.0,False,892000.0,False
F03836,4.9,False,wheat,canal,1.102,0.175,7,2.0,33,54300.0,True,384000.0,False
F03837,5.9,False,cotton,canal,1.146,0.24,2,2.0,23,23600.0,True,459000.0,False
F03838,3.7,True,sugarcane,diesel_tubewell,0.916,0.207,2,2.0,31,23700.0,False,338000.0,False
F03839,3.3,False,wheat,canal,1.048,0.202,3,2.0,15,18300.0,False,221000.0,False
F03840,3.6,False,banana,canal,0.611,0.27,1,2.0,4,6700.0,True,234000.0,False
F03841,1.7,False,wheat,canal,1.019,0.208,2,3.0,36,16000.0,False,136000.0,False
F03842,3.8,False,mango,solar_pump,1.323,0.16,0,,26,32300.0,False,407000.0,False
F03843,4.9,False,cotton,canal,0.971,0.216,1,3.5,24,20400.0,False,329000.0,False
F03844,13.5,True,mango,diesel_tubewell,0.628,0.29,5,3.5,2,95600.0,False,833000.0,False
F03845,4.3,True,banana,rainfed,0.84,0.366,3,2.5,2,16400.0,False,420000.0,False
F03846,0.9,False,cotton,solar_pump,0.883,0.182,2,2.5,34,7800.0,True,92000.0,False
F03847,3.8,False,sugarcane,diesel_tubewell,1.268,0.04,2,3.0,31,23900.0,False,484000.0,False
F03848,24.1,True,wheat,diesel_tubewell,0.955,0.181,8,2.5,4,54200.0,True,1306000.0,True
F03849,7.1,False,mango,canal,0.585,0.339,2,3.0,20,58000.0,True,386000.0,True
F03850,2.4,False,mango,canal,1.141,0.22,4,3.0,13,28200.0,True,322000.0,False
F03851,6.0,True,wheat,canal,1.137,0.224,4,3.5,23,52200.0,True,454000.0,True
F03852,2.5,False,wheat,canal,1.027,0.193,3,3.0,31,13300.0,True,202000.0,False
F03853,1.7,True,cotton,canal,1.011,0.293,1,2.5,23,6300.0,True,129000.0,False
F03854,3.2,False,wheat,diesel_tubewell,0.839,0.314,4,2.5,7,1800.0,False,216000.0,False
F03855,4.3,True,mango,canal,1.025,0.258,1,3.5,14,28100.0,False,386000.0,False
F03856,1.2,True,wheat,canal,0.865,0.151,1,2.5,34,2000.0,True,72000.0,False
F03857,1.9,False,banana,rainfed,0.754,0.292,2,2.0,2,15200.0,False,175000.0,False
F03858,4.1,False,banana,canal,0.917,0.235,2,3.0,24,17000.0,False,422000.0,False
F03859,3.1,False,mango,diesel_tubewell,0.887,0.295,5,2.0,18,30300.0,True,306000.0,False
F03860,5.2,False,rice,canal,1.297,0.105,4,3.0,17,70500.0,False,464000.0,False
F03861,1.8,False,wheat,diesel_tubewell,1.227,0.122,1,4.0,0,0.0,False,143000.0,False
F03862,6.5,False,mango,canal,0.671,0.386,3,2.0,4,37900.0,True,403000.0,True
F03863,1.9,False,sugarcane,canal,0.904,0.232,0,,16,12800.0,True,155000.0,True
F03864,11.8,True,banana,solar_pump,1.041,0.312,8,4.0,24,88900.0,False,1482000.0,False
F03865,1.3,False,cotton,diesel_tubewell,1.081,0.173,2,3.0,6,7900.0,False,139000.0,True
F03866,2.0,False,wheat,canal,1.177,0.165,3,3.5,21,10800.0,True,204000.0,False
F03867,5.3,False,banana,canal,1.201,0.163,4,3.5,33,99100.0,False,747000.0,False
F03868,12.0,True,mango,diesel_tubewell,1.088,0.116,2,3.5,15,78400.0,True,1116000.0,False
F03869,5.0,False,wheat,canal,1.214,0.05,4,4.0,26,67400.0,False,434000.0,False
F03870,5.8,False,sugarcane,diesel_tubewell,0.988,0.153,3,4.5,14,32900.0,False,628000.0,False
F03871,4.1,True,wheat,diesel_tubewell,0.804,0.248,4,2.0,2,18100.0,True,230000.0,False
F03872,2.1,False,rice,diesel_tubewell,0.806,0.245,2,2.0,21,5100.0,True,125000.0,False
F03873,2.9,False,cotton,solar_pump,1.223,0.062,1,4.0,2,26000.0,True,257000.0,False
F03874,1.8,False,cotton,canal,0.988,0.289,1,3.5,15,10800.0,True,141000.0,False
F03875,1.8,False,wheat,rainfed,0.973,0.354,0,,11,7100.0,True,87000.0,True
F03876,5.3,False,wheat,diesel_tubewell,1.034,0.178,2,3.0,25,23500.0,False,321000.0,False
F03877,2.0,False,cotton,diesel_tubewell,1.068,0.228,2,3.5,1,19700.0,True,193000.0,False
F03878,5.0,False,wheat,diesel_tubewell,0.995,0.13,1,3.5,16,29100.0,True,275000.0,False
F03879,1.7,False,cotton,diesel_tubewell,1.005,0.221,2,3.0,3,17500.0,True,158000.0,False
F03880,4.9,False,rice,canal,1.056,0.214,4,4.5,36,22300.0,False,429000.0,False
F03881,3.0,False,sugarcane,rainfed,0.659,0.322,1,3.0,25,19100.0,False,203000.0,False
F03882,10.1,True,rice,rainfed,0.848,0.342,6,3.0,20,40900.0,True,613000.0,False
F03883,5.0,True,wheat,canal,0.678,0.297,2,2.0,32,25700.0,True,201000.0,True
F03884,9.1,True,wheat,diesel_tubewell,0.96,0.155,3,2.5,5,45300.0,True,495000.0,False
F03885,2.5,False,mango,solar_pump,1.221,0.184,0,,24,23100.0,False,247000.0,False
F03886,4.2,True,mango,rainfed,0.855,0.393,2,3.0,35,25300.0,True,341000.0,True
F03887,2.1,False,banana,diesel_tubewell,0.858,0.228,0,,17,10000.0,True,178000.0,False
F03888,3.1,False,banana,canal,1.068,0.141,3,4.5,36,37800.0,False,440000.0,False
F03889,3.4,True,rice,diesel_tubewell,0.892,0.1,5,3.0,31,35800.0,True,289000.0,False
F03890,2.5,False,mango,canal,1.222,0.269,3,5.0,36,21500.0,True,372000.0,False
F03891,1.8,False,cotton,diesel_tubewell,1.229,0.144,2,4.0,5,26200.0,False,206000.0,False
F03892,1.6,False,sugarcane,diesel_tubewell,0.997,0.259,2,2.0,11,18100.0,True,177000.0,True
F03893,0.9,False,banana,diesel_tubewell,1.037,0.152,3,3.0,28,2600.0,True,167000.0,False
F03894,2.0,False,sugarcane,canal,0.815,0.232,0,,12,7800.0,False,147000.0,False
F03895,6.1,False,cotton,diesel_tubewell,0.871,0.238,4,3.0,26,69400.0,True,435000.0,True
F03896,1.4,False,cotton,diesel_tubewell,1.017,0.206,2,2.5,0,0.0,True,131000.0,False
F03897,1.7,False,wheat,canal,0.958,0.201,2,3.0,22,6900.0,True,131000.0,False
F03898,13.0,True,cotton,canal,0.841,0.182,4,3.0,32,42800.0,True,788000.0,False
F03899,2.7,False,mango,canal,0.929,0.189,0,,9,16000.0,False,203000.0,False
F03900,5.0,True,sugarcane,rainfed,0.557,0.407,1,2.0,26,30400.0,True,267000.0,True
F03901,6.2,False,wheat,diesel_tubewell,0.905,0.14,5,4.0,3,32000.0,False,444000.0,False
F03902,6.2,False,sugarcane,diesel_tubewell,1.18,0.139,3,3.0,10,42200.0,False,733000.0,False
F03903,1.5,False,cotton,diesel_tubewell,0.75,0.249,2,1.5,6,800.0,False,96000.0,False
F03904,3.5,False,rice,rainfed,0.98,0.281,3,2.5,6,13100.0,False,248000.0,False
F03905,1.4,False,cotton,diesel_tubewell,0.875,0.299,2,3.0,18,7600.0,True,127000.0,False
F03906,19.9,True,cotton,canal,1.006,0.171,3,3.0,32,125700.0,False,1337000.0,False
F03907,1.4,False,sugarcane,canal,0.982,0.203,2,3.0,3,16800.0,True,174000.0,False
F03908,2.1,True,sugarcane,canal,0.75,0.187,1,2.0,13,20800.0,True,158000.0,False
F03909,2.1,True,sugarcane,rainfed,0.795,0.31,3,3.0,1,9800.0,False,225000.0,True
F03910,1.5,False,cotton,diesel_tubewell,0.758,0.158,0,,20,6300.0,True,72000.0,False
F03911,9.8,False,sugarcane,solar_pump,0.968,0.172,6,2.0,23,84600.0,False,954000.0,False
F03912,19.6,True,wheat,diesel_tubewell,0.571,0.329,4,2.5,5,31900.0,True,637000.0,True
F03913,3.0,False,cotton,solar_pump,1.153,0.098,2,4.5,8,33300.0,True,293000.0,False
F03914,1.7,False,rice,rainfed,0.958,0.232,0,,6,12300.0,True,88000.0,True
F03915,0.9,False,rice,diesel_tubewell,1.33,0.186,2,5.0,2,12400.0,False,148000.0,False
F03916,3.5,False,mango,canal,1.111,0.176,1,2.5,14,22600.0,True,336000.0,False
F03917,3.3,False,wheat,canal,1.201,0.233,5,3.5,11,45500.0,False,342000.0,False
F03918,2.7,False,mango,diesel_tubewell,0.972,0.291,1,2.5,9,22800.0,False,233000.0,False
F03919,4.7,True,wheat,solar_pump,0.679,0.3,2,2.5,31,8600.0,True,200000.0,True
F03920,5.2,True,rice,diesel_tubewell,1.212,0.101,5,2.5,8,34200.0,True,444000.0,False
F03921,5.0,True,mango,canal,1.14,0.222,1,3.5,9,35000.0,False,491000.0,False
F03922,3.3,False,sugarcane,diesel_tubewell,1.124,0.125,1,2.0,15,19300.0,False,350000.0,True
F03923,2.0,False,mango,canal,1.073,0.263,3,4.0,31,15500.0,False,274000.0,False
F03924,6.3,True,mango,canal,0.986,0.258,3,4.0,7,36800.0,False,603000.0,False
F03925,4.1,True,wheat,rainfed,1.097,0.341,3,2.5,22,31500.0,False,285000.0,False
F03926,7.2,True,banana,diesel_tubewell,0.939,0.2,3,2.5,34,53800.0,False,732000.0,False
F03927,6.8,True,banana,canal,1.22,0.21,2,4.0,30,76600.0,False,888000.0,False
F03928,1.6,False,cotton,canal,0.981,0.169,1,4.0,21,15300.0,True,132000.0,False
F03929,1.6,False,wheat,diesel_tubewell,1.233,0.141,3,2.5,27,11700.0,True,160000.0,False
F03930,2.5,True,wheat,canal,1.062,0.181,2,3.5,1,8200.0,True,190000.0,False
F03931,2.0,False,mango,canal,1.099,0.1,0,,25,20400.0,True,178000.0,False
F03932,6.6,False,banana,diesel_tubewell,0.99,0.159,4,3.0,8,52800.0,False,747000.0,False
F03933,5.1,False,mango,diesel_tubewell,1.316,0.291,2,4.0,10,87100.0,False,610000.0,False
F03934,8.3,False,cotton,canal,1.187,0.197,3,3.0,16,81300.0,False,695000.0,False
F03935,5.2,False,wheat,diesel_tubewell,0.959,0.174,4,3.0,29,35000.0,False,347000.0,False
F03936,4.6,False,cotton,diesel_tubewell,1.056,0.194,2,2.5,15,31600.0,True,348000.0,False
F03937,8.8,False,cotton,canal,1.127,0.184,3,3.5,7,86000.0,False,712000.0,False
F03938,5.5,True,wheat,canal,0.882,0.249,2,2.5,25,25800.0,False,282000.0,False
F03939,4.2,False,wheat,canal,1.14,0.143,2,4.5,22,3400.0,True,312000.0,False
F03940,10.6,False,wheat,canal,0.801,0.178,3,2.0,28,37600.0,True,470000.0,False
F03941,4.4,False,wheat,solar_pump,1.046,0.162,4,3.0,18,33600.0,True,328000.0,False
F03942,3.3,False,sugarcane,diesel_tubewell,1.032,0.282,1,3.0,21,16500.0,False,331000.0,False
F03943,2.4,False,cotton,rainfed,0.752,0.251,2,2.0,2,25000.0,False,147000.0,True
F03944,6.4,True,cotton,canal,0.995,0.199,3,4.0,13,39300.0,True,501000.0,False
F03945,9.1,True,rice,diesel_tubewell,0.956,0.303,5,3.0,1,60700.0,True,595000.0,True
F03946,3.9,False,banana,diesel_tubewell,1.39,0.076,1,4.5,6,70300.0,True,574000.0,False
F03947,9.5,True,sugarcane,solar_pump,0.877,0.232,3,1.5,30,81500.0,False,788000.0,False
F03948,1.1,False,rice,rainfed,0.787,0.537,1,3.5,1,6100.0,True,76000.0,False
F03949,3.9,False,sugarcane,diesel_tubewell,0.872,0.28,4,1.5,10,34400.0,True,356000.0,True
F03950,4.0,True,sugarcane,diesel_tubewell,0.962,0.224,2,3.5,2,31100.0,False,405000.0,False
F03951,2.5,False,sugarcane,rainfed,0.913,0.329,0,,16,16500.0,True,206000.0,False
F03952,19.1,True,cotton,rainfed,0.984,0.363,5,3.5,15,60000.0,False,1330000.0,False
F03953,3.9,False,rice,rainfed,1.222,0.237,5,3.5,27,30100.0,False,403000.0,False
F03954,3.1,False,cotton,canal,0.909,0.184,2,2.5,0,0.0,True,219000.0,True
F03955,4.1,True,cotton,canal,1.12,0.228,5,4.0,4,37900.0,False,456000.0,False
F03956,1.1,False,wheat,canal,0.822,0.305,3,3.0,12,8400.0,False,120000.0,False
F03957,2.5,False,cotton,solar_pump,1.213,0.108,3,3.5,2,27900.0,False,279000.0,False
F03958,7.7,True,cotton,canal,1.172,0.291,2,3.5,0,0.0,True,627000.0,False
F03959,2.7,False,rice,canal,0.805,0.367,3,3.5,21,10700.0,False,205000.0,False
F03960,2.4,False,cotton,diesel_tubewell,1.411,0.159,2,3.0,31,13900.0,False,263000.0,False
F03961,9.5,True,wheat,canal,1.12,0.204,4,3.5,2,53300.0,False,643000.0,False
F03962,9.7,True,wheat,solar_pump,0.763,0.104,4,2.5,7,33800.0,False,450000.0,False
F03963,5.7,True,cotton,canal,0.814,0.226,3,3.0,32,44000.0,False,367000.0,True
F03964,3.0,True,sugarcane,rainfed,0.916,0.225,1,2.5,24,22700.0,False,268000.0,False
F03965,3.5,True,wheat,canal,0.814,0.142,1,3.5,10,14200.0,False,170000.0,False
F03966,2.4,False,wheat,diesel_tubewell,0.647,0.303,1,1.5,33,4300.0,False,89000.0,False
F03967,2.1,False,wheat,diesel_tubewell,1.165,0.234,3,4.0,20,16300.0,False,221000.0,False
F03968,2.1,False,cotton,canal,0.825,0.144,3,2.5,32,6700.0,True,172000.0,True
F03969,2.7,False,wheat,canal,1.102,0.181,1,4.0,16,18000.0,True,181000.0,False
F03970,2.1,False,cotton,rainfed,0.608,0.353,4,2.0,30,16300.0,False,147000.0,False
F03971,1.5,False,rice,diesel_tubewell,1.379,0.09,2,3.5,13,5600.0,True,170000.0,False
F03972,4.7,True,banana,canal,1.179,0.129,3,3.0,23,52900.0,False,624000.0,False
F03973,4.7,True,rice,diesel_tubewell,1.197,0.223,4,2.5,8,30900.0,False,387000.0,False
F03974,12.2,True,wheat,canal,1.173,0.136,5,3.0,8,102900.0,True,833000.0,False
F03975,2.6,False,cotton,diesel_tubewell,0.749,0.176,2,3.0,3,8600.0,True,173000.0,False
F03976,4.9,False,sugarcane,diesel_tubewell,1.042,0.153,5,2.5,15,32700.0,True,564000.0,False
F03977,5.0,False,wheat,diesel_tubewell,1.344,0.142,1,4.0,6,33700.0,True,366000.0,False
F03978,3.4,False,banana,canal,0.88,0.256,2,4.0,15,24300.0,False,363000.0,False
F03979,6.6,False,cotton,canal,1.019,0.191,4,3.0,17,36000.0,True,524000.0,False
F03980,6.7,True,wheat,canal,1.016,0.257,3,3.5,21,29000.0,True,425000.0,False
F03981,5.0,False,wheat,canal,1.104,0.191,3,4.0,3,37600.0,True,373000.0,False
F03982,3.4,False,mango,diesel_tubewell,0.917,0.087,3,3.5,14,41200.0,True,340000.0,False
F03983,3.2,False,banana,diesel_tubewell,0.873,0.239,4,2.5,33,29000.0,True,360000.0,False
F03984,1.7,False,mango,canal,1.295,0.176,1,4.5,3,16000.0,False,216000.0,False
F03985,2.4,False,wheat,canal,0.656,0.307,1,3.5,34,11300.0,True,107000.0,True
F03986,2.7,False,sugarcane,diesel_tubewell,0.962,0.208,4,3.0,1,30100.0,False,334000.0,False
F03987,2.0,False,wheat,diesel_tubewell,0.984,0.327,4,3.0,35,17500.0,True,197000.0,False
F03988,5.4,False,cotton,rainfed,0.854,0.32,3,2.5,15,42700.0,True,353000.0,False
F03989,8.8,True,sugarcane,canal,0.869,0.258,5,3.0,25,38800.0,False,813000.0,False
F03990,2.2,False,banana,canal,0.928,0.268,2,2.0,32,17600.0,True,236000.0,False
F03991,4.9,False,cotton,canal,1.335,0.171,1,3.5,28,22300.0,True,441000.0,False
F03992,2.1,False,cotton,diesel_tubewell,0.687,0.274,3,2.5,26,10000.0,True,153000.0,False
F03993,3.3,False,wheat,diesel_tubewell,1.24,0.152,4,3.5,2,13000.0,False,319000.0,False
F03994,2.6,False,cotton,canal,1.12,0.257,1,2.5,11,14400.0,True,204000.0,False
F03995,6.0,False,wheat,canal,0.979,0.24,2,3.0,32,32600.0,False,341000.0,False
F03996,2.6,False,mango,diesel_tubewell,1.151,0.184,0,,34,2000.0,True,242000.0,False
F03997,7.8,True,wheat,canal,0.975,0.207,8,4.0,10,46600.0,True,643000.0,False
F03998,3.5,False,rice,diesel_tubewell,1.306,0.1,4,4.0,24,30500.0,False,380000.0,False
F03999,2.7,False,wheat,canal,0.716,0.345,2,2.5,16,10200.0,True,137000.0,False
F04000,1.8,False,cotton,canal,1.224,0.103,3,2.5,31,5500.0,False,201000.0,False
F04001,4.8,False,wheat,canal,0.821,0.364,3,2.5,32,29700.0,False,258000.0,True
F04002,7.3,False,cotton,rainfed,1.116,0.277,3,4.5,30,71800.0,True,626000.0,False
F04003,4.8,False,rice,canal,0.985,0.176,1,3.5,28,34500.0,False,284000.0,False
F04004,17.4,True,rice,canal,0.986,0.186,7,3.0,23,71300.0,False,1102000.0,False
F04005,10.3,False,banana,rainfed,0.642,0.32,6,2.5,36,69400.0,True,779000.0,True
F04006,3.3,False,wheat,canal,0.833,0.268,3,1.5,34,10200.0,True,174000.0,True
F04007,3.3,False,rice,canal,1.152,0.122,0,,14,9800.0,True,205000.0,False
F04008,5.5,True,mango,canal,1.262,0.165,6,2.5,16,31500.0,True,687000.0,False
F04009,2.4,False,wheat,diesel_tubewell,1.063,0.085,3,3.0,14,18100.0,False,201000.0,False
F04010,8.7,True,mango,canal,1.002,0.174,0,,29,78500.0,True,706000.0,False
F04011,5.1,False,banana,rainfed,1.063,0.245,4,3.0,32,80300.0,True,637000.0,True
F04012,4.8,False,mango,solar_pump,0.951,0.178,3,3.0,7,36300.0,True,445000.0,False
F04013,6.3,False,rice,diesel_tubewell,1.085,0.142,2,3.0,18,25400.0,False,419000.0,False
F04014,12.4,True,sugarcane,canal,0.901,0.245,3,2.5,34,85600.0,True,1068000.0,False
F04015,4.5,False,cotton,solar_pump,1.11,0.208,1,2.0,8,38300.0,False,331000.0,False
F04016,3.8,False,rice,rainfed,0.997,0.352,1,3.5,27,32100.0,True,234000.0,False
F04017,10.8,True,banana,rainfed,0.896,0.401,11,2.5,30,145500.0,True,1187000.0,False
F04018,7.6,True,wheat,canal,0.993,0.201,2,3.0,10,50500.0,True,424000.0,False
F04019,3.3,True,sugarcane,diesel_tubewell,0.937,0.211,2,2.5,8,41200.0,True,320000.0,False
F04020,4.1,False,cotton,diesel_tubewell,0.971,0.251,3,3.0,21,28000.0,False,326000.0,True
F04021,4.6,False,wheat,rainfed,1.022,0.365,4,4.5,30,35500.0,False,383000.0,False
F04022,5.1,True,rice,canal,1.084,0.199,3,5.0,0,0.0,True,424000.0,False
F04023,1.7,False,sugarcane,solar_pump,0.93,0.241,0,,36,14300.0,True,142000.0,False
F04024,1.5,True,rice,diesel_tubewell,1.088,0.11,3,3.5,19,19700.0,True,176000.0,False
F04025,2.3,False,mango,rainfed,0.831,0.322,3,3.5,4,15300.0,True,242000.0,True
F04026,2.2,False,cotton,diesel_tubewell,1.146,0.179,2,4.0,28,29300.0,True,225000.0,False
F04027,2.7,False,mango,rainfed,0.792,0.383,1,3.0,19,13200.0,True,198000.0,False
F04028,6.1,True,rice,canal,1.135,0.141,3,4.0,13,57100.0,False,474000.0,False
F04029,3.6,True,mango,canal,1.091,0.137,4,4.0,12,36300.0,True,451000.0,False
F04030,4.6,False,wheat,canal,1.062,0.224,3,2.0,27,19100.0,True,292000.0,False
F04031,1.8,False,cotton,solar_pump,1.095,0.132,5,4.0,15,4900.0,True,291000.0,False
F04032,3.0,False,mango,canal,1.133,0.125,3,4.0,27,28500.0,True,375000.0,False
F04033,5.9,False,wheat,diesel_tubewell,0.884,0.265,7,3.0,30,18100.0,True,433000.0,True
F04034,6.0,False,cotton,rainfed,0.736,0.343,1,2.0,34,15500.0,True,295000.0,False
F04035,2.5,False,sugarcane,rainfed,1.06,0.342,5,3.0,33,36500.0,False,364000.0,False
F04036,4.5,False,sugarcane,diesel_tubewell,0.936,0.239,5,2.0,35,15100.0,False,463000.0,False
F04037,16.9,True,mango,solar_pump,0.888,0.257,8,3.0,24,176000.0,True,1415000.0,True
F04038,4.0,True,sugarcane,canal,0.787,0.272,2,3.5,7,57200.0,True,342000.0,True
F04039,2.6,False,banana,diesel_tubewell,1.085,0.098,1,4.0,1,21000.0,False,313000.0,False
F04040,3.6,False,cotton,diesel_tubewell,1.009,0.199,2,2.5,11,33400.0,True,271000.0,False
F04041,4.3,False,rice,solar_pump,1.081,0.161,5,2.5,18,13100.0,True,355000.0,True
F04042,3.7,False,mango,canal,0.882,0.189,5,3.5,8,39700.0,True,410000.0,True
F04043,4.0,False,sugarcane,canal,1.172,0.27,1,4.0,28,43300.0,True,455000.0,False
F04044,1.6,False,wheat,diesel_tubewell,0.81,0.219,1,1.0,14,13500.0,True,72000.0,False
F04045,2.2,False,cotton,diesel_tubewell,0.756,0.226,2,3.0,34,11000.0,True,155000.0,True
F04046,3.7,False,rice,rainfed,0.585,0.372,2,2.5,1,15700.0,True,159000.0,True
F04047,3.6,True,sugarcane,diesel_tubewell,1.126,0.143,2,2.0,4,30700.0,False,398000.0,False
F04048,2.8,False,rice,rainfed,1.047,0.311,2,4.0,17,16000.0,False,225000.0,False
F04049,3.6,False,sugarcane,diesel_tubewell,1.153,0.175,2,3.5,10,34000.0,False,432000.0,False
F04050,4.2,True,mango,solar_pump,0.963,0.181,2,1.5,32,27200.0,True,353000.0,False
F04051,7.2,False,wheat,diesel_tubewell,1.084,0.234,4,4.0,18,32300.0,True,520000.0,False
F04052,3.8,True,rice,canal,1.272,0.111,1,4.5,26,27500.0,False,299000.0,False
F04053,5.3,True,rice,canal,0.94,0.152,2,2.5,25,16600.0,False,311000.0,True
F04054,2.9,False,wheat,rainfed,0.87,0.306,5,2.5,20,16000.0,False,229000.0,True
F04055,5.9,False,cotton,canal,0.984,0.211,6,3.0,24,76000.0,False,516000.0,False
F04056,5.2,False,rice,diesel_tubewell,0.97,0.102,2,3.0,9,25600.0,False,322000.0,False
F04057,7.1,True,mango,canal,1.01,0.179,4,3.5,15,78700.0,False,697000.0,False
F04058,6.4,False,cotton,solar_pump,0.962,0.109,1,2.5,9,33000.0,True,409000.0,False
F04059,5.9,True,wheat,canal,0.926,0.173,2,2.5,32,34000.0,True,312000.0,False
F04060,3.8,False,cotton,diesel_tubewell,0.958,0.293,0,,3,17800.0,True,229000.0,False
F04061,4.8,True,mango,diesel_tubewell,1.046,0.254,4,2.5,31,4100.0,True,490000.0,False
F04062,8.1,True,rice,canal,0.792,0.328,4,2.5,3,35400.0,True,430000.0,False
F04063,2.7,False,wheat,diesel_tubewell,1.202,0.119,3,5.0,16,14300.0,False,286000.0,False
F04064,2.7,False,banana,rainfed,0.881,0.352,3,2.5,28,21800.0,True,298000.0,False
F04065,4.6,False,wheat,diesel_tubewell,1.13,0.204,1,2.5,17,29600.0,True,278000.0,False
F04066,5.3,False,wheat,rainfed,0.849,0.39,2,2.5,34,38100.0,True,265000.0,True
F04067,2.4,False,cotton,solar_pump,1.056,0.079,5,3.5,32,11100.0,False,305000.0,False
F04068,3.9,False,sugarcane,diesel_tubewell,1.053,0.193,0,,31,27900.0,False,370000.0,False
F04069,3.8,False,mango,diesel_tubewell,1.024,0.152,1,2.5,26,28200.0,False,336000.0,False
F04070,1.0,False,wheat,rainfed,1.023,0.347,1,4.0,34,7100.0,False,84000.0,False
F04071,3.5,False,sugarcane,diesel_tubewell,1.0,0.195,2,3.0,12,31100.0,False,365000.0,False
F04072,3.7,False,sugarcane,canal,0.938,0.275,1,3.5,3,34900.0,True,341000.0,False
F04073,3.7,False,mango,rainfed,0.791,0.27,3,2.5,19,20600.0,True,300000.0,False
F04074,10.2,True,mango,rainfed,1.12,0.225,5,3.0,13,80600.0,False,1050000.0,False
F04075,1.8,False,sugarcane,diesel_tubewell,0.987,0.093,1,3.0,2,17800.0,False,185000.0,False
F04076,2.4,False,wheat,canal,0.759,0.319,1,1.5,8,6200.0,True,103000.0,True
F04077,0.7,False,wheat,diesel_tubewell,1.154,0.165,3,3.0,2,7300.0,False,115000.0,False
F04078,3.0,False,banana,solar_pump,0.937,0.199,3,3.0,3,28700.0,True,353000.0,False
F04079,3.1,False,rice,canal,1.144,0.174,2,3.5,29,15900.0,True,250000.0,False
F04080,2.9,False,cotton,solar_pump,0.752,0.14,5,1.5,8,10100.0,True,200000.0,True
F04081,8.3,False,mango,diesel_tubewell,0.892,0.121,3,3.0,19,31600.0,False,674000.0,False
F04082,7.1,True,mango,canal,1.214,0.169,0,,23,57200.0,False,698000.0,False
F04083,4.3,False,sugarcane,diesel_tubewell,0.964,0.205,1,2.0,11,50300.0,False,390000.0,True
F04084,3.2,True,mango,canal,0.999,0.095,1,3.5,17,27800.0,False,288000.0,True
F04085,7.9,False,wheat,solar_pump,0.916,0.168,3,2.5,17,21700.0,False,421000.0,False
F04086,4.0,False,sugarcane,canal,1.155,0.165,5,3.0,33,73000.0,False,541000.0,False
F04087,2.4,False,banana,solar_pump,0.955,0.091,1,3.5,35,17100.0,True,256000.0,False
F04088,1.3,False,wheat,canal,1.003,0.18,3,2.5,4,17300.0,False,127000.0,True
F04089,3.0,False,wheat,rainfed,1.184,0.252,2,3.5,26,18900.0,False,234000.0,False
F04090,6.6,False,sugarcane,solar_pump,1.364,0.074,0,,25,74700.0,False,810000.0,False
F04091,17.8,True,cotton,canal,1.314,0.061,3,3.5,35,111000.0,True,1561000.0,False
F04092,4.2,True,wheat,rainfed,0.966,0.302,6,3.0,21,25700.0,False,351000.0,False
F04093,2.5,True,wheat,diesel_tubewell,0.948,0.208,0,,16,15200.0,False,117000.0,False
F04094,1.9,True,wheat,diesel_tubewell,0.967,0.158,3,4.0,27,14800.0,False,191000.0,False
F04095,5.8,False,wheat,rainfed,0.656,0.362,1,2.5,25,24000.0,True,209000.0,True
F04096,1.3,False,mango,rainfed,0.738,0.338,3,3.0,17,13000.0,True,153000.0,True
F04097,5.8,False,rice,diesel_tubewell,0.781,0.228,2,1.5,26,21400.0,False,270000.0,False
F04098,6.9,False,sugarcane,rainfed,0.872,0.317,1,2.0,1,58100.0,False,558000.0,False
F04099,5.4,True,wheat,canal,0.862,0.274,0,,34,18300.0,True,230000.0,False
F04100,3.5,False,cotton,canal,0.916,0.232,1,3.0,14,13000.0,False,227000.0,False
F04101,5.9,True,wheat,canal,1.044,0.246,1,2.5,11,18900.0,True,326000.0,True
F04102,4.5,False,mango,canal,0.699,0.343,1,2.0,7,27900.0,False,271000.0,False
F04103,2.4,False,banana,diesel_tubewell,1.259,0.144,4,4.5,4,4400.0,False,449000.0,False
F04104,13.5,True,cotton,canal,0.915,0.242,3,2.5,11,80600.0,True,840000.0,False
F04105,3.2,False,banana,diesel_tubewell,1.169,0.092,3,3.5,0,0.0,True,458000.0,True
F04106,6.7,False,wheat,canal,0.588,0.344,3,2.0,8,21800.0,True,245000.0,False
F04107,0.8,False,wheat,canal,0.861,0.189,3,2.5,26,12400.0,False,97000.0,False
F04108,9.3,False,sugarcane,solar_pump,0.925,0.328,4,2.0,23,45300.0,False,841000.0,False
F04109,10.5,True,cotton,canal,0.961,0.403,3,2.5,18,70400.0,True,698000.0,False
F04110,4.1,True,banana,diesel_tubewell,1.345,0.075,2,4.5,34,75000.0,True,621000.0,False
F04111,5.8,False,wheat,solar_pump,1.0,0.079,2,2.5,28,21100.0,False,329000.0,False
F04112,5.8,False,sugarcane,diesel_tubewell,0.707,0.278,2,2.5,5,25400.0,False,411000.0,True
F04113,2.7,False,wheat,rainfed,0.967,0.41,5,3.0,20,24400.0,True,254000.0,False
F04114,5.8,True,wheat,rainfed,0.795,0.257,1,3.5,14,32200.0,False,257000.0,True
F04115,2.4,False,cotton,canal,0.961,0.323,3,2.5,17,33100.0,False,208000.0,True
F04116,2.7,False,banana,diesel_tubewell,1.008,0.156,2,3.5,10,19200.0,True,328000.0,False
F04117,8.4,False,rice,canal,0.726,0.187,2,2.0,36,38000.0,False,362000.0,True
F04118,7.6,False,rice,canal,0.748,0.273,9,2.5,4,33300.0,True,494000.0,True
F04119,2.6,False,wheat,diesel_tubewell,1.166,0.22,0,,3,6900.0,True,150000.0,False
F04120,2.5,False,wheat,diesel_tubewell,0.955,0.214,4,2.0,14,14000.0,False,185000.0,False
F04121,2.7,False,wheat,rainfed,0.689,0.385,2,2.5,31,10100.0,False,134000.0,False
F04122,6.5,True,mango,diesel_tubewell,1.073,0.251,4,3.5,29,58800.0,True,682000.0,False
F04123,2.1,False,wheat,solar_pump,1.109,0.217,2,2.0,13,14500.0,False,149000.0,False
F04124,5.1,False,wheat,diesel_tubewell,1.048,0.137,2,3.5,10,29400.0,False,323000.0,False
F04125,6.6,False,rice,canal,0.919,0.168,7,2.0,12,55000.0,False,444000.0,False
F04126,3.8,False,rice,canal,1.016,0.261,1,3.0,9,34100.0,False,233000.0,False
F04127,7.8,True,cotton,diesel_tubewell,1.146,0.172,4,4.5,21,59800.0,False,713000.0,False
F04128,3.3,False,wheat,diesel_tubewell,0.912,0.273,1,1.0,34,10500.0,False,157000.0,False
F04129,3.5,False,cotton,canal,1.116,0.131,2,3.5,22,23300.0,True,304000.0,False
F04130,2.1,False,sugarcane,canal,1.034,0.253,2,2.5,23,17900.0,True,237000.0,False
F04131,7.9,True,wheat,canal,0.928,0.2,6,2.0,12,29500.0,False,463000.0,False
F04132,2.5,False,sugarcane,diesel_tubewell,0.88,0.245,1,1.5,10,7000.0,False,211000.0,False
F04133,5.1,False,wheat,canal,0.971,0.24,3,3.5,3,12800.0,True,333000.0,False
F04134,3.9,False,mango,canal,0.911,0.242,0,,1,30500.0,False,288000.0,True
F04135,2.0,False,banana,canal,1.072,0.227,0,,16,23000.0,True,212000.0,True
F04136,2.7,False,wheat,canal,0.851,0.212,1,2.5,36,12700.0,False,135000.0,False
F04137,10.0,False,cotton,diesel_tubewell,1.054,0.219,4,3.0,28,57500.0,True,764000.0,False
F04138,4.6,False,cotton,rainfed,0.819,0.337,4,1.5,36,19100.0,False,287000.0,True
F04139,2.1,False,mango,canal,0.93,0.182,2,3.0,10,7800.0,False,208000.0,False
F04140,4.9,False,rice,diesel_tubewell,1.235,0.069,4,4.0,24,28300.0,False,460000.0,False
F04141,3.7,True,rice,diesel_tubewell,0.984,0.307,1,3.0,22,13100.0,True,222000.0,False
F04142,38.3,True,wheat,diesel_tubewell,1.099,0.21,15,4.0,4,93500.0,True,2583000.0,True
F04143,4.9,False,wheat,canal,0.927,0.243,6,2.0,0,0.0,True,325000.0,True
F04144,3.2,True,sugarcane,canal,1.05,0.172,0,,26,17800.0,True,302000.0,False
F04145,10.2,True,rice,rainfed,1.168,0.323,4,3.5,9,64400.0,True,760000.0,False
F04146,1.2,False,mango,rainfed,0.663,0.406,3,3.0,16,4700.0,False,139000.0,True
F04147,4.3,False,mango,canal,1.109,0.263,1,3.5,29,42700.0,True,415000.0,False
F04148,14.8,True,rice,diesel_tubewell,0.795,0.257,3,1.5,1,65700.0,True,673000.0,True
F04149,3.8,False,cotton,canal,0.971,0.248,4,3.5,6,23100.0,False,349000.0,False
F04150,1.3,True,mango,canal,0.951,0.166,1,2.5,4,15600.0,False,121000.0,False
F04151,3.1,False,mango,canal,0.752,0.281,2,2.5,22,18600.0,True,230000.0,False
F04152,10.4,False,mango,solar_pump,0.884,0.161,4,3.5,1,75700.0,False,862000.0,False
F04153,5.2,False,banana,canal,1.018,0.232,3,3.5,25,19100.0,True,611000.0,False
F04154,2.4,False,cotton,canal,0.955,0.145,1,3.0,4,9700.0,True,169000.0,False
F04155,2.6,True,sugarcane,canal,1.023,0.301,3,3.0,20,19400.0,True,314000.0,False
F04156,2.8,False,rice,canal,0.696,0.385,0,,20,11500.0,True,105000.0,True
F04157,5.1,True,wheat,canal,1.105,0.152,3,3.5,28,42300.0,False,366000.0,False
F04158,9.7,True,rice,diesel_tubewell,0.998,0.243,4,3.0,27,40100.0,False,623000.0,False
F04159,8.0,False,cotton,diesel_tubewell,1.273,0.095,2,4.0,16,63100.0,True,709000.0,False
F04160,5.5,False,cotton,diesel_tubewell,0.82,0.293,1,2.0,36,33600.0,True,301000.0,False
F04161,1.7,False,wheat,diesel_tubewell,0.982,0.116,2,3.5,9,10200.0,False,141000.0,False
F04162,1.7,False,sugarcane,solar_pump,1.208,0.111,0,,36,6400.0,True,185000.0,False
F04163,5.7,True,sugarcane,canal,1.217,0.152,3,3.5,36,76200.0,False,712000.0,False
F04164,1.7,False,cotton,canal,0.962,0.294,0,,30,10000.0,True,103000.0,False
F04165,3.5,True,wheat,rainfed,0.911,0.383,1,4.5,19,18200.0,True,195000.0,False
F04166,4.9,False,rice,diesel_tubewell,1.144,0.263,5,3.5,1,51700.0,True,449000.0,False
F04167,1.9,False,wheat,diesel_tubewell,1.544,0.208,1,4.0,16,21100.0,True,179000.0,False
F04168,2.1,False,wheat,canal,1.028,0.251,2,3.0,16,16300.0,True,157000.0,False
F04169,3.8,True,cotton,canal,0.809,0.301,1,2.5,14,9500.0,True,215000.0,True
F04170,5.6,False,mango,canal,0.823,0.288,4,4.0,1,16700.0,True,507000.0,True
F04171,8.1,False,cotton,rainfed,1.041,0.222,4,4.0,33,63100.0,False,664000.0,False
F04172,6.0,False,rice,diesel_tubewell,1.061,0.244,4,3.0,23,37900.0,False,444000.0,True
F04173,4.3,True,mango,canal,1.037,0.257,3,2.5,1,37300.0,True,424000.0,False
F04174,2.5,False,cotton,canal,0.9,0.285,1,3.0,5,23300.0,True,167000.0,False
F04175,2.0,False,mango,canal,0.953,0.098,0,,30,17600.0,False,154000.0,False
F04176,2.9,True,wheat,canal,1.073,0.237,0,,24,11900.0,True,154000.0,True
F04177,5.3,False,cotton,diesel_tubewell,1.167,0.217,6,2.5,6,30200.0,True,515000.0,False
F04178,5.0,False,wheat,canal,0.814,0.275,0,,9,21100.0,True,202000.0,True
F04179,1.0,False,rice,rainfed,0.635,0.378,1,3.5,4,6300.0,False,63000.0,False
F04180,2.4,False,banana,diesel_tubewell,0.991,0.15,1,2.0,24,19200.0,True,252000.0,False
F04181,8.9,True,rice,rainfed,0.715,0.275,5,2.0,2,3600.0,True,427000.0,True
F04182,4.3,True,rice,rainfed,0.63,0.395,3,2.5,27,10700.0,False,209000.0,True
F04183,1.6,False,wheat,rainfed,1.077,0.238,1,4.0,14,13200.0,False,119000.0,False
F04184,18.8,True,banana,rainfed,0.527,0.4,9,2.5,10,47000.0,True,1168000.0,True
F04185,4.0,False,cotton,canal,1.209,0.269,0,,14,31300.0,False,305000.0,False
F04186,5.2,False,wheat,canal,1.124,0.122,4,4.0,36,41500.0,True,423000.0,False
F04187,5.3,False,banana,canal,1.235,0.118,1,3.5,15,34100.0,True,677000.0,False
F04188,3.2,False,cotton,diesel_tubewell,1.045,0.273,1,4.0,8,27700.0,True,244000.0,False
F04189,2.5,False,cotton,diesel_tubewell,1.227,0.104,3,3.5,36,22700.0,True,281000.0,False
F04190,16.1,True,wheat,canal,1.226,0.132,7,4.5,3,97100.0,False,1239000.0,False
F04191,7.8,True,wheat,solar_pump,1.06,0.145,6,2.0,10,22900.0,True,509000.0,True
F04192,6.9,True,mango,solar_pump,1.114,0.167,4,4.0,21,95700.0,False,756000.0,False
F04193,5.9,False,cotton,diesel_tubewell,1.33,0.04,1,3.0,20,22600.0,False,519000.0,False
F04194,2.1,False,banana,canal,0.862,0.249,3,1.5,15,9400.0,False,217000.0,False
F04195,9.3,False,wheat,canal,0.98,0.221,2,2.0,12,42600.0,True,484000.0,False
F04196,2.3,False,rice,diesel_tubewell,0.911,0.183,2,3.0,30,8300.0,True,163000.0,False
F04197,4.9,False,sugarcane,canal,1.096,0.226,2,4.5,2,85000.0,False,558000.0,False
F04198,1.4,False,rice,diesel_tubewell,0.865,0.314,1,2.0,19,4100.0,True,82000.0,False
F04199,1.1,False,cotton,canal,1.102,0.216,2,3.5,25,14800.0,False,135000.0,False
F04200,5.0,False,rice,canal,1.117,0.28,3,3.5,9,53700.0,True,389000.0,False
F04201,2.4,False,rice,canal,0.982,0.164,3,3.0,29,21700.0,True,202000.0,False
F04202,1.1,False,mango,diesel_tubewell,0.767,0.324,1,1.5,19,4700.0,True,81000.0,True
F04203,5.8,False,wheat,canal,0.853,0.275,1,2.5,15,25200.0,False,266000.0,False
F04204,16.1,True,cotton,rainfed,0.971,0.267,4,5.0,31,148000.0,False,1152000.0,False
F04205,10.0,True,rice,canal,0.872,0.288,3,3.0,3,18200.0,True,546000.0,False
F04206,3.4,False,wheat,rainfed,0.699,0.4,4,2.5,8,24100.0,True,201000.0,True
F04207,4.1,True,wheat,canal,0.902,0.155,2,2.5,30,22400.0,True,225000.0,False
F04208,7.2,True,banana,canal,1.126,0.234,4,2.5,4,129600.0,False,886000.0,False
F04209,8.4,True,wheat,rainfed,0.939,0.27,2,3.5,0,0.0,False,449000.0,False
F04210,3.2,False,wheat,diesel_tubewell,0.99,0.191,2,3.0,32,18300.0,True,207000.0,False
F04211,4.1,True,rice,diesel_tubewell,1.15,0.139,0,,0,0.0,False,255000.0,False
F04212,4.9,False,wheat,diesel_tubewell,0.877,0.239,4,2.0,31,11700.0,True,279000.0,True
F04213,5.8,False,wheat,canal,1.032,0.266,4,3.0,29,22200.0,True,396000.0,False
F04214,3.7,False,wheat,solar_pump,1.193,0.103,4,2.5,31,25900.0,True,302000.0,False
F04215,3.8,False,wheat,canal,0.946,0.229,1,2.5,1,13100.0,False,199000.0,False
F04216,9.9,True,cotton,solar_pump,1.069,0.059,5,2.0,10,47200.0,False,750000.0,False
F04217,8.9,True,mango,rainfed,0.834,0.285,1,2.5,6,94100.0,False,622000.0,False
F04218,5.5,False,cotton,rainfed,0.944,0.271,4,4.0,29,65900.0,False,460000.0,False
F04219,12.4,True,cotton,solar_pump,1.101,0.157,13,2.5,9,9400.0,True,1131000.0,False
F04220,3.2,True,rice,diesel_tubewell,1.111,0.152,2,3.0,9,20500.0,False,242000.0,False
F04221,11.6,True,wheat,diesel_tubewell,0.875,0.174,5,2.5,21,26400.0,True,606000.0,False
F04222,5.8,False,cotton,canal,1.336,0.149,2,3.5,22,66500.0,False,546000.0,False
F04223,34.0,True,cotton,rainfed,0.725,0.35,6,3.0,18,154600.0,True,1703000.0,False
F04224,1.9,False,cotton,diesel_tubewell,1.203,0.04,2,2.5,4,24500.0,False,186000.0,False
F04225,2.6,False,cotton,canal,1.157,0.233,1,2.0,15,11300.0,False,206000.0,False
F04226,5.3,False,wheat,solar_pump,1.089,0.182,6,3.0,15,22500.0,False,436000.0,False
F04227,5.2,False,mango,canal,1.052,0.205,3,4.0,19,41300.0,False,543000.0,False
F04228,14.4,True,banana,solar_pump,1.085,0.199,5,2.5,33,104700.0,False,1651000.0,False
F04229,2.6,True,mango,solar_pump,1.056,0.158,3,3.0,13,23900.0,False,297000.0,False
F04230,7.3,False,wheat,canal,1.063,0.119,1,3.0,0,0.0,True,409000.0,False
F04231,8.6,True,sugarcane,canal,1.127,0.331,3,3.5,3,94900.0,False,960000.0,True
F04232,6.4,True,rice,diesel_tubewell,1.063,0.198,4,3.5,5,35600.0,True,484000.0,False
F04233,2.2,False,wheat,canal,0.827,0.304,3,2.5,32,13000.0,True,153000.0,False
F04234,10.1,True,banana,rainfed,0.825,0.294,5,4.0,23,30300.0,False,992000.0,False
F04235,9.0,True,sugarcane,canal,0.851,0.359,4,3.0,10,14400.0,True,790000.0,False
F04236,6.0,False,wheat,canal,1.177,0.127,2,3.0,29,49400.0,False,399000.0,False
F04237,4.6,False,banana,canal,0.969,0.17,4,3.0,36,31400.0,False,541000.0,False
F04238,4.7,False,wheat,solar_pump,1.209,0.14,4,3.0,16,50000.0,False,381000.0,False
F04239,3.9,True,cotton,diesel_tubewell,1.071,0.134,1,3.0,29,21100.0,False,288000.0,False
F04240,6.2,True,wheat,rainfed,0.992,0.344,3,3.0,28,33300.0,False,380000.0,False
F04241,4.1,False,wheat,rainfed,1.125,0.269,3,3.5,9,35100.0,False,316000.0,False
F04242,2.3,False,banana,diesel_tubewell,1.186,0.197,1,3.0,36,33900.0,False,295000.0,False
F04243,2.1,False,rice,canal,1.126,0.167,3,3.5,34,14200.0,True,215000.0,False
F04244,2.5,False,wheat,canal,0.696,0.313,1,1.0,25,8100.0,False,94000.0,True
F04245,4.7,True,sugarcane,rainfed,0.719,0.459,0,,35,25100.0,True,304000.0,True
F04246,4.0,False,mango,canal,0.875,0.276,1,3.0,16,29600.0,True,309000.0,False
F04247,4.7,False,mango,rainfed,1.248,0.314,1,5.0,25,46400.0,False,517000.0,False
F04248,5.6,False,banana,rainfed,0.679,0.385,3,3.0,23,26600.0,True,451000.0,True
F04249,2.7,False,mango,diesel_tubewell,1.081,0.153,1,2.0,22,22300.0,True,253000.0,False
F04250,10.5,False,rice,diesel_tubewell,1.067,0.178,3,2.5,11,23100.0,False,668000.0,False
F04251,3.4,True,cotton,rainfed,0.764,0.365,1,2.0,13,15000.0,False,180000.0,True
F04252,3.1,False,banana,solar_pump,1.142,0.044,3,4.0,3,39300.0,False,450000.0,False
F04253,5.5,False,wheat,diesel_tubewell,0.832,0.316,4,2.0,18,14800.0,True,293000.0,False
F04254,1.2,False,wheat,canal,0.827,0.245,0,,5,3600.0,True,49000.0,True
F04255,2.4,False,cotton,diesel_tubewell,1.035,0.202,3,3.5,18,16200.0,True,244000.0,False
F04256,7.7,False,wheat,canal,0.853,0.234,4,3.0,16,28400.0,True,425000.0,False
F04257,1.3,False,rice,rainfed,1.168,0.376,2,4.5,4,17000.0,True,157000.0,False
F04258,8.4,True,mango,diesel_tubewell,1.024,0.195,7,4.0,10,91800.0,True,930000.0,False
F04259,10.8,True,cotton,solar_pump,1.08,0.21,4,4.0,32,100200.0,False,868000.0,False
F04260,3.2,False,rice,canal,1.017,0.225,1,2.5,1,30000.0,True,197000.0,False
F04261,4.9,False,cotton,rainfed,0.91,0.305,3,2.5,7,41200.0,False,343000.0,False
F04262,8.4,True,sugarcane,canal,0.833,0.355,3,3.5,13,23000.0,True,717000.0,False
F04263,3.0,False,wheat,solar_pump,1.194,0.061,0,,27,10900.0,True,177000.0,False
F04264,7.1,True,wheat,canal,1.181,0.202,3,2.0,31,59600.0,False,465000.0,False
F04265,2.6,False,rice,rainfed,1.035,0.244,0,,28,10200.0,False,145000.0,True
F04266,3.0,False,cotton,diesel_tubewell,1.171,0.178,1,4.0,3,17300.0,True,255000.0,False
F04267,2.4,False,cotton,diesel_tubewell,1.004,0.196,2,3.0,13,19100.0,True,202000.0,False
F04268,5.1,True,wheat,canal,1.235,0.188,3,3.5,33,29500.0,True,399000.0,False
F04269,8.6,True,wheat,canal,1.067,0.247,3,2.5,27,72500.0,False,517000.0,True
F04270,3.6,False,rice,canal,1.216,0.183,2,3.5,5,23000.0,True,295000.0,False
F04271,1.8,False,cotton,canal,1.199,0.229,2,2.5,14,29100.0,False,178000.0,False
F04272,2.0,False,cotton,diesel_tubewell,1.001,0.236,1,2.5,16,9500.0,True,147000.0,False
F04273,5.2,True,mango,diesel_tubewell,1.016,0.257,2,3.5,7,29900.0,True,486000.0,False
F04274,13.4,True,sugarcane,canal,0.644,0.347,3,1.0,32,44500.0,True,801000.0,True
F04275,5.2,False,wheat,diesel_tubewell,0.823,0.215,3,2.0,27,14900.0,True,262000.0,False
F04276,3.2,False,rice,canal,0.961,0.313,2,2.5,2,22300.0,True,208000.0,True
F04277,6.7,False,wheat,canal,1.275,0.133,4,4.0,8,21400.0,True,556000.0,False
F04278,3.5,False,wheat,rainfed,1.096,0.188,2,2.5,21,11500.0,False,232000.0,False
F04279,3.2,False,sugarcane,canal,1.124,0.182,0,,26,32600.0,False,324000.0,False
F04280,2.2,False,wheat,diesel_tubewell,1.283,0.118,1,3.5,27,1900.0,True,169000.0,False
F04281,10.1,True,wheat,rainfed,0.855,0.338,1,3.0,34,15500.0,False,453000.0,False
F04282,0.8,False,mango,solar_pump,0.784,0.213,3,2.0,21,8200.0,False,101000.0,True
F04283,6.8,True,sugarcane,diesel_tubewell,0.89,0.253,8,1.5,6,62500.0,True,645000.0,True
F04284,3.0,False,banana,diesel_tubewell,0.777,0.284,0,,1,16600.0,True,231000.0,True
F04285,3.1,False,mango,rainfed,0.782,0.42,3,2.0,2,24100.0,True,246000.0,True
F04286,12.2,True,wheat,solar_pump,0.973,0.196,5,3.0,20,38900.0,True,713000.0,True
F04287,2.5,True,rice,canal,0.909,0.289,2,3.0,23,23100.0,False,173000.0,False
F04288,2.6,False,cotton,diesel_tubewell,1.08,0.206,4,4.0,5,35300.0,False,310000.0,False
F04289,3.7,False,sugarcane,rainfed,0.837,0.263,1,2.5,14,16800.0,False,300000.0,True
F04290,5.3,False,cotton,solar_pump,1.299,0.057,2,3.0,14,37300.0,False,484000.0,False
F04291,3.0,False,wheat,canal,0.821,0.219,2,2.5,12,2900.0,False,164000.0,False
F04292,1.5,False,wheat,canal,0.963,0.293,2,3.0,8,13900.0,True,121000.0,False
F04293,2.3,False,sugarcane,diesel_tubewell,0.827,0.25,1,3.0,11,8000.0,True,196000.0,False
F04294,9.3,False,wheat,canal,1.13,0.243,1,3.5,27,35900.0,False,549000.0,False
F04295,4.3,False,rice,diesel_tubewell,0.964,0.244,2,3.0,25,20100.0,True,274000.0,True
F04296,5.4,False,mango,diesel_tubewell,1.067,0.11,4,3.5,29,21800.0,True,583000.0,False
F04297,3.4,False,sugarcane,canal,0.846,0.374,4,2.0,33,18100.0,True,325000.0,True
F04298,2.6,False,cotton,canal,0.965,0.155,2,3.5,7,20700.0,True,216000.0,True
F04299,12.1,False,wheat,rainfed,0.878,0.416,4,3.0,13,41800.0,True,626000.0,False
F04300,3.6,True,banana,rainfed,0.704,0.394,0,,23,28200.0,True,251000.0,False
F04301,3.0,True,rice,solar_pump,1.451,0.093,5,2.5,20,36700.0,False,339000.0,False
F04302,8.3,True,cotton,rainfed,0.698,0.369,1,1.5,29,20800.0,True,378000.0,True
F04303,2.5,False,banana,rainfed,0.8,0.272,0,,34,13500.0,True,198000.0,False
F04304,2.8,False,wheat,diesel_tubewell,1.322,0.21,2,4.0,16,17000.0,False,250000.0,False
F04305,4.1,False,cotton,canal,0.959,0.167,3,3.5,23,23400.0,True,335000.0,False
F04306,4.1,True,wheat,solar_pump,0.78,0.161,3,1.5,33,26000.0,True,196000.0,True
F04307,4.8,False,wheat,diesel_tubewell,1.026,0.146,3,3.0,19,28600.0,True,319000.0,False
F04308,15.8,True,cotton,canal,1.069,0.143,6,2.5,8,33300.0,False,1190000.0,False
F04309,5.0,False,sugarcane,rainfed,0.748,0.313,3,2.0,29,23800.0,True,387000.0,False
F04310,0.9,False,wheat,canal,0.84,0.19,0,,4,2500.0,False,37000.0,False
F04311,5.0,True,rice,rainfed,0.826,0.335,2,2.5,25,25800.0,True,265000.0,True
F04312,4.2,False,mango,diesel_tubewell,1.227,0.102,2,3.5,5,68200.0,False,476000.0,False
F04313,4.2,False,mango,canal,0.71,0.375,3,3.0,9,34700.0,True,317000.0,True
F04314,4.8,False,wheat,rainfed,0.985,0.285,2,3.5,33,23400.0,False,292000.0,False
F04315,4.0,False,sugarcane,solar_pump,0.958,0.169,1,3.0,8,20300.0,False,370000.0,True
F04316,3.9,False,wheat,diesel_tubewell,0.957,0.253,5,3.0,22,40500.0,False,310000.0,False
F04317,6.0,False,sugarcane,diesel_tubewell,0.947,0.294,2,2.5,18,40600.0,True,553000.0,False
F04318,2.9,False,cotton,canal,1.17,0.231,3,3.0,4,10400.0,False,289000.0,False
F04319,2.2,False,sugarcane,canal,0.889,0.209,2,2.5,22,20700.0,False,218000.0,True
F04320,28.9,True,wheat,canal,1.187,0.116,13,4.0,14,89900.0,True,2132000.0,False
F04321,2.5,False,rice,canal,1.218,0.17,3,4.0,35,27900.0,True,264000.0,False
F04322,4.3,False,wheat,canal,0.953,0.31,3,2.0,11,17800.0,True,253000.0,False
F04323,1.5,False,wheat,diesel_tubewell,1.279,0.144,3,3.0,22,12400.0,False,170000.0,False
F04324,4.4,False,rice,canal,1.036,0.221,2,3.0,32,2500.0,False,296000.0,False
F04325,2.2,False,wheat,diesel_tubewell,1.018,0.197,3,2.5,17,20700.0,False,173000.0,False
F04326,3.0,False,sugarcane,canal,1.218,0.083,2,3.5,13,17000.0,True,387000.0,False
F04327,8.0,True,rice,canal,0.77,0.278,2,2.5,14,22200.0,False,374000.0,False
F04328,5.5,True,rice,rainfed,0.583,0.438,2,3.0,3,20000.0,True,223000.0,False
F04329,5.9,True,sugarcane,rainfed,1.016,0.304,1,2.5,27,44000.0,False,560000.0,False
F04330,1.3,False,sugarcane,solar_pump,1.007,0.247,3,2.5,0,0.0,True,180000.0,False
F04331,13.4,True,mango,canal,1.356,0.189,5,4.0,29,42300.0,False,1638000.0,False
F04332,1.9,False,wheat,diesel_tubewell,0.968,0.2,2,2.5,21,9400.0,False,133000.0,False
F04333,11.0,True,rice,canal,1.015,0.231,3,2.0,0,0.0,True,653000.0,False
F04334,7.9,True,sugarcane,diesel_tubewell,0.932,0.204,3,2.5,5,49700.0,True,725000.0,True
F04335,5.9,True,wheat,rainfed,1.09,0.172,2,3.5,3,31400.0,True,377000.0,True
F04336,2.3,False,wheat,canal,0.843,0.261,1,3.0,36,20500.0,True,121000.0,False
F04337,4.5,True,wheat,rainfed,0.559,0.35,2,3.0,2,14900.0,True,174000.0,True
F04338,3.0,False,rice,diesel_tubewell,1.176,0.129,3,3.0,33,34500.0,False,266000.0,False
F04339,4.1,False,cotton,canal,0.98,0.28,2,2.5,0,0.0,False,295000.0,False
F04340,3.4,False,rice,canal,1.032,0.165,1,4.0,19,24000.0,False,223000.0,False
F04341,1.1,True,rice,solar_pump,1.212,0.064,2,3.0,21,9400.0,True,122000.0,False
F04342,8.4,True,rice,diesel_tubewell,1.165,0.168,0,,25,15300.0,True,528000.0,False
F04343,3.8,True,wheat,canal,0.94,0.357,4,2.5,16,31100.0,True,260000.0,True
F04344,3.0,False,sugarcane,canal,0.94,0.138,3,2.5,7,32200.0,True,316000.0,False
F04345,2.8,False,rice,rainfed,0.638,0.412,6,1.5,9,17400.0,True,172000.0,True
F04346,5.1,True,wheat,canal,0.799,0.233,2,3.0,0,0.0,False,252000.0,False
F04347,2.3,False,wheat,rainfed,0.987,0.28,1,2.0,30,8000.0,True,129000.0,False
F04348,0.9,False,wheat,diesel_tubewell,0.896,0.232,1,2.5,0,0.0,True,61000.0,False
F04349,5.3,True,banana,canal,0.975,0.248,2,3.0,22,52900.0,True,562000.0,False
F04350,5.7,False,wheat,canal,0.915,0.292,4,3.0,20,8000.0,True,358000.0,False
F04351,3.6,True,wheat,solar_pump,1.126,0.113,7,3.5,11,33000.0,False,405000.0,False
F04352,1.9,True,wheat,canal,1.068,0.111,2,3.5,6,11600.0,False,159000.0,False
F04353,4.3,True,wheat,canal,0.857,0.341,2,2.5,21,1900.0,True,224000.0,False
F04354,1.6,False,cotton,canal,1.272,0.243,1,4.0,26,9400.0,True,162000.0,False
F04355,2.1,False,sugarcane,rainfed,0.803,0.316,2,3.5,17,35700.0,True,210000.0,False
F04356,2.5,False,cotton,diesel_tubewell,1.437,0.144,5,3.0,25,2900.0,False,351000.0,False
F04357,7.0,False,mango,diesel_tubewell,0.963,0.281,5,2.5,22,29200.0,False,650000.0,False
F04358,3.2,False,wheat,canal,1.07,0.297,3,2.5,35,1900.0,False,232000.0,False
F04359,3.0,False,cotton,diesel_tubewell,1.193,0.23,1,4.0,10,7900.0,False,259000.0,False
F04360,14.4,False,sugarcane,solar_pump,0.937,0.212,6,3.0,28,30100.0,True,1364000.0,False
F04361,5.1,False,rice,canal,0.889,0.312,1,1.0,14,11100.0,True,253000.0,False
F04362,5.1,False,mango,rainfed,0.93,0.384,2,2.0,20,58700.0,False,417000.0,False
F04363,3.2,False,wheat,rainfed,0.929,0.31,7,1.5,17,26600.0,False,235000.0,True
F04364,2.8,False,cotton,canal,1.144,0.136,3,4.0,12,22500.0,False,302000.0,False
F04365,1.0,False,rice,rainfed,0.754,0.245,2,2.5,25,11500.0,False,82000.0,False
F04366,7.6,False,wheat,diesel_tubewell,0.794,0.168,3,3.5,35,26100.0,False,386000.0,False
F04367,5.4,False,mango,diesel_tubewell,0.866,0.256,1,1.5,16,20100.0,False,391000.0,False
F04368,3.6,False,wheat,canal,1.004,0.255,4,4.5,6,22700.0,False,329000.0,True
F04369,3.7,False,wheat,rainfed,1.025,0.294,5,3.5,16,10200.0,True,334000.0,False
F04370,6.5,True,sugarcane,diesel_tubewell,0.959,0.181,2,3.0,7,12500.0,True,611000.0,False
F04371,1.5,False,sugarcane,solar_pump,1.078,0.107,1,3.5,19,18400.0,True,175000.0,False
F04372,2.8,False,mango,canal,1.203,0.132,1,3.0,23,28100.0,False,298000.0,False
F04373,1.9,False,mango,canal,1.118,0.116,5,2.5,17,11200.0,False,276000.0,False
F04374,12.8,True,wheat,rainfed,0.879,0.336,6,2.5,36,67400.0,True,682000.0,False
F04375,7.2,True,rice,diesel_tubewell,1.298,0.129,4,4.5,9,65600.0,False,655000.0,False
F04376,1.0,True,banana,canal,1.063,0.268,3,2.0,3,9800.0,True,155000.0,True
F04377,1.5,False,wheat,rainfed,0.73,0.34,0,,25,2800.0,True,54000.0,True
F04378,3.7,False,cotton,canal,0.89,0.19,3,2.5,36,29600.0,True,270000.0,True
F04379,3.0,False,mango,rainfed,0.808,0.303,5,3.5,1,33600.0,True,342000.0,True
F04380,1.7,False,wheat,rainfed,0.494,0.463,1,1.5,14,7600.0,True,54000.0,True
F04381,14.4,True,banana,canal,0.821,0.24,5,2.5,20,124800.0,True,1275000.0,False
F04382,5.0,False,cotton,diesel_tubewell,1.027,0.228,3,3.5,23,10000.0,True,411000.0,False
F04383,5.5,True,mango,rainfed,0.815,0.282,6,3.0,32,16500.0,True,513000.0,False
F04384,2.6,False,rice,rainfed,0.957,0.293,0,,25,10200.0,False,134000.0,True
F04385,6.5,False,rice,diesel_tubewell,1.014,0.147,4,3.5,33,52100.0,False,473000.0,False
F04386,3.2,False,sugarcane,diesel_tubewell,0.891,0.217,2,2.5,20,28000.0,True,298000.0,True
F04387,3.4,True,wheat,diesel_tubewell,0.9,0.172,1,3.5,7,11300.0,True,181000.0,False
F04388,6.0,False,rice,canal,1.058,0.292,1,3.5,33,10100.0,False,372000.0,False
F04389,1.4,True,banana,diesel_tubewell,0.81,0.367,3,2.5,14,23100.0,True,175000.0,True
F04390,11.5,True,banana,canal,1.251,0.174,2,4.0,11,194800.0,False,1491000.0,False
F04391,4.6,False,banana,canal,0.773,0.278,6,2.0,25,16500.0,False,452000.0,True
F04392,9.3,True,rice,canal,0.801,0.183,3,1.5,27,46400.0,True,440000.0,False
F04393,2.0,False,rice,rainfed,0.904,0.242,2,3.0,25,13600.0,True,148000.0,False
F04394,2.2,False,rice,canal,1.188,0.269,2,2.0,20,18500.0,True,174000.0,True
F04395,1.9,False,rice,canal,1.038,0.147,1,3.0,25,17600.0,False,131000.0,False
F04396,4.8,False,rice,canal,1.146,0.194,1,3.0,28,42100.0,False,322000.0,False
F04397,4.2,False,wheat,canal,0.98,0.282,1,3.5,7,23300.0,False,233000.0,False
F04398,3.0,False,wheat,rainfed,0.79,0.165,3,3.0,32,14500.0,True,192000.0,False
F04399,2.1,False,rice,canal,0.939,0.178,2,4.0,20,12700.0,False,173000.0,False
F04400,1.8,False,wheat,canal,0.958,0.143,2,3.5,14,10900.0,True,144000.0,False
F04401,3.9,False,wheat,rainfed,0.786,0.278,3,2.0,13,35200.0,True,202000.0,False
F04402,3.0,True,wheat,canal,0.996,0.251,3,3.5,0,0.0,True,235000.0,True
F04403,2.6,False,mango,diesel_tubewell,1.015,0.265,2,3.5,17,29700.0,False,272000.0,False
F04404,11.1,True,banana,solar_pump,0.827,0.194,2,1.0,29,90000.0,False,926000.0,False
F04405,3.8,False,rice,solar_pump,1.124,0.095,3,4.0,34,16600.0,True,331000.0,False
F04406,9.3,True,banana,canal,1.069,0.201,1,4.0,4,101000.0,False,1017000.0,False
F04407,2.9,True,mango,diesel_tubewell,0.592,0.241,3,1.0,26,10000.0,True,164000.0,True
F04408,4.8,False,wheat,diesel_tubewell,1.209,0.142,5,2.5,10,20300.0,False,392000.0,False
F04409,3.9,False,wheat,diesel_tubewell,1.004,0.194,4,3.5,3,32000.0,True,310000.0,False
F04410,1.3,False,wheat,canal,0.912,0.153,2,2.5,21,4100.0,True,100000.0,True
F04411,10.3,True,wheat,solar_pump,0.902,0.225,6,3.5,1,71500.0,False,635000.0,False
F04412,3.7,False,rice,diesel_tubewell,0.943,0.235,4,3.0,6,29500.0,True,288000.0,False
F04413,6.6,False,wheat,diesel_tubewell,0.936,0.226,3,3.0,9,47800.0,False,381000.0,False
F04414,2.5,False,mango,rainfed,0.764,0.411,3,3.5,31,24100.0,False,242000.0,False
F04415,3.6,False,rice,rainfed,1.167,0.151,4,3.5,5,17700.0,False,343000.0,False
F04416,2.3,False,cotton,solar_pump,1.127,0.107,4,3.0,10,31700.0,True,263000.0,False
F04417,9.1,True,banana,canal,1.207,0.163,8,5.0,35,173600.0,False,1421000.0,False
F04418,5.0,False,banana,canal,1.103,0.069,2,3.0,12,67400.0,True,596000.0,False
F04419,5.1,True,sugarcane,diesel_tubewell,1.192,0.16,3,4.0,10,69700.0,True,647000.0,False
F04420,9.8,False,sugarcane,canal,0.882,0.318,4,2.5,26,29300.0,True,861000.0,False
F04421,8.6,False,banana,diesel_tubewell,0.986,0.218,6,2.5,1,107900.0,False,964000.0,False
F04422,6.7,True,rice,solar_pump,1.071,0.173,5,2.5,4,20500.0,True,492000.0,False
F04423,1.6,False,mango,diesel_tubewell,1.094,0.163,1,3.5,14,10700.0,True,171000.0,False
F04424,2.6,False,wheat,canal,0.958,0.227,1,3.5,24,8500.0,False,152000.0,False
F04425,2.1,False,rice,rainfed,0.839,0.289,1,3.5,0,0.0,False,124000.0,True
F04426,6.5,False,cotton,diesel_tubewell,1.185,0.2,0,,1,43300.0,False,485000.0,False
F04427,4.5,False,wheat,diesel_tubewell,1.164,0.113,0,,1,21300.0,True,259000.0,False
F04428,1.6,False,wheat,diesel_tubewell,0.926,0.277,2,2.5,25,14700.0,False,115000.0,True
F04429,3.6,True,wheat,canal,0.974,0.205,2,2.5,26,26600.0,False,215000.0,False
F04430,1.5,False,wheat,solar_pump,1.366,0.135,1,3.0,14,11300.0,False,126000.0,False
F04431,3.9,True,wheat,canal,0.892,0.229,6,3.0,4,35300.0,True,322000.0,True
F04432,1.4,False,cotton,diesel_tubewell,0.896,0.137,1,2.5,28,8000.0,True,100000.0,False
F04433,5.7,True,mango,canal,1.085,0.307,3,2.5,26,44900.0,False,563000.0,False
F04434,5.2,True,rice,canal,1.166,0.23,4,4.0,1,40300.0,False,461000.0,False
F04435,14.0,True,rice,canal,0.655,0.23,7,3.0,27,52500.0,False,670000.0,True
F04436,7.0,True,wheat,canal,1.049,0.209,2,4.0,33,38900.0,True,430000.0,False
F04437,3.1,False,mango,rainfed,0.674,0.378,1,2.0,24,19600.0,True,186000.0,True
F04438,6.9,False,wheat,solar_pump,1.405,0.04,2,3.5,12,23000.0,True,538000.0,False
F04439,1.6,False,wheat,canal,0.958,0.105,4,3.5,8,13400.0,True,193000.0,False
F04440,2.2,False,cotton,canal,0.793,0.252,3,2.5,14,18800.0,False,172000.0,True
F04441,5.0,True,banana,solar_pump,1.211,0.097,5,3.0,12,47000.0,False,724000.0,False
F04442,1.0,True,banana,canal,1.124,0.175,0,,6,7300.0,True,111000.0,False
F04443,4.0,False,sugarcane,diesel_tubewell,1.072,0.152,3,2.5,35,52600.0,False,449000.0,False
F04444,2.1,False,sugarcane,canal,0.965,0.211,1,2.0,4,11700.0,True,199000.0,False
F04445,4.3,False,cotton,diesel_tubewell,1.063,0.13,3,3.0,10,35500.0,True,363000.0,True
F04446,2.0,False,rice,rainfed,0.88,0.339,2,3.5,2,13500.0,True,153000.0,True
F04447,5.3,False,wheat,canal,0.934,0.258,2,4.0,21,35200.0,False,312000.0,False
F04448,4.1,True,wheat,rainfed,1.024,0.336,3,3.0,3,22900.0,False,283000.0,False
F04449,10.1,True,banana,rainfed,0.951,0.23,4,3.5,27,60800.0,True,1068000.0,False
F04450,4.1,True,banana,rainfed,1.232,0.232,5,4.0,20,41100.0,True,667000.0,False
F04451,2.5,False,wheat,solar_pump,1.123,0.154,2,2.0,18,23900.0,True,172000.0,False
F04452,3.5,False,wheat,rainfed,0.889,0.357,3,3.0,26,15000.0,True,229000.0,True
F04453,1.7,False,wheat,diesel_tubewell,0.88,0.197,2,2.0,33,6800.0,True,107000.0,True
F04454,5.3,True,cotton,rainfed,0.966,0.314,1,4.5,3,24500.0,False,360000.0,False
F04455,6.0,False,wheat,canal,0.871,0.247,2,2.0,24,21700.0,False,292000.0,False
F04456,20.2,True,rice,solar_pump,1.406,0.065,8,3.0,4,120900.0,True,1734000.0,False
F04457,2.7,False,wheat,diesel_tubewell,0.959,0.346,4,1.0,3,16500.0,False,162000.0,False
F04458,3.4,True,wheat,canal,0.899,0.293,2,2.0,3,16000.0,True,185000.0,False
F04459,2.8,True,wheat,canal,0.978,0.192,1,3.5,9,10500.0,True,165000.0,False
F04460,4.7,False,sugarcane,canal,1.255,0.123,1,3.0,18,59700.0,False,556000.0,False
F04461,5.2,True,wheat,canal,1.159,0.118,3,3.5,7,35800.0,False,386000.0,False
F04462,3.9,False,cotton,canal,1.215,0.172,1,3.5,8,41800.0,False,328000.0,False
F04463,8.2,False,rice,canal,1.008,0.289,1,2.5,35,43900.0,True,467000.0,False
F04464,2.7,False,sugarcane,canal,1.053,0.197,3,3.0,5,26200.0,False,331000.0,False
F04465,7.7,False,wheat,diesel_tubewell,1.418,0.126,5,3.5,3,52500.0,False,686000.0,False
F04466,5.8,True,sugarcane,canal,1.241,0.099,4,4.5,15,70300.0,True,798000.0,False
F04467,4.0,False,wheat,canal,1.133,0.119,2,2.0,25,24600.0,False,258000.0,False
F04468,3.3,False,rice,canal,1.107,0.2,1,4.0,21,19200.0,True,231000.0,False
F04469,19.6,True,cotton,canal,1.178,0.175,6,3.0,23,110100.0,False,1604000.0,False
F04470,2.4,False,banana,canal,0.832,0.302,2,2.5,6,24900.0,True,239000.0,False
F04471,4.9,True,banana,rainfed,0.825,0.336,4,3.0,14,48900.0,True,500000.0,False
F04472,2.5,False,sugarcane,canal,1.226,0.122,3,4.0,28,31500.0,False,376000.0,False
F04473,12.9,True,mango,canal,1.045,0.223,6,4.5,12,139100.0,True,1317000.0,False
F04474,7.2,True,wheat,diesel_tubewell,1.03,0.104,2,2.5,22,33000.0,True,409000.0,False
F04475,2.6,False,rice,rainfed,1.141,0.273,4,3.0,4,21800.0,True,260000.0,False
F04476,5.7,True,wheat,diesel_tubewell,1.132,0.16,3,4.5,28,45100.0,True,432000.0,False
F04477,4.8,False,wheat,canal,0.978,0.256,4,3.5,36,38400.0,False,349000.0,False
F04478,2.9,False,cotton,diesel_tubewell,1.127,0.131,5,3.0,12,34800.0,True,331000.0,False
F04479,6.6,False,sugarcane,diesel_tubewell,1.09,0.109,4,4.5,3,46100.0,False,797000.0,False
F04480,5.2,False,sugarcane,canal,1.062,0.177,4,2.5,14,55600.0,False,580000.0,True
F04481,4.7,True,mango,rainfed,1.01,0.285,3,3.5,31,40000.0,False,472000.0,False
F04482,3.9,False,rice,rainfed,1.108,0.116,1,3.0,36,24900.0,False,258000.0,False
F04483,5.4,False,banana,diesel_tubewell,0.898,0.28,2,2.5,19,75200.0,True,522000.0,False
F04484,4.7,True,mango,canal,1.123,0.228,3,2.5,22,37400.0,False,490000.0,False
F04485,4.2,False,mango,diesel_tubewell,1.112,0.064,1,3.5,24,34300.0,False,408000.0,False
F04486,2.7,False,wheat,rainfed,0.752,0.341,0,,5,6500.0,False,101000.0,True
F04487,12.2,True,cotton,rainfed,0.62,0.327,3,2.5,7,41400.0,True,539000.0,False
F04488,2.0,False,sugarcane,canal,0.88,0.204,1,1.0,26,10100.0,True,167000.0,True
F04489,5.4,False,banana,canal,0.971,0.159,2,3.0,16,27100.0,True,569000.0,True
F04490,3.3,False,wheat,canal,0.952,0.297,3,2.5,27,4000.0,True,218000.0,False
F04491,12.7,True,wheat,solar_pump,0.894,0.147,3,4.0,14,39800.0,True,662000.0,False
F04492,2.3,False,cotton,diesel_tubewell,1.159,0.131,1,3.0,35,12000.0,False,193000.0,False
F04493,2.5,False,wheat,canal,0.942,0.237,1,2.5,28,11200.0,True,137000.0,False
F04494,2.2,True,mango,canal,1.232,0.175,1,3.5,20,16300.0,True,249000.0,False
F04495,5.0,False,wheat,canal,0.818,0.172,4,1.5,30,29700.0,False,252000.0,False
F04496,1.7,True,cotton,rainfed,0.703,0.385,0,,21,6800.0,True,75000.0,False
F04497,3.0,True,sugarcane,canal,1.08,0.28,2,2.5,8,36000.0,False,333000.0,False
F04498,1.0,False,cotton,canal,1.227,0.214,1,3.0,11,11900.0,False,102000.0,True
F04499,4.7,False,wheat,diesel_tubewell,1.197,0.102,5,4.0,6,57700.0,False,445000.0,False
F04500,2.9,False,rice,diesel_tubewell,0.969,0.139,1,3.0,20,20500.0,True,177000.0,False
F04501,1.5,False,cotton,diesel_tubewell,1.093,0.085,4,3.5,24,11900.0,False,220000.0,False
F04502,8.2,False,banana,solar_pump,0.675,0.219,4,1.5,1,67000.0,True,598000.0,True
F04503,1.7,False,sugarcane,canal,0.969,0.273,3,4.0,16,23300.0,False,248000.0,False
F04504,6.8,False,banana,canal,0.784,0.25,1,1.5,30,69300.0,True,541000.0,True
F04505,2.6,False,wheat,canal,1.057,0.162,2,2.0,28,14300.0,False,169000.0,False
F04506,11.5,True,sugarcane,diesel_tubewell,1.256,0.194,5,4.0,25,178200.0,True,1467000.0,False
F04507,6.6,True,rice,rainfed,0.985,0.281,3,3.5,10,38000.0,True,439000.0,False
F04508,2.1,False,sugarcane,canal,0.842,0.369,3,2.0,25,18400.0,False,209000.0,False
F04509,2.2,False,cotton,solar_pump,1.071,0.177,2,3.0,8,20900.0,True,198000.0,False
F04510,6.0,False,wheat,diesel_tubewell,1.124,0.218,0,,25,24300.0,True,334000.0,False
F04511,3.4,False,wheat,rainfed,0.904,0.319,3,2.5,30,21800.0,True,215000.0,False
F04512,3.6,False,mango,diesel_tubewell,0.918,0.224,3,3.0,8,11200.0,False,343000.0,False
F04513,9.3,True,mango,canal,0.775,0.312,4,2.0,27,64700.0,True,650000.0,False
F04514,2.5,False,wheat,solar_pump,1.218,0.074,3,3.5,1,9800.0,False,238000.0,False
F04515,4.3,True,rice,solar_pump,1.181,0.11,3,3.5,23,36800.0,False,362000.0,False
F04516,7.5,False,sugarcane,diesel_tubewell,1.092,0.209,1,4.5,19,6500.0,False,775000.0,False
F04517,6.9,False,rice,rainfed,0.861,0.289,4,4.0,35,10400.0,False,454000.0,False
F04518,3.7,False,wheat,canal,1.087,0.116,3,2.5,19,22300.0,True,262000.0,False
F04519,3.4,False,mango,diesel_tubewell,1.253,0.127,4,3.0,1,38100.0,False,445000.0,False
F04520,1.3,False,rice,canal,1.099,0.193,3,4.0,31,13300.0,False,177000.0,False
F04521,2.0,False,sugarcane,canal,1.06,0.187,0,,9,20500.0,True,191000.0,True
F04522,5.0,False,rice,canal,1.131,0.245,8,4.0,25,65500.0,False,572000.0,False
F04523,3.7,True,sugarcane,canal,1.015,0.311,2,2.5,28,63600.0,False,379000.0,False
F04524,4.3,False,wheat,canal,0.941,0.205,0,,12,17000.0,True,200000.0,False
F04525,8.0,True,banana,diesel_tubewell,0.699,0.354,2,1.0,1,67200.0,True,571000.0,True
F04526,1.9,False,wheat,rainfed,0.909,0.258,4,3.5,19,11300.0,False,202000.0,False
F04527,3.5,False,mango,canal,1.32,0.253,4,3.0,14,30900.0,False,474000.0,False
F04528,4.6,True,mango,canal,1.144,0.197,4,3.0,19,29500.0,False,526000.0,False
F04529,2.6,False,rice,canal,1.149,0.203,1,4.0,33,15500.0,False,195000.0,False
F04530,10.3,False,rice,canal,1.089,0.317,1,3.0,25,57300.0,True,631000.0,False
F04531,7.3,False,wheat,canal,1.041,0.188,2,3.5,8,51300.0,False,434000.0,False
F04532,4.9,True,cotton,diesel_tubewell,1.152,0.213,6,3.5,27,50300.0,False,531000.0,False
F04533,13.0,True,rice,rainfed,1.087,0.267,3,4.0,10,110300.0,False,863000.0,False
F04534,1.5,False,wheat,diesel_tubewell,1.233,0.096,2,3.0,22,18200.0,True,142000.0,False
F04535,4.0,False,wheat,diesel_tubewell,0.965,0.149,3,2.0,9,20400.0,True,241000.0,True
F04536,5.1,False,banana,diesel_tubewell,0.961,0.313,2,3.0,31,42700.0,True,535000.0,False
F04537,2.2,True,wheat,canal,0.903,0.302,1,4.0,17,4300.0,True,132000.0,False
F04538,4.9,False,cotton,canal,0.89,0.225,3,3.0,11,22800.0,True,350000.0,True
F04539,2.0,False,wheat,canal,0.92,0.313,5,2.5,36,11000.0,True,195000.0,True
F04540,6.4,True,rice,canal,1.013,0.219,4,4.0,30,28000.0,True,484000.0,False
F04541,8.1,False,cotton,rainfed,1.034,0.304,4,3.0,6,43400.0,False,628000.0,True
F04542,4.8,True,sugarcane,diesel_tubewell,1.024,0.234,0,,1,44600.0,False,442000.0,False
F04543,1.2,False,cotton,diesel_tubewell,1.238,0.144,0,,31,8700.0,True,94000.0,False
F04544,2.2,True,wheat,canal,0.677,0.204,2,2.5,30,13400.0,True,115000.0,False
F04545,5.9,False,cotton,canal,0.878,0.273,1,2.0,9,33000.0,True,343000.0,True
F04546,4.1,False,wheat,rainfed,0.947,0.351,1,3.0,11,13800.0,False,217000.0,False
F04547,0.7,False,mango,canal,1.145,0.182,1,2.0,24,8900.0,False,82000.0,True
F04548,9.1,False,wheat,solar_pump,0.901,0.192,4,2.0,25,17800.0,True,472000.0,False
F04549,4.4,False,wheat,canal,0.773,0.185,5,2.5,16,31600.0,True,273000.0,False
F04550,2.4,False,cotton,canal,0.954,0.214,1,3.0,26,9800.0,False,169000.0,False
F04551,7.7,False,wheat,canal,1.162,0.136,5,2.5,11,4600.0,False,547000.0,False
F04552,2.6,False,cotton,rainfed,0.858,0.359,2,3.0,13,19300.0,True,191000.0,True
F04553,2.6,False,cotton,canal,1.215,0.205,0,,17,14500.0,True,199000.0,False
F04554,5.1,False,banana,diesel_tubewell,0.973,0.16,7,4.0,8,88700.0,False,724000.0,False
F04555,12.9,True,wheat,canal,0.895,0.253,4,4.0,29,81400.0,False,705000.0,False
F04556,11.7,True,rice,diesel_tubewell,0.941,0.203,5,3.5,27,37400.0,True,740000.0,False
F04557,5.1,False,sugarcane,diesel_tubewell,1.165,0.171,1,4.5,19,76800.0,True,572000.0,False
F04558,5.5,False,wheat,diesel_tubewell,0.907,0.211,2,2.0,11,5800.0,True,280000.0,False
F04559,6.8,True,rice,canal,0.737,0.374,4,2.0,18,33300.0,True,337000.0,True
F04560,1.8,False,mango,canal,0.793,0.311,1,2.5,11,17900.0,False,136000.0,False
F04561,6.2,True,sugarcane,rainfed,1.125,0.271,3,4.0,8,36000.0,True,728000.0,False
F04562,2.5,False,banana,diesel_tubewell,1.098,0.202,3,4.0,23,57200.0,True,372000.0,False
F04563,5.0,True,sugarcane,canal,0.766,0.317,7,1.0,7,35800.0,True,403000.0,True
F04564,3.5,True,cotton,canal,0.712,0.309,2,1.5,25,17400.0,True,182000.0,False
F04565,5.6,True,banana,canal,1.128,0.18,2,4.0,25,84800.0,True,692000.0,False
F04566,4.4,False,wheat,diesel_tubewell,1.09,0.18,2,2.5,0,0.0,True,279000.0,False
F04567,0.6,False,rice,canal,0.757,0.214,0,,6,1000.0,True,25000.0,False
F04568,4.6,True,sugarcane,canal,0.661,0.355,1,1.5,18,2400.0,True,286000.0,False
F04569,6.2,True,mango,canal,0.793,0.24,3,3.0,0,0.0,False,473000.0,False
F04570,5.4,False,mango,diesel_tubewell,0.874,0.201,4,3.5,30,26800.0,False,499000.0,False
F04571,3.8,True,wheat,rainfed,0.626,0.399,5,3.0,21,12600.0,True,243000.0,False
F04572,11.8,True,sugarcane,diesel_tubewell,1.073,0.255,3,3.5,14,76300.0,True,1227000.0,False
F04573,5.0,True,wheat,diesel_tubewell,0.83,0.237,3,2.0,15,2100.0,True,255000.0,True
F04574,5.4,False,sugarcane,solar_pump,1.131,0.16,4,3.5,12,29100.0,False,666000.0,False
F04575,8.0,True,sugarcane,canal,1.301,0.107,4,5.0,24,112100.0,False,1104000.0,False
F04576,5.1,False,wheat,diesel_tubewell,1.052,0.238,3,3.5,22,41700.0,True,353000.0,False
F04577,2.3,False,mango,canal,0.852,0.29,3,3.5,1,14500.0,False,246000.0,False
F04578,0.8,False,cotton,canal,0.894,0.237,3,3.0,7,12800.0,False,120000.0,False
F04579,3.0,False,rice,diesel_tubewell,1.242,0.166,5,3.5,30,2900.0,True,347000.0,False
F04580,6.6,True,banana,canal,1.217,0.126,4,3.0,34,82600.0,False,895000.0,False
F04581,3.2,True,rice,diesel_tubewell,0.979,0.261,1,3.5,31,24400.0,False,198000.0,False
F04582,6.8,False,rice,diesel_tubewell,0.855,0.169,4,2.0,8,38200.0,False,380000.0,False
F04583,4.5,False,wheat,canal,0.796,0.269,3,2.5,31,19800.0,False,240000.0,False
F04584,9.4,True,wheat,canal,1.129,0.188,3,2.5,25,4900.0,True,588000.0,True
F04585,3.3,True,wheat,diesel_tubewell,1.264,0.173,1,3.0,7,33900.0,False,231000.0,False
F04586,5.5,False,wheat,diesel_tubewell,1.007,0.172,1,4.0,25,45500.0,True,308000.0,True
F04587,5.6,False,cotton,solar_pump,1.191,0.071,5,3.5,28,60400.0,True,566000.0,False
F04588,10.8,True,cotton,canal,1.193,0.16,4,4.0,26,120700.0,True,945000.0,False
F04589,1.3,False,rice,rainfed,0.996,0.395,2,2.5,35,9300.0,True,112000.0,True
F04590,3.0,False,wheat,canal,0.628,0.132,0,,31,10100.0,False,93000.0,False
F04591,7.0,True,rice,canal,1.215,0.174,5,3.5,26,67300.0,True,605000.0,True
F04592,11.1,False,mango,diesel_tubewell,1.066,0.169,3,3.0,19,84000.0,True,1034000.0,False
F04593,4.7,False,wheat,canal,0.606,0.388,3,2.5,22,11300.0,True,203000.0,True
F04594,3.4,True,rice,canal,0.878,0.313,2,1.0,33,20000.0,True,178000.0,True
F04595,6.6,False,wheat,canal,1.085,0.171,3,4.0,14,66400.0,True,455000.0,False
F04596,7.1,True,cotton,solar_pump,0.881,0.225,4,3.5,22,63700.0,True,511000.0,False
F04597,3.2,True,sugarcane,rainfed,1.228,0.274,2,4.5,13,40600.0,True,429000.0,False
F04598,5.0,False,wheat,rainfed,0.824,0.305,3,3.5,35,26800.0,True,291000.0,True
F04599,8.7,True,wheat,canal,1.116,0.177,2,4.0,33,51500.0,False,547000.0,True
F04600,13.9,True,mango,diesel_tubewell,0.999,0.225,8,2.5,3,10800.0,True,1292000.0,False
F04601,6.6,False,wheat,solar_pump,1.173,0.106,2,3.5,5,35200.0,True,441000.0,False
F04602,4.2,False,sugarcane,canal,1.007,0.23,4,3.0,31,36600.0,True,481000.0,False
F04603,3.9,False,rice,canal,0.935,0.122,1,2.5,22,9400.0,False,218000.0,False
F04604,5.8,False,wheat,canal,0.823,0.347,5,3.0,23,42800.0,True,361000.0,False
F04605,3.8,False,sugarcane,diesel_tubewell,1.068,0.289,1,3.0,6,36200.0,False,390000.0,False
F04606,4.6,True,cotton,diesel_tubewell,0.652,0.242,4,1.0,32,1900.0,False,222000.0,False
F04607,2.0,False,wheat,canal,1.234,0.241,2,3.5,28,16500.0,False,181000.0,False
F04608,9.4,True,banana,canal,0.956,0.211,2,3.0,12,118300.0,False,940000.0,False
F04609,1.9,False,cotton,solar_pump,1.077,0.073,3,3.5,32,13700.0,False,216000.0,False
F04610,3.1,False,sugarcane,diesel_tubewell,0.622,0.257,5,1.5,24,11600.0,True,236000.0,False
F04611,4.3,False,wheat,canal,0.748,0.285,2,1.5,32,7400.0,True,184000.0,True
F04612,14.8,False,wheat,canal,0.932,0.185,3,2.0,18,63500.0,False,733000.0,False
F04613,3.1,False,sugarcane,rainfed,0.927,0.292,1,3.0,14,16800.0,False,284000.0,False
F04614,2.6,True,rice,diesel_tubewell,0.927,0.209,1,2.0,28,5000.0,False,147000.0,False
F04615,2.8,False,wheat,diesel_tubewell,1.528,0.04,1,4.0,2,33700.0,False,245000.0,False
F04616,11.9,True,sugarcane,diesel_tubewell,1.003,0.205,5,3.5,24,110000.0,True,1220000.0,False
F04617,0.7,False,cotton,rainfed,0.616,0.331,1,1.5,34,2600.0,True,40000.0,True
F04618,2.1,False,cotton,canal,0.889,0.224,1,3.5,33,20400.0,False,147000.0,False
F04619,23.9,True,sugarcane,canal,0.898,0.241,2,2.0,11,181700.0,True,1965000.0,True
F04620,6.0,False,rice,canal,0.673,0.199,2,2.0,15,19800.0,True,251000.0,False
F04621,2.0,False,cotton,solar_pump,1.131,0.191,3,3.5,8,20800.0,False,230000.0,False
F04622,3.9,False,sugarcane,canal,0.929,0.259,7,3.0,21,32900.0,False,501000.0,False
F04623,4.2,False,rice,canal,1.073,0.184,2,3.5,24,23700.0,True,302000.0,False
F04624,7.0,False,banana,canal,1.362,0.175,2,3.5,31,103000.0,False,1002000.0,False
F04625,13.4,True,mango,diesel_tubewell,1.023,0.194,8,3.0,31,182700.0,False,1310000.0,False
F04626,5.2,False,cotton,diesel_tubewell,0.925,0.261,2,1.0,20,20800.0,True,320000.0,False
F04627,2.9,False,cotton,canal,1.077,0.277,2,3.5,10,26600.0,True,255000.0,True
F04628,6.8,False,banana,canal,0.729,0.255,4,3.5,15,20800.0,True,607000.0,False
F04629,2.6,True,mango,solar_pump,1.143,0.226,5,2.5,13,34600.0,True,345000.0,True
F04630,2.1,False,wheat,canal,1.184,0.145,1,3.5,17,21800.0,True,152000.0,False
F04631,1.3,False,wheat,solar_pump,1.113,0.084,0,,10,6000.0,True,72000.0,False
F04632,1.5,False,cotton,canal,0.736,0.402,1,2.5,28,5800.0,False,90000.0,True
F04633,2.3,True,mango,rainfed,0.736,0.348,3,3.0,24,13900.0,True,212000.0,False
F04634,1.9,False,banana,canal,0.981,0.171,3,3.0,34,25800.0,False,259000.0,False
F04635,5.0,False,mango,diesel_tubewell,0.977,0.212,1,2.5,2,35500.0,False,416000.0,False
F04636,1.9,False,wheat,canal,1.247,0.223,3,4.0,7,15200.0,False,217000.0,False
F04637,0.5,False,mango,canal,1.329,0.134,2,3.5,0,0.0,False,112000.0,False
F04638,2.1,True,wheat,diesel_tubewell,0.855,0.212,2,1.5,9,6200.0,True,114000.0,False
F04639,3.0,False,cotton,diesel_tubewell,1.042,0.11,2,2.0,4,25800.0,True,230000.0,False
F04640,2.7,False,cotton,solar_pump,1.308,0.071,0,,7,16200.0,False,223000.0,False
F04641,10.9,True,cotton,diesel_tubewell,1.091,0.255,7,2.5,20,94300.0,False,895000.0,False
F04642,2.7,False,rice,diesel_tubewell,1.152,0.184,0,,6,18700.0,True,168000.0,False
F04643,7.2,True,wheat,rainfed,1.129,0.2,3,4.0,21,9300.0,False,502000.0,False
F04644,4.0,False,wheat,canal,0.974,0.239,2,2.0,2,18300.0,False,226000.0,False
F04645,3.9,False,mango,rainfed,1.149,0.241,0,,24,11800.0,False,363000.0,False
F04646,2.4,False,wheat,canal,1.032,0.27,1,3.5,29,3900.0,True,152000.0,False
F04647,3.9,False,cotton,canal,1.117,0.268,2,2.5,30,23900.0,True,316000.0,False
F04648,2.5,False,wheat,solar_pump,1.09,0.131,0,,12,12600.0,False,135000.0,False
F04649,4.5,True,wheat,canal,1.102,0.189,1,4.5,12,9000.0,False,283000.0,False
F04650,3.5,False,wheat,canal,0.811,0.188,7,3.0,15,29100.0,False,316000.0,False
F04651,2.2,False,sugarcane,canal,0.81,0.245,1,1.5,32,9400.0,True,173000.0,False
F04652,7.7,False,cotton,diesel_tubewell,1.068,0.194,4,3.0,32,52900.0,False,618000.0,False
F04653,5.4,False,wheat,diesel_tubewell,1.128,0.234,2,3.5,19,60300.0,False,360000.0,False
F04654,3.0,False,mango,canal,0.668,0.21,4,2.5,33,17900.0,True,246000.0,True
F04655,4.5,True,wheat,canal,1.12,0.133,2,4.0,10,14300.0,True,316000.0,False
F04656,3.8,True,sugarcane,canal,1.079,0.14,0,,20,30500.0,False,369000.0,False
F04657,2.3,False,wheat,canal,0.964,0.275,4,1.5,7,12300.0,False,160000.0,False
F04658,4.2,False,mango,canal,1.145,0.176,1,4.5,3,30700.0,True,427000.0,False
F04659,2.7,False,wheat,canal,0.907,0.241,3,3.0,25,16600.0,True,196000.0,False
F04660,2.2,False,rice,rainfed,0.846,0.304,1,2.5,16,9400.0,False,121000.0,False
F04661,1.4,False,rice,diesel_tubewell,0.96,0.216,2,3.5,21,5500.0,True,131000.0,False
F04662,3.2,False,rice,canal,1.081,0.203,1,2.5,33,23000.0,False,208000.0,False
F04663,5.9,True,mango,canal,1.141,0.09,6,3.0,18,88400.0,True,695000.0,False
F04664,2.6,False,wheat,canal,0.626,0.343,1,3.0,33,7500.0,True,106000.0,True
F04665,20.9,True,cotton,canal,1.129,0.201,5,3.5,21,155200.0,True,1633000.0,False
F04666,7.2,True,mango,canal,1.058,0.194,7,4.0,12,12900.0,True,851000.0,False
F04667,9.5,True,mango,rainfed,1.088,0.324,6,3.0,3,81600.0,True,987000.0,False
F04668,6.8,True,cotton,solar_pump,1.523,0.04,1,4.5,35,101700.0,False,690000.0,False
F04669,13.5,True,rice,diesel_tubewell,0.913,0.214,4,3.0,29,84200.0,True,766000.0,False
F04670,2.4,False,sugarcane,canal,0.899,0.271,2,2.5,12,20900.0,True,236000.0,True
F04671,0.8,False,sugarcane,diesel_tubewell,0.96,0.173,1,3.5,26,8000.0,True,98000.0,True
F04672,3.0,True,mango,rainfed,0.971,0.34,0,,30,17300.0,True,236000.0,True
F04673,5.8,True,mango,canal,1.191,0.223,1,3.5,0,0.0,False,589000.0,False
F04674,4.5,True,cotton,rainfed,0.915,0.342,4,1.5,34,36400.0,False,309000.0,False
F04675,4.9,False,rice,canal,1.022,0.257,0,,5,18000.0,True,270000.0,False
F04676,9.6,True,cotton,diesel_tubewell,0.892,0.141,2,1.0,4,60300.0,True,556000.0,True
F04677,5.2,True,wheat,canal,0.785,0.238,3,1.5,16,13500.0,False,240000.0,True
F04678,6.8,True,mango,diesel_tubewell,1.014,0.224,3,2.5,10,42700.0,False,621000.0,False
F04679,2.2,False,rice,canal,0.991,0.199,5,3.5,14,12200.0,False,264000.0,False
F04680,2.0,True,wheat,diesel_tubewell,1.296,0.04,2,4.0,20,17300.0,False,195000.0,False
F04681,11.6,True,rice,diesel_tubewell,0.799,0.263,3,3.5,15,50700.0,False,588000.0,False
F04682,4.3,False,wheat,diesel_tubewell,1.235,0.242,1,2.5,13,27400.0,True,284000.0,False
F04683,2.7,False,wheat,diesel_tubewell,1.001,0.168,3,2.0,19,17200.0,False,184000.0,False
F04684,2.7,False,rice,canal,1.226,0.236,4,2.0,36,26400.0,True,245000.0,False
F04685,2.7,False,sugarcane,diesel_tubewell,0.855,0.262,2,2.0,25,36900.0,True,241000.0,False
F04686,2.6,False,cotton,canal,1.13,0.131,1,3.0,14,22600.0,True,210000.0,False
F04687,1.8,True,wheat,diesel_tubewell,1.215,0.124,4,4.5,25,4500.0,False,258000.0,False
F04688,1.5,False,rice,canal,1.016,0.342,2,3.5,31,10600.0,True,141000.0,False
F04689,3.6,False,wheat,diesel_tubewell,1.248,0.076,2,4.0,1,23700.0,True,289000.0,False
F04690,2.8,False,banana,canal,1.16,0.18,2,3.0,7,11300.0,False,371000.0,False
F04691,8.3,True,wheat,rainfed,1.176,0.35,1,4.0,36,57300.0,False,516000.0,False
F04692,4.9,False,mango,diesel_tubewell,0.89,0.192,4,3.5,36,67200.0,True,470000.0,False
F04693,4.8,True,wheat,canal,1.206,0.252,3,3.0,26,19700.0,True,362000.0,False
F04694,2.5,False,wheat,diesel_tubewell,0.978,0.198,1,2.5,27,17800.0,True,142000.0,True
F04695,3.7,True,cotton,canal,0.905,0.257,2,2.5,33,30100.0,True,253000.0,False
F04696,5.1,True,sugarcane,canal,1.173,0.198,1,3.0,0,0.0,False,563000.0,False
F04697,6.5,True,banana,canal,0.806,0.252,0,,19,57600.0,True,519000.0,False
F04698,3.8,False,cotton,solar_pump,1.077,0.156,3,2.5,6,18500.0,False,320000.0,False
F04699,8.2,False,cotton,rainfed,0.535,0.433,3,2.0,35,39700.0,True,327000.0,True
F04700,4.1,False,wheat,rainfed,0.844,0.302,0,,3,21500.0,True,171000.0,False
F04701,6.8,False,rice,canal,0.906,0.38,4,2.0,4,39600.0,True,399000.0,False
F04702,2.9,False,cotton,canal,0.919,0.296,1,3.5,21,18400.0,False,197000.0,False
F04703,1.2,False,mango,solar_pump,1.152,0.104,1,2.0,12,7300.0,True,129000.0,False
F04704,4.8,False,cotton,canal,1.111,0.179,0,,30,38600.0,False,336000.0,True
F04705,6.5,True,sugarcane,diesel_tubewell,0.875,0.338,2,2.0,10,45700.0,True,545000.0,False
F04706,5.9,False,mango,rainfed,0.695,0.311,3,1.5,29,29100.0,False,370000.0,False
F04707,5.3,False,wheat,canal,1.112,0.172,5,3.0,14,47800.0,True,417000.0,True
F04708,3.2,False,cotton,canal,1.249,0.225,4,4.0,21,28400.0,False,385000.0,False
F04709,2.4,False,mango,rainfed,1.195,0.197,4,3.0,36,19900.0,False,332000.0,False
F04710,5.8,False,cotton,diesel_tubewell,0.862,0.241,3,2.5,22,45100.0,True,377000.0,False
F04711,5.4,True,rice,rainfed,1.171,0.289,0,,6,11300.0,True,341000.0,False
F04712,2.8,False,mango,diesel_tubewell,1.216,0.072,4,3.0,34,40400.0,False,376000.0,False
F04713,8.3,False,wheat,canal,0.716,0.215,2,2.5,34,14200.0,True,336000.0,True
F04714,2.3,False,mango,solar_pump,1.408,0.117,4,3.5,16,8700.0,True,379000.0,False
F04715,2.8,True,cotton,solar_pump,1.081,0.159,2,2.0,14,23600.0,False,224000.0,True
F04716,11.7,True,rice,rainfed,0.771,0.306,5,3.0,27,57600.0,False,612000.0,True
F04717,7.1,True,wheat,diesel_tubewell,1.069,0.097,4,3.0,20,29600.0,True,476000.0,False
F04718,3.2,False,cotton,diesel_tubewell,1.26,0.243,4,3.0,3,15900.0,True,354000.0,False
F04719,4.9,False,wheat,canal,1.123,0.203,4,3.5,12,36800.0,False,389000.0,False
F04720,4.5,False,wheat,canal,1.238,0.14,6,4.5,3,33900.0,False,501000.0,False
F04721,0.7,False,cotton,rainfed,0.703,0.419,4,2.5,10,12500.0,True,114000.0,False
F04722,2.2,False,wheat,rainfed,0.664,0.335,3,3.5,6,10300.0,True,160000.0,True
F04723,3.9,False,rice,diesel_tubewell,1.014,0.31,4,3.5,36,22800.0,True,330000.0,False
F04724,3.2,False,wheat,rainfed,1.079,0.292,3,4.0,35,32600.0,False,271000.0,False
F04725,4.8,False,wheat,canal,0.652,0.259,2,1.0,0,0.0,False,172000.0,False
F04726,8.4,False,wheat,rainfed,0.961,0.29,3,3.0,28,16500.0,True,475000.0,False
F04727,3.3,False,cotton,diesel_tubewell,0.792,0.214,2,3.0,30,11200.0,True,215000.0,False
F04728,2.0,False,wheat,diesel_tubewell,0.814,0.255,0,,33,7400.0,True,81000.0,False
F04729,5.0,True,wheat,diesel_tubewell,1.403,0.124,3,4.5,32,67600.0,True,460000.0,False
F04730,3.3,False,rice,diesel_tubewell,0.907,0.153,2,3.5,12,19400.0,True,220000.0,False
F04731,3.7,False,sugarcane,rainfed,0.4,0.47,3,1.0,17,8600.0,True,158000.0,True
F04732,3.4,False,rice,canal,1.112,0.26,6,2.5,6,18300.0,True,329000.0,False
F04733,17.4,True,wheat,rainfed,1.182,0.241,4,4.5,32,113300.0,False,1168000.0,False
F04734,0.9,False,mango,canal,0.757,0.303,1,1.0,2,1600.0,True,64000.0,True
F04735,3.2,True,rice,canal,1.262,0.153,1,3.0,18,5000.0,True,243000.0,False
F04736,4.0,False,rice,diesel_tubewell,1.159,0.105,1,3.0,16,24700.0,False,275000.0,False
F04737,2.4,False,wheat,solar_pump,1.045,0.144,0,,12,14000.0,False,124000.0,False
F04738,7.3,True,wheat,rainfed,1.051,0.295,6,3.5,35,63100.0,True,555000.0,True
F04739,6.9,False,cotton,canal,0.91,0.279,3,3.5,17,45800.0,False,483000.0,False
F04740,3.9,True,wheat,canal,1.187,0.138,0,,1,28200.0,False,229000.0,False
F04741,3.4,False,rice,diesel_tubewell,1.097,0.15,2,4.0,31,20700.0,False,268000.0,False
F04742,3.8,True,wheat,rainfed,0.933,0.231,0,,34,12400.0,True,176000.0,False
F04743,3.8,False,wheat,rainfed,0.68,0.449,0,,12,10400.0,True,128000.0,True
F04744,3.9,True,wheat,rainfed,0.627,0.266,4,1.5,10,15900.0,False,171000.0,True
F04745,3.6,False,wheat,diesel_tubewell,0.579,0.318,0,,26,20600.0,True,103000.0,False
F04746,4.8,True,cotton,rainfed,1.002,0.292,2,3.0,2,27100.0,True,353000.0,False
F04747,6.6,False,wheat,canal,0.942,0.189,4,3.0,24,36400.0,False,408000.0,False
F04748,1.8,False,rice,rainfed,0.907,0.327,3,3.5,6,24800.0,False,176000.0,False
F04749,2.0,False,wheat,diesel_tubewell,1.126,0.165,3,2.5,8,17700.0,False,174000.0,False
F04750,1.3,True,rice,canal,1.264,0.197,2,3.0,3,3800.0,False,139000.0,False
F04751,7.1,False,banana,diesel_tubewell,1.008,0.137,2,3.5,23,107800.0,True,767000.0,True
F04752,4.8,False,mango,solar_pump,1.03,0.185,0,,25,37700.0,False,400000.0,False
F04753,5.6,True,rice,canal,0.909,0.196,3,4.0,17,3100.0,False,375000.0,False
F04754,1.6,False,cotton,canal,1.32,0.12,5,4.0,35,20900.0,False,300000.0,False
F04755,12.9,True,sugarcane,solar_pump,1.167,0.094,8,2.5,2,90300.0,False,1522000.0,False
F04756,2.7,False,banana,rainfed,0.75,0.325,5,2.5,36,20600.0,True,305000.0,False
F04757,4.5,False,cotton,diesel_tubewell,1.094,0.208,1,3.5,29,27900.0,False,339000.0,False
F04758,7.1,True,wheat,canal,0.925,0.193,5,2.5,2,46100.0,False,429000.0,False
F04759,2.1,False,sugarcane,diesel_tubewell,0.893,0.245,2,1.5,15,24300.0,True,194000.0,True
F04760,2.8,False,wheat,canal,0.845,0.292,2,2.5,20,20100.0,True,159000.0,True
F04761,4.6,True,sugarcane,canal,0.977,0.224,0,,22,55300.0,False,405000.0,False
F04762,26.0,True,wheat,canal,1.339,0.193,11,4.0,16,160200.0,True,2089000.0,False
F04763,4.9,False,wheat,diesel_tubewell,1.185,0.29,6,3.5,11,6300.0,True,462000.0,False
F04764,11.5,True,sugarcane,canal,0.933,0.183,8,3.5,10,10000.0,False,1199000.0,False
F04765,8.9,False,rice,canal,1.131,0.247,3,4.5,22,71600.0,False,656000.0,False
F04766,5.2,False,rice,canal,0.999,0.303,4,1.5,19,26900.0,True,330000.0,False
F04767,2.1,False,mango,diesel_tubewell,1.203,0.198,3,2.5,14,35600.0,False,267000.0,False
F04768,8.1,True,mango,canal,0.879,0.322,7,3.0,9,74200.0,False,751000.0,False
F04769,1.5,False,cotton,canal,0.78,0.368,0,,18,1800.0,True,74000.0,False
F04770,11.5,True,banana,diesel_tubewell,0.535,0.302,6,1.0,8,41700.0,True,660000.0,True
F04771,4.6,False,cotton,solar_pump,1.162,0.128,1,2.5,15,34900.0,False,357000.0,False
F04772,0.7,True,wheat,rainfed,0.796,0.386,3,3.5,35,5300.0,True,115000.0,False
F04773,3.3,False,mango,diesel_tubewell,0.83,0.244,3,2.0,27,36300.0,True,272000.0,True
F04774,6.2,False,cotton,diesel_tubewell,1.036,0.365,1,2.5,27,29200.0,True,426000.0,True
F04775,3.5,False,mango,rainfed,0.924,0.317,0,,1,19000.0,True,262000.0,False
F04776,6.5,False,wheat,diesel_tubewell,1.168,0.184,5,3.0,28,14900.0,True,501000.0,False
F04777,2.3,False,wheat,diesel_tubewell,1.175,0.069,3,4.0,23,35400.0,True,234000.0,True
F04778,1.7,False,wheat,canal,1.029,0.221,3,3.5,18,13400.0,True,174000.0,False
F04779,3.9,False,rice,canal,1.023,0.204,3,2.5,10,25900.0,False,278000.0,False
F04780,4.1,True,mango,canal,1.187,0.22,0,,15,22700.0,False,394000.0,False
F04781,3.2,False,cotton,canal,1.051,0.079,4,4.0,13,24200.0,False,345000.0,True
F04782,9.0,False,wheat,rainfed,0.963,0.381,7,3.0,14,56500.0,False,604000.0,False
F04783,2.3,False,cotton,canal,0.983,0.221,2,2.5,30,18000.0,True,184000.0,False
F04784,5.0,False,cotton,diesel_tubewell,1.097,0.098,3,4.0,5,45700.0,False,446000.0,False
F04785,4.2,False,rice,rainfed,0.736,0.342,1,1.0,23,20500.0,True,175000.0,False
F04786,1.5,False,rice,diesel_tubewell,1.218,0.156,2,4.5,35,18500.0,True,174000.0,False
F04787,1.7,False,wheat,canal,1.021,0.211,1,3.0,6,11300.0,False,111000.0,False
F04788,4.1,False,cotton,rainfed,0.91,0.382,1,3.0,24,16000.0,True,260000.0,True
F04789,14.7,True,rice,canal,1.304,0.18,3,4.0,3,86100.0,False,1135000.0,False
F04790,5.9,True,wheat,canal,0.802,0.327,3,3.0,18,13100.0,False,309000.0,True
F04791,1.3,False,cotton,canal,1.08,0.239,2,3.0,12,9200.0,False,138000.0,False
F04792,0.5,False,rice,canal,0.903,0.27,2,2.5,23,6400.0,True,66000.0,False
F04793,6.5,True,cotton,solar_pump,1.231,0.086,0,,27,48800.0,True,504000.0,False
F04794,3.8,False,wheat,canal,1.245,0.2,6,3.0,36,40500.0,True,384000.0,False
F04795,8.5,True,wheat,solar_pump,1.071,0.143,2,3.0,3,66300.0,False,501000.0,False
F04796,2.3,False,sugarcane,canal,1.653,0.159,4,5.0,9,20100.0,False,509000.0,False
F04797,5.1,False,wheat,rainfed,0.646,0.352,1,3.5,26,4100.0,False,192000.0,True
F04798,7.0,True,mango,canal,1.06,0.257,3,2.5,32,49500.0,True,663000.0,False
F04799,3.0,False,cotton,rainfed,0.869,0.343,2,2.5,14,27300.0,True,206000.0,True
F04800,3.1,False,cotton,canal,1.014,0.315,3,3.0,3,35900.0,True,273000.0,False
F04801,4.1,False,sugarcane,rainfed,0.78,0.238,0,,3,25900.0,False,288000.0,False
F04802,5.8,False,cotton,rainfed,1.022,0.258,2,3.0,0,0.0,False,423000.0,False
F04803,4.0,True,wheat,diesel_tubewell,0.796,0.201,4,2.5,2,22200.0,True,241000.0,False
F04804,7.6,True,wheat,canal,0.755,0.183,3,2.5,33,41800.0,True,346000.0,False
F04805,3.0,False,rice,diesel_tubewell,0.928,0.2,2,1.5,36,10100.0,False,175000.0,False
F04806,1.7,False,cotton,diesel_tubewell,1.212,0.196,1,3.0,3,10000.0,False,155000.0,False
F04807,14.7,True,mango,diesel_tubewell,1.186,0.152,3,3.0,36,128700.0,False,1487000.0,False
F04808,2.7,False,cotton,diesel_tubewell,0.713,0.234,3,1.5,25,19200.0,True,159000.0,False
F04809,2.8,False,cotton,rainfed,0.918,0.338,2,4.0,20,25400.0,False,229000.0,False
F04810,3.9,True,wheat,rainfed,0.584,0.395,2,1.5,17,2400.0,True,138000.0,True
F04811,4.2,False,wheat,diesel_tubewell,1.046,0.237,1,4.0,9,27900.0,False,251000.0,False
F04812,3.2,False,mango,canal,0.932,0.278,2,2.0,15,22800.0,False,275000.0,True
F04813,4.0,True,wheat,canal,1.043,0.212,2,3.5,36,27700.0,True,265000.0,False
F04814,4.0,False,mango,diesel_tubewell,1.138,0.132,0,,36,28100.0,False,369000.0,False
F04815,4.5,False,wheat,rainfed,1.149,0.317,4,3.5,24,37200.0,False,373000.0,False
F04816,0.9,False,cotton,canal,0.849,0.187,4,1.5,11,8300.0,True,98000.0,False
F04817,13.8,True,wheat,canal,1.124,0.185,4,2.0,12,54400.0,False,834000.0,False
F04818,3.7,False,sugarcane,canal,0.75,0.331,3,2.0,3,17400.0,False,300000.0,False
F04819,5.9,False,wheat,canal,0.893,0.267,1,1.5,9,21000.0,True,273000.0,True
F04820,1.7,False,rice,rainfed,1.023,0.252,3,1.5,9,5300.0,False,131000.0,False
F04821,3.0,False,mango,diesel_tubewell,1.138,0.285,3,2.5,35,23200.0,True,339000.0,False
F04822,2.6,False,rice,canal,1.155,0.283,2,3.5,35,16000.0,True,220000.0,True
F04823,10.5,True,wheat,canal,1.188,0.174,5,4.0,22,92500.0,False,784000.0,False
F04824,2.8,False,sugarcane,canal,0.902,0.214,1,1.5,34,25300.0,True,240000.0,False
F04825,6.6,True,cotton,diesel_tubewell,1.18,0.051,4,3.0,21,88900.0,True,591000.0,False
F04826,2.7,False,wheat,diesel_tubewell,0.78,0.29,2,2.5,10,4000.0,False,146000.0,False
F04827,3.0,False,cotton,canal,1.247,0.198,6,4.5,19,34400.0,False,461000.0,False
F04828,3.5,False,mango,canal,1.099,0.193,1,4.0,20,42900.0,True,345000.0,False
F04829,9.3,True,cotton,rainfed,0.941,0.179,4,4.0,10,63300.0,False,685000.0,True
F04830,1.2,True,sugarcane,solar_pump,1.02,0.186,1,2.5,21,10000.0,True,131000.0,True
F04831,1.7,False,sugarcane,diesel_tubewell,1.416,0.083,3,4.0,32,16500.0,False,317000.0,False
F04832,1.1,False,cotton,diesel_tubewell,1.394,0.128,1,4.0,36,13800.0,False,130000.0,False
F04833,2.0,False,wheat,rainfed,1.071,0.398,1,3.0,34,11700.0,True,131000.0,False
F04834,2.4,False,sugarcane,diesel_tubewell,1.249,0.22,2,3.0,23,23100.0,False,320000.0,False
F04835,1.4,False,cotton,rainfed,0.828,0.333,1,3.5,23,12000.0,True,102000.0,False
F04836,2.5,False,wheat,canal,0.799,0.256,1,2.5,31,18900.0,True,120000.0,False
F04837,1.1,False,wheat,canal,1.157,0.239,0,,11,3400.0,False,63000.0,False
F04838,2.1,False,mango,canal,0.909,0.212,0,,5,15900.0,False,155000.0,False
F04839,8.8,True,wheat,rainfed,1.09,0.29,7,3.5,0,0.0,False,679000.0,False
F04840,5.3,False,wheat,diesel_tubewell,1.119,0.146,5,2.5,18,41700.0,False,398000.0,False
F04841,4.6,False,wheat,canal,1.001,0.167,3,3.5,5,40200.0,True,316000.0,False
F04842,2.1,False,wheat,rainfed,0.938,0.375,2,3.5,28,20400.0,False,156000.0,True
F04843,1.5,False,banana,rainfed,0.887,0.164,1,3.5,7,10700.0,True,161000.0,False
F04844,1.9,True,cotton,canal,0.855,0.186,1,4.5,1,3900.0,False,140000.0,False
F04845,3.9,True,sugarcane,diesel_tubewell,1.031,0.241,4,2.5,14,35700.0,False,445000.0,False
F04846,7.1,True,sugarcane,diesel_tubewell,0.741,0.337,7,2.0,15,47500.0,False,590000.0,False
F04847,7.3,False,cotton,canal,1.189,0.204,4,3.5,19,5500.0,False,664000.0,False
F04848,6.1,True,sugarcane,diesel_tubewell,1.235,0.131,4,3.0,34,91100.0,False,778000.0,False
F04849,2.5,False,banana,canal,1.339,0.106,5,4.0,18,32800.0,True,498000.0,False
F04850,4.1,False,sugarcane,rainfed,0.743,0.337,2,3.5,28,27100.0,True,333000.0,False
F04851,3.3,True,sugarcane,rainfed,0.965,0.341,2,3.0,27,21700.0,False,337000.0,False
F04852,3.6,False,cotton,rainfed,0.873,0.362,4,3.0,5,22800.0,False,298000.0,True
F04853,15.2,True,mango,solar_pump,1.197,0.159,4,3.5,8,200100.0,True,1590000.0,False
F04854,1.3,False,wheat,canal,0.902,0.263,3,1.5,18,8200.0,True,96000.0,False
F04855,3.5,True,sugarcane,canal,1.05,0.144,1,3.0,11,54800.0,False,356000.0,False
F04856,8.9,False,cotton,diesel_tubewell,1.17,0.086,3,3.5,17,77500.0,False,743000.0,False
F04857,1.6,False,rice,canal,1.045,0.214,4,3.0,7,20300.0,True,190000.0,False
F04858,2.7,True,mango,diesel_tubewell,1.216,0.191,2,4.0,4,25500.0,False,333000.0,False
F04859,2.9,True,rice,canal,0.981,0.212,5,3.0,14,22700.0,True,279000.0,False
F04860,3.5,False,wheat,canal,1.096,0.251,2,3.0,11,28200.0,True,240000.0,False
F04861,1.4,True,sugarcane,diesel_tubewell,1.079,0.113,3,3.5,21,27500.0,False,223000.0,True
F04862,6.0,False,banana,diesel_tubewell,1.103,0.158,2,2.5,6,64200.0,True,697000.0,False
F04863,6.3,False,rice,diesel_tubewell,0.823,0.32,2,3.0,23,33600.0,True,330000.0,False
F04864,5.6,False,mango,diesel_tubewell,0.895,0.247,2,3.0,36,35900.0,True,456000.0,False
F04865,2.3,False,mango,canal,0.867,0.222,2,3.5,16,19900.0,True,220000.0,False
F04866,4.3,False,mango,solar_pump,0.817,0.223,0,,18,24500.0,True,285000.0,True
F04867,2.3,False,cotton,diesel_tubewell,0.935,0.266,3,3.5,2,18900.0,False,223000.0,False
F04868,3.3,False,cotton,diesel_tubewell,1.054,0.268,3,3.0,5,34300.0,True,294000.0,False
F04869,16.4,True,mango,canal,1.245,0.198,5,4.0,1,148600.0,False,1820000.0,False
F04870,4.3,False,mango,diesel_tubewell,0.864,0.233,1,1.5,17,19600.0,False,314000.0,True
F04871,1.9,False,wheat,canal,0.961,0.152,4,4.0,18,16600.0,False,224000.0,False
F04872,4.6,False,wheat,diesel_tubewell,1.197,0.151,5,4.0,3,32400.0,True,439000.0,False
F04873,1.7,False,cotton,canal,0.819,0.303,0,,15,8600.0,False,88000.0,False
F04874,1.9,False,sugarcane,rainfed,0.934,0.25,2,4.0,31,14700.0,False,226000.0,False
F04875,2.1,False,mango,solar_pump,1.246,0.082,0,,32,25600.0,True,212000.0,False
F04876,3.0,False,rice,diesel_tubewell,0.756,0.347,2,3.0,23,12800.0,False,173000.0,True
F04877,7.5,True,wheat,rainfed,0.84,0.284,0,,28,42300.0,True,312000.0,False
F04878,5.9,True,wheat,diesel_tubewell,1.246,0.117,3,4.0,19,39100.0,False,464000.0,False
F04879,5.7,False,mango,canal,1.01,0.196,0,,11,47100.0,True,466000.0,False
F04880,2.0,False,cotton,solar_pump,1.39,0.127,1,3.5,27,23800.0,True,204000.0,False
F04881,2.9,False,wheat,rainfed,0.894,0.25,2,3.0,31,22100.0,False,178000.0,True
F04882,4.8,True,wheat,canal,1.213,0.076,6,4.5,11,53500.0,False,513000.0,False
F04883,2.7,True,mango,canal,1.149,0.16,2,3.0,14,51400.0,False,301000.0,True
F04884,3.4,False,cotton,diesel_tubewell,1.36,0.139,4,4.0,15,35400.0,False,425000.0,False
F04885,5.4,True,wheat,canal,1.023,0.111,5,4.0,26,14500.0,True,440000.0,False
F04886,3.2,False,wheat,diesel_tubewell,0.79,0.181,5,1.5,3,15400.0,True,188000.0,True
F04887,4.7,False,banana,diesel_tubewell,0.99,0.212,1,2.5,27,52900.0,True,481000.0,False
F04888,11.4,True,cotton,solar_pump,1.103,0.098,3,4.0,8,87900.0,True,892000.0,False
F04889,3.6,False,cotton,canal,1.187,0.144,1,3.0,17,14500.0,False,294000.0,False
F04890,8.7,False,wheat,canal,1.05,0.213,1,1.5,1,33500.0,True,465000.0,False
F04891,5.8,False,wheat,rainfed,1.136,0.328,2,2.5,29,20700.0,True,368000.0,True
F04892,1.6,True,mango,canal,0.857,0.283,1,2.5,3,8100.0,False,132000.0,True
F04893,2.0,False,sugarcane,diesel_tubewell,1.197,0.189,1,4.0,8,20000.0,False,249000.0,False
F04894,2.4,False,cotton,canal,1.051,0.275,1,3.0,24,18200.0,False,184000.0,False
F04895,2.3,True,mango,canal,0.863,0.279,6,2.0,12,15400.0,True,261000.0,False
F04896,3.8,False,cotton,diesel_tubewell,0.927,0.098,3,3.0,8,18500.0,False,297000.0,False
F04897,6.0,False,mango,canal,1.257,0.04,3,5.0,20,78700.0,True,736000.0,False
F04898,9.2,True,wheat,diesel_tubewell,0.942,0.176,3,3.0,0,0.0,True,504000.0,True
F04899,5.0,False,cotton,diesel_tubewell,1.22,0.083,2,3.0,13,23100.0,True,434000.0,False
F04900,3.0,False,mango,rainfed,0.606,0.397,2,3.0,7,30900.0,False,197000.0,True
F04901,1.0,False,mango,rainfed,0.752,0.321,2,3.0,20,7300.0,True,111000.0,False
F04902,4.2,False,sugarcane,canal,0.684,0.283,5,1.5,11,7200.0,True,321000.0,True
F04903,4.1,False,rice,canal,1.088,0.207,1,3.0,24,11200.0,False,266000.0,False
F04904,4.6,True,mango,rainfed,0.721,0.404,4,2.0,5,5700.0,True,335000.0,True
F04905,15.9,True,sugarcane,canal,1.223,0.133,6,3.0,2,262900.0,False,1901000.0,False
F04906,9.1,False,wheat,canal,0.762,0.264,3,3.0,7,33800.0,False,418000.0,True
F04907,6.8,True,cotton,canal,1.156,0.145,3,2.5,32,27100.0,True,558000.0,False
F04908,2.2,False,rice,diesel_tubewell,1.049,0.243,5,4.5,36,31800.0,True,312000.0,False
F04909,2.9,False,rice,canal,0.867,0.345,0,,2,19100.0,False,136000.0,False
F04910,3.8,False,mango,canal,1.07,0.267,2,3.0,0,0.0,False,379000.0,False
F04911,2.4,False,cotton,diesel_tubewell,1.165,0.165,3,3.0,5,34600.0,True,251000.0,False
F04912,5.6,False,wheat,solar_pump,1.43,0.124,1,3.0,20,30400.0,True,422000.0,False
F04913,5.1,True,wheat,canal,0.789,0.19,1,1.5,34,9300.0,False,212000.0,False
F04914,2.0,False,mango,diesel_tubewell,0.934,0.13,1,2.5,29,24700.0,False,172000.0,False
F04915,8.8,False,wheat,diesel_tubewell,1.075,0.175,2,4.0,9,31700.0,True,535000.0,False
F04916,4.3,False,mango,canal,1.201,0.236,2,3.0,36,30200.0,False,468000.0,False
F04917,1.3,False,wheat,canal,0.945,0.207,0,,9,7200.0,True,61000.0,False
F04918,3.9,False,cotton,canal,0.93,0.254,3,2.5,13,24600.0,True,291000.0,False
F04919,4.9,False,mango,canal,0.936,0.247,6,3.0,30,41600.0,True,522000.0,False
F04920,7.6,True,cotton,rainfed,0.656,0.316,4,2.5,11,29800.0,True,398000.0,False
F04921,3.3,False,mango,canal,1.053,0.202,3,3.5,27,22600.0,True,369000.0,False
F04922,6.9,False,wheat,rainfed,0.682,0.374,2,3.0,15,25300.0,False,283000.0,False
F04923,4.6,False,cotton,canal,1.135,0.161,3,3.5,30,41500.0,True,417000.0,False
F04924,1.7,False,rice,canal,1.084,0.224,0,,23,7500.0,False,99000.0,False
F04925,1.6,False,mango,diesel_tubewell,1.226,0.104,1,4.5,34,20100.0,True,196000.0,False
F04926,8.4,True,wheat,rainfed,0.58,0.426,7,2.5,16,37600.0,True,387000.0,True
F04927,8.8,True,wheat,canal,0.697,0.286,5,2.0,13,37200.0,True,387000.0,True
F04928,5.0,False,rice,canal,1.256,0.172,2,3.5,12,29400.0,True,397000.0,False
F04929,10.7,True,banana,diesel_tubewell,0.931,0.195,1,2.0,20,71100.0,True,1002000.0,True
F04930,8.1,True,mango,canal,0.751,0.287,7,3.5,33,66700.0,True,697000.0,True
F04931,6.3,True,mango,diesel_tubewell,0.923,0.154,3,3.0,5,23700.0,True,546000.0,False
F04932,2.2,False,cotton,solar_pump,0.941,0.154,2,2.5,15,31000.0,False,172000.0,False
F04933,12.5,True,rice,canal,0.848,0.216,5,2.5,9,5600.0,True,677000.0,True
F04934,5.7,False,mango,rainfed,0.966,0.264,3,3.0,6,33700.0,False,521000.0,False
F04935,3.2,True,mango,canal,0.981,0.111,6,4.0,25,45600.0,False,454000.0,False
F04936,2.6,True,mango,rainfed,0.777,0.376,0,,36,17600.0,True,164000.0,True
F04937,4.8,False,mango,rainfed,1.066,0.296,7,4.0,36,35800.0,True,648000.0,False
F04938,1.4,False,mango,diesel_tubewell,1.05,0.16,0,,20,7300.0,True,119000.0,True
F04939,6.4,False,wheat,rainfed,0.925,0.348,1,3.5,0,0.0,False,322000.0,False
F04940,2.2,False,wheat,solar_pump,1.177,0.091,3,4.0,31,8700.0,False,228000.0,False
F04941,5.2,False,banana,canal,1.089,0.178,3,4.0,26,28600.0,True,661000.0,False
F04942,2.9,False,rice,canal,0.816,0.239,1,1.0,11,15300.0,False,136000.0,False
F04943,3.4,True,wheat,canal,1.041,0.212,2,3.0,32,24900.0,False,225000.0,False
F04944,2.5,False,cotton,diesel_tubewell,1.054,0.238,1,2.5,8,15600.0,True,187000.0,False
F04945,3.7,False,rice,diesel_tubewell,0.919,0.217,0,,22,20000.0,True,184000.0,False
F04946,13.8,True,mango,diesel_tubewell,1.03,0.205,3,3.0,7,106000.0,False,1227000.0,False
F04947,10.0,False,mango,diesel_tubewell,0.914,0.267,2,3.5,18,45900.0,False,798000.0,True
F04948,5.1,True,wheat,canal,0.562,0.335,1,1.5,27,6900.0,True,154000.0,True
F04949,4.0,True,cotton,canal,0.92,0.208,2,3.0,26,29400.0,False,282000.0,False
F04950,7.0,False,wheat,canal,0.976,0.246,7,3.0,35,31200.0,False,513000.0,False
F04951,8.5,False,mango,rainfed,0.55,0.425,7,3.0,27,61000.0,False,553000.0,True
F04952,2.4,False,wheat,canal,1.299,0.219,0,,34,11300.0,False,154000.0,False
F04953,3.9,False,rice,canal,0.8,0.19,0,,32,21300.0,True,169000.0,False
F04954,1.2,False,rice,canal,1.209,0.122,3,3.0,26,7900.0,False,153000.0,False
F04955,8.4,False,rice,rainfed,0.991,0.323,1,3.5,13,21700.0,False,479000.0,False
F04956,15.5,True,rice,canal,1.426,0.134,8,4.5,26,134700.0,False,1493000.0,False
F04957,4.3,True,sugarcane,diesel_tubewell,1.161,0.061,5,3.0,1,41200.0,False,574000.0,False
F04958,1.0,False,rice,canal,0.826,0.272,2,2.5,9,7600.0,True,86000.0,False
F04959,6.0,False,wheat,canal,1.114,0.158,3,4.0,17,34900.0,False,431000.0,False
F04960,2.3,False,cotton,diesel_tubewell,1.213,0.089,1,4.0,13,13800.0,False,209000.0,False
F04961,2.6,False,rice,diesel_tubewell,0.763,0.32,3,2.0,10,11700.0,False,157000.0,False
F04962,6.1,True,wheat,diesel_tubewell,0.992,0.11,2,4.0,2,3800.0,True,366000.0,False
F04963,4.8,False,sugarcane,canal,1.117,0.216,3,4.5,33,79100.0,False,595000.0,True
F04964,3.0,False,wheat,rainfed,0.756,0.348,1,3.5,20,8800.0,False,141000.0,True
F04965,2.7,False,mango,diesel_tubewell,0.613,0.221,1,2.5,16,15200.0,True,155000.0,False
F04966,4.4,False,wheat,rainfed,0.926,0.287,2,4.0,35,3800.0,False,268000.0,False
F04967,3.1,False,sugarcane,canal,0.959,0.27,1,2.5,28,15500.0,False,288000.0,False
F04968,2.0,False,wheat,canal,1.23,0.154,2,4.0,24,17300.0,False,188000.0,False
F04969,3.3,False,cotton,canal,0.981,0.274,3,4.0,15,43600.0,True,304000.0,False
F04970,5.1,False,wheat,solar_pump,0.993,0.128,2,3.5,15,30300.0,False,309000.0,True
F04971,3.6,True,rice,solar_pump,1.203,0.193,0,,15,23800.0,True,234000.0,False
F04972,1.6,False,wheat,diesel_tubewell,1.085,0.182,2,2.5,11,8500.0,True,128000.0,False
F04973,7.7,False,sugarcane,canal,0.944,0.364,2,4.0,34,59600.0,False,721000.0,False
F04974,0.7,False,rice,canal,0.962,0.182,1,3.0,18,4700.0,True,61000.0,True
F04975,3.0,False,banana,canal,1.134,0.354,4,3.5,17,42300.0,True,453000.0,False
F04976,2.7,True,sugarcane,rainfed,0.769,0.273,6,2.5,12,38800.0,True,312000.0,True
F04977,4.5,False,rice,canal,0.503,0.388,4,2.5,14,14700.0,True,206000.0,True
F04978,5.8,True,mango,canal,1.004,0.239,3,4.0,34,47900.0,False,571000.0,False
F04979,8.4,True,wheat,canal,1.029,0.159,4,3.0,29,36900.0,False,528000.0,False
F04980,2.6,False,rice,canal,1.031,0.243,5,3.5,26,21600.0,True,291000.0,False
F04981,5.9,False,cotton,rainfed,0.712,0.296,3,3.0,24,41000.0,False,340000.0,True
F04982,4.6,False,sugarcane,canal,0.965,0.234,3,3.5,9,47700.0,True,487000.0,True
F04983,1.3,False,wheat,rainfed,0.994,0.296,3,4.0,4,15300.0,True,164000.0,False
F04984,13.9,True,cotton,diesel_tubewell,0.988,0.184,4,3.5,16,77400.0,False,982000.0,False
F04985,1.6,False,rice,diesel_tubewell,1.224,0.129,0,,23,5700.0,False,106000.0,False
F04986,5.3,True,cotton,diesel_tubewell,0.853,0.265,2,2.5,0,0.0,True,326000.0,False
F04987,5.2,False,wheat,diesel_tubewell,1.205,0.142,7,4.0,0,0.0,True,544000.0,False
F04988,4.9,False,cotton,diesel_tubewell,1.135,0.143,3,2.5,0,0.0,False,413000.0,False
F04989,2.9,False,mango,canal,1.136,0.26,3,4.5,0,0.0,False,379000.0,False
F04990,6.9,True,wheat,rainfed,0.684,0.37,5,3.0,16,20500.0,True,359000.0,False
F04991,1.5,False,cotton,canal,0.853,0.167,0,,18,8400.0,True,81000.0,True
F04992,3.9,False,banana,canal,0.68,0.227,1,3.0,16,34300.0,True,288000.0,False
F04993,2.8,False,mango,canal,0.929,0.14,2,2.0,3,27100.0,True,244000.0,False
F04994,2.6,True,wheat,diesel_tubewell,1.089,0.239,5,3.5,0,0.0,True,286000.0,True
F04995,5.4,False,cotton,canal,0.81,0.324,1,2.5,23,28400.0,True,297000.0,False
F04996,8.2,False,wheat,canal,0.952,0.191,8,2.5,13,10100.0,True,553000.0,False
F04997,3.2,False,banana,canal,1.199,0.213,4,4.5,4,67700.0,True,530000.0,False
F04998,6.7,True,cotton,canal,1.055,0.341,5,2.0,10,47000.0,True,529000.0,True
F04999,4.2,False,cotton,canal,0.921,0.152,2,2.5,9,25600.0,False,285000.0,False
F05000,2.3,True,wheat,rainfed,0.617,0.354,2,3.0,10,16200.0,True,120000.0,False
